medicine_name,dosage,pharmacy_name,latitude,longitude,nppa_ceiling_price,price,discount_pct,is_synthetic
5-aminosalicylic Acid,"Suppository 500 mg 
Retention Enema",Demo Pharmacy 1,26.4499,80.3319,16.86,15.73,6.7,True
5-aminosalicylic Acid,"Suppository 500 mg 
Retention Enema",Demo Pharmacy 5,26.448,80.31,16.86,13.13,22.1,True
5-aminosalicylic Acid,"Suppository 500 mg 
Retention Enema",Demo Pharmacy 3,26.47,80.34,16.86,13.44,20.3,True
5-aminosalicylic Acid,"Suppository 500 mg 
Retention Enema",Demo Pharmacy 2,26.461,80.32,16.86,12.35,26.8,True
5-aminosalicylic Acid,"Suppository 500 mg 
Retention Enema",Demo Pharmacy 4,26.455,80.355,16.86,16.42,2.6,True
5-aminosalicylic Acid,Tablet 400 mg,Demo Pharmacy 1,26.4499,80.3319,7.45,6.93,7.0,True
5-aminosalicylic Acid,Tablet 400 mg,Demo Pharmacy 5,26.448,80.31,7.45,6.1,18.1,True
5-aminosalicylic Acid,Tablet 400 mg,Demo Pharmacy 4,26.455,80.355,7.45,6.2,16.8,True
5-aminosalicylic Acid,Tablet 400 mg,Demo Pharmacy 3,26.47,80.34,7.45,5.85,21.5,True
5-Fluorouracil,Injection 250 mg/5 ml,Demo Pharmacy 5,26.448,80.31,2.33,1.76,24.3,True
5-Fluorouracil,Injection 250 mg/5 ml,Demo Pharmacy 4,26.455,80.355,2.33,2.33,0.2,True
5-Fluorouracil,Injection 250 mg/5 ml,Demo Pharmacy 1,26.4499,80.3319,2.33,1.77,24.2,True
5-Fluorouracil,Injection 250 mg/5 ml,Demo Pharmacy 2,26.461,80.32,2.33,1.84,20.9,True
5-Fluorouracil,Injection 250 mg/5 ml,Demo Pharmacy 3,26.47,80.34,2.33,2.09,10.2,True
6-Mercaptopurine,Tablet 50mg,Demo Pharmacy 2,26.461,80.32,6.44,6.26,2.8,True
6-Mercaptopurine,Tablet 50mg,Demo Pharmacy 3,26.47,80.34,6.44,6.25,2.9,True
6-Mercaptopurine,Tablet 50mg,Demo Pharmacy 1,26.4499,80.3319,6.44,4.8,25.4,True
Abacavir,Tablet 300 mg,Demo Pharmacy 3,26.47,80.34,47.02,33.29,29.2,True
Abacavir,Tablet 300 mg,Demo Pharmacy 1,26.4499,80.3319,47.02,41.68,11.4,True
Abacavir,Tablet 300 mg,Demo Pharmacy 5,26.448,80.31,47.02,39.23,16.6,True
Abacavir,Tablet 300 mg,Demo Pharmacy 2,26.461,80.32,47.02,35.32,24.9,True
Abacavir,Tablet 300 mg,Demo Pharmacy 4,26.455,80.355,47.02,38.3,18.6,True
"Abacavir (A) + Lamivudine 
(B)",Tablet 60 mg(A) + 30 mg(B),Demo Pharmacy 5,26.448,80.31,20.02,19.74,1.4,True
"Abacavir (A) + Lamivudine 
(B)",Tablet 60 mg(A) + 30 mg(B),Demo Pharmacy 2,26.461,80.32,20.02,18.65,6.8,True
"Abacavir (A) + Lamivudine 
(B)",Tablet 60 mg(A) + 30 mg(B),Demo Pharmacy 3,26.47,80.34,20.02,18.28,8.7,True
"Abacavir (A) + Lamivudine 
(B)",Tablet 60 mg(A) + 30 mg(B),Demo Pharmacy 1,26.4499,80.3319,20.02,19.54,2.4,True
"Abacavir (A) + Lamivudine 
(B)","Tablet 600 mg(A)+ 300 
mg(B)",Demo Pharmacy 1,26.4499,80.3319,90.86,78.5,13.6,True
"Abacavir (A) + Lamivudine 
(B)","Tablet 600 mg(A)+ 300 
mg(B)",Demo Pharmacy 4,26.455,80.355,90.86,68.12,25.0,True
"Abacavir (A) + Lamivudine 
(B)","Tablet 600 mg(A)+ 300 
mg(B)",Demo Pharmacy 2,26.461,80.32,90.86,86.43,4.9,True
Acetazolamide,Capsule 250 mg,Demo Pharmacy 2,26.461,80.32,4.51,3.69,18.3,True
Acetazolamide,Capsule 250 mg,Demo Pharmacy 3,26.47,80.34,4.51,4.28,5.1,True
Acetazolamide,Capsule 250 mg,Demo Pharmacy 4,26.455,80.355,4.51,3.52,21.9,True
Acetazolamide,Capsule 250 mg,Demo Pharmacy 1,26.4499,80.3319,4.51,4.29,4.9,True
Acetazolamide,Tablet 250 mg,Demo Pharmacy 3,26.47,80.34,3.65,2.73,25.3,True
Acetazolamide,Tablet 250 mg,Demo Pharmacy 2,26.461,80.32,3.65,2.8,23.3,True
Acetazolamide,Tablet 250 mg,Demo Pharmacy 5,26.448,80.31,3.65,3.4,6.9,True
Acetazolamide,Tablet 250 mg,Demo Pharmacy 4,26.455,80.355,3.65,3.61,1.0,True
Acetylsalicylic acid,"Effervescent/ Dispersible/ 
Enteric coated Tablet 100 mg",Demo Pharmacy 4,26.455,80.355,0.18,0.13,27.4,True
Acetylsalicylic acid,"Effervescent/ Dispersible/ 
Enteric coated Tablet 100 mg",Demo Pharmacy 3,26.47,80.34,0.18,0.15,17.0,True
Acetylsalicylic acid,"Effervescent/ Dispersible/ 
Enteric coated Tablet 100 mg",Demo Pharmacy 1,26.4499,80.3319,0.18,0.14,21.5,True
Acetylsalicylic acid,"Effervescent/ Dispersible/ 
Enteric coated Tablet 100 mg",Demo Pharmacy 5,26.448,80.31,0.18,0.17,6.4,True
Acetylsalicylic acid,"Effervescent/ Dispersible/ 
Enteric coated Tablet 150 mg",Demo Pharmacy 4,26.455,80.355,1.2,1.15,4.2,True
Acetylsalicylic acid,"Effervescent/ Dispersible/ 
Enteric coated Tablet 150 mg",Demo Pharmacy 5,26.448,80.31,1.2,0.93,22.3,True
Acetylsalicylic acid,"Effervescent/ Dispersible/ 
Enteric coated Tablet 150 mg",Demo Pharmacy 1,26.4499,80.3319,1.2,1.01,16.2,True
Acetylsalicylic acid,"Effervescent/ Dispersible/ 
Enteric coated Tablet 150 mg",Demo Pharmacy 2,26.461,80.32,1.2,0.93,22.4,True
Acetylsalicylic acid,"Effervescent/ Dispersible/ 
Enteric coated Tablet 75 mg",Demo Pharmacy 5,26.448,80.31,1.22,0.85,29.9,True
Acetylsalicylic acid,"Effervescent/ Dispersible/ 
Enteric coated Tablet 75 mg",Demo Pharmacy 4,26.455,80.355,1.22,1.17,4.1,True
Acetylsalicylic acid,"Effervescent/ Dispersible/ 
Enteric coated Tablet 75 mg",Demo Pharmacy 2,26.461,80.32,1.22,1.04,14.8,True
Acetylsalicylic acid,"Effervescent/ Dispersible/ 
Enteric coated Tablet 75 mg",Demo Pharmacy 1,26.4499,80.3319,1.22,0.94,22.7,True
Acetylsalicylic acid,Tablet 100 mg,Demo Pharmacy 2,26.461,80.32,0.17,0.15,12.7,True
Acetylsalicylic acid,Tablet 100 mg,Demo Pharmacy 5,26.448,80.31,0.17,0.17,1.9,True
Acetylsalicylic acid,Tablet 100 mg,Demo Pharmacy 3,26.47,80.34,0.17,0.15,11.4,True
Acetylsalicylic acid,Tablet 150 mg,Demo Pharmacy 5,26.448,80.31,0.41,0.33,20.4,True
Acetylsalicylic acid,Tablet 150 mg,Demo Pharmacy 3,26.47,80.34,0.41,0.4,3.4,True
Acetylsalicylic acid,Tablet 150 mg,Demo Pharmacy 4,26.455,80.355,0.41,0.3,26.5,True
Acetylsalicylic acid,Tablet 150 mg,Demo Pharmacy 1,26.4499,80.3319,0.41,0.32,22.5,True
Acetylsalicylic acid,Tablet 325mg,Demo Pharmacy 3,26.47,80.34,0.55,0.48,13.6,True
Acetylsalicylic acid,Tablet 325mg,Demo Pharmacy 1,26.4499,80.3319,0.55,0.39,28.6,True
Acetylsalicylic acid,Tablet 325mg,Demo Pharmacy 2,26.461,80.32,0.55,0.41,26.3,True
Acetylsalicylic acid,Tablet 325mg,Demo Pharmacy 5,26.448,80.31,0.55,0.51,7.9,True
Acetylsalicylic acid,Tablet 325mg,Demo Pharmacy 4,26.455,80.355,0.55,0.47,15.0,True
Acetylsalicylic acid,Tablet 350mg,Demo Pharmacy 5,26.448,80.31,0.31,0.28,9.0,True
Acetylsalicylic acid,Tablet 350mg,Demo Pharmacy 1,26.4499,80.3319,0.31,0.25,19.2,True
Acetylsalicylic acid,Tablet 350mg,Demo Pharmacy 3,26.47,80.34,0.31,0.25,18.3,True
Acetylsalicylic acid,Tablet 75 mg,Demo Pharmacy 3,26.47,80.34,0.31,0.22,28.6,True
Acetylsalicylic acid,Tablet 75 mg,Demo Pharmacy 2,26.461,80.32,0.31,0.22,27.7,True
Acetylsalicylic acid,Tablet 75 mg,Demo Pharmacy 5,26.448,80.31,0.31,0.22,27.6,True
Actinomycin D,Powder for Injection 0.5mg,Demo Pharmacy 3,26.47,80.34,316.2,232.84,26.4,True
Actinomycin D,Powder for Injection 0.5mg,Demo Pharmacy 4,26.455,80.355,316.2,237.31,24.9,True
Actinomycin D,Powder for Injection 0.5mg,Demo Pharmacy 1,26.4499,80.3319,316.2,287.03,9.2,True
Actinomycin D,Powder for Injection 0.5mg,Demo Pharmacy 5,26.448,80.31,316.2,310.71,1.7,True
Actinomycin D,Powder for Injection 0.5mg,Demo Pharmacy 2,26.461,80.32,316.2,232.91,26.3,True
Acyclovir,Ointment 3%,Demo Pharmacy 1,26.4499,80.3319,10.38,7.33,29.3,True
Acyclovir,Ointment 3%,Demo Pharmacy 4,26.455,80.355,10.38,8.72,16.0,True
Acyclovir,Ointment 3%,Demo Pharmacy 5,26.448,80.31,10.38,9.99,3.8,True
Acyclovir,Oral Liquid 400 mg/5ml,Demo Pharmacy 4,26.455,80.355,1.26,0.91,27.9,True
Acyclovir,Oral Liquid 400 mg/5ml,Demo Pharmacy 2,26.461,80.32,1.26,0.97,22.7,True
Acyclovir,Oral Liquid 400 mg/5ml,Demo Pharmacy 5,26.448,80.31,1.26,1.0,20.7,True
Acyclovir,Oral Liquid 400 mg/5ml,Demo Pharmacy 3,26.47,80.34,1.26,0.99,21.4,True
Acyclovir,Oral Liquid 400 mg/5ml,Demo Pharmacy 1,26.4499,80.3319,1.26,1.11,12.0,True
Acyclovir,Tablet 200 mg,Demo Pharmacy 3,26.47,80.34,6.75,6.25,7.4,True
Acyclovir,Tablet 200 mg,Demo Pharmacy 4,26.455,80.355,6.75,6.62,1.9,True
Acyclovir,Tablet 200 mg,Demo Pharmacy 5,26.448,80.31,6.75,6.71,0.6,True
Acyclovir,Tablet 200 mg,Demo Pharmacy 2,26.461,80.32,6.75,5.63,16.6,True
Acyclovir,Tablet 200 mg,Demo Pharmacy 1,26.4499,80.3319,6.75,5.56,17.7,True
Acyclovir,Tablet 400 mg,Demo Pharmacy 1,26.4499,80.3319,12.27,12.02,2.0,True
Acyclovir,Tablet 400 mg,Demo Pharmacy 5,26.448,80.31,12.27,12.15,0.9,True
Acyclovir,Tablet 400 mg,Demo Pharmacy 4,26.455,80.355,12.27,11.05,9.9,True
Acyclovir,Powder for Injection 250 mg,Demo Pharmacy 2,26.461,80.32,354.27,296.96,16.2,True
Acyclovir,Powder for Injection 250 mg,Demo Pharmacy 3,26.47,80.34,354.27,277.39,21.7,True
Acyclovir,Powder for Injection 250 mg,Demo Pharmacy 4,26.455,80.355,354.27,260.49,26.5,True
Acyclovir,Powder for Injection 250 mg,Demo Pharmacy 5,26.448,80.31,354.27,293.03,17.3,True
Acyclovir,Powder for Injection 250 mg,Demo Pharmacy 1,26.4499,80.3319,354.27,328.44,7.3,True
Acyclovir,Powder for Injection 500 mg,Demo Pharmacy 4,26.455,80.355,457.58,367.12,19.8,True
Acyclovir,Powder for Injection 500 mg,Demo Pharmacy 2,26.461,80.32,457.58,408.94,10.6,True
Acyclovir,Powder for Injection 500 mg,Demo Pharmacy 1,26.4499,80.3319,457.58,401.15,12.3,True
Acyclovir,Powder for Injection 500 mg,Demo Pharmacy 3,26.47,80.34,457.58,339.0,25.9,True
Adenosine,Injection 3mg/ml,Demo Pharmacy 1,26.4499,80.3319,98.17,76.72,21.8,True
Adenosine,Injection 3mg/ml,Demo Pharmacy 5,26.448,80.31,98.17,74.59,24.0,True
Adenosine,Injection 3mg/ml,Demo Pharmacy 2,26.461,80.32,98.17,94.95,3.3,True
Adrenaline,Injection 1 mg/ml,Demo Pharmacy 2,26.461,80.32,15.61,13.63,12.7,True
Adrenaline,Injection 1 mg/ml,Demo Pharmacy 4,26.455,80.355,15.61,14.31,8.4,True
Adrenaline,Injection 1 mg/ml,Demo Pharmacy 1,26.4499,80.3319,15.61,14.44,7.5,True
Albendazole,Oral Liquid 200 mg/5ml,Demo Pharmacy 4,26.455,80.355,1.59,1.28,19.6,True
Albendazole,Oral Liquid 200 mg/5ml,Demo Pharmacy 1,26.4499,80.3319,1.59,1.33,16.2,True
Albendazole,Oral Liquid 200 mg/5ml,Demo Pharmacy 5,26.448,80.31,1.59,1.58,0.4,True
Albendazole,Tablet 400 mg,Demo Pharmacy 2,26.461,80.32,7.68,6.56,14.6,True
Albendazole,Tablet 400 mg,Demo Pharmacy 5,26.448,80.31,7.68,7.19,6.4,True
Albendazole,Tablet 400 mg,Demo Pharmacy 4,26.455,80.355,7.68,6.76,12.0,True
Allopurinol,Tablet 100 mg,Demo Pharmacy 2,26.461,80.32,1.9,1.34,29.6,True
Allopurinol,Tablet 100 mg,Demo Pharmacy 4,26.455,80.355,1.9,1.75,8.0,True
Allopurinol,Tablet 100 mg,Demo Pharmacy 1,26.4499,80.3319,1.9,1.45,23.5,True
Allopurinol,Tablet 300 mg,Demo Pharmacy 3,26.47,80.34,7.46,7.11,4.6,True
Allopurinol,Tablet 300 mg,Demo Pharmacy 4,26.455,80.355,7.46,6.8,8.9,True
Allopurinol,Tablet 300 mg,Demo Pharmacy 5,26.448,80.31,7.46,5.29,29.1,True
Allopurinol,Tablet 300 mg,Demo Pharmacy 2,26.461,80.32,7.46,6.16,17.4,True
All-trans Retinoic Acid,Capsule 10 mg,Demo Pharmacy 1,26.4499,80.3319,81.56,69.26,15.1,True
All-trans Retinoic Acid,Capsule 10 mg,Demo Pharmacy 3,26.47,80.34,81.56,60.7,25.6,True
All-trans Retinoic Acid,Capsule 10 mg,Demo Pharmacy 5,26.448,80.31,81.56,77.71,4.7,True
All-trans Retinoic Acid,Capsule 10 mg,Demo Pharmacy 4,26.455,80.355,81.56,58.05,28.8,True
All-trans Retinoic Acid,Capsule 10 mg,Demo Pharmacy 2,26.461,80.32,81.56,79.6,2.4,True
Alprostadil,Injection 0.5 mg/ml,Demo Pharmacy 1,26.4499,80.3319,5646.64,4186.73,25.9,True
Alprostadil,Injection 0.5 mg/ml,Demo Pharmacy 5,26.448,80.31,5646.64,4962.65,12.1,True
Alprostadil,Injection 0.5 mg/ml,Demo Pharmacy 3,26.47,80.34,5646.64,4051.58,28.2,True
Alteplase,Powder for Injection 20 mg,Demo Pharmacy 2,26.461,80.32,18938.45,15203.56,19.7,True
Alteplase,Powder for Injection 20 mg,Demo Pharmacy 1,26.4499,80.3319,18938.45,15727.09,17.0,True
Alteplase,Powder for Injection 20 mg,Demo Pharmacy 3,26.47,80.34,18938.45,17140.98,9.5,True
Alteplase,Powder for Injection 20 mg,Demo Pharmacy 4,26.455,80.355,18938.45,17456.9,7.8,True
Alteplase,Powder for Injection 20 mg,Demo Pharmacy 5,26.448,80.31,18938.45,15133.38,20.1,True
Alteplase,Powder for Injection 50 mg,Demo Pharmacy 2,26.461,80.32,39541.63,31573.71,20.2,True
Alteplase,Powder for Injection 50 mg,Demo Pharmacy 3,26.47,80.34,39541.63,35982.92,9.0,True
Alteplase,Powder for Injection 50 mg,Demo Pharmacy 5,26.448,80.31,39541.63,35790.98,9.5,True
Alteplase,Powder for Injection 50 mg,Demo Pharmacy 1,26.4499,80.3319,39541.63,30622.65,22.6,True
Amiodarone,Injection 50 mg/ml,Demo Pharmacy 1,26.4499,80.3319,22.24,15.58,30.0,True
Amiodarone,Injection 50 mg/ml,Demo Pharmacy 4,26.455,80.355,22.24,15.59,29.9,True
Amiodarone,Injection 50 mg/ml,Demo Pharmacy 3,26.47,80.34,22.24,21.75,2.2,True
Amiodarone,Tablet 100 mg,Demo Pharmacy 5,26.448,80.31,5.7,4.1,28.0,True
Amiodarone,Tablet 100 mg,Demo Pharmacy 3,26.47,80.34,5.7,4.19,26.4,True
Amiodarone,Tablet 100 mg,Demo Pharmacy 1,26.4499,80.3319,5.7,4.2,26.4,True
Amiodarone,Tablet 200 mg,Demo Pharmacy 3,26.47,80.34,11.29,9.22,18.4,True
Amiodarone,Tablet 200 mg,Demo Pharmacy 2,26.461,80.32,11.29,7.95,29.6,True
Amiodarone,Tablet 200 mg,Demo Pharmacy 4,26.455,80.355,11.29,9.07,19.6,True
Amiodarone,Tablet 200 mg,Demo Pharmacy 5,26.448,80.31,11.29,11.26,0.2,True
Amitriptyline,Tablet 10 mg,Demo Pharmacy 3,26.47,80.34,2.28,1.67,26.7,True
Amitriptyline,Tablet 10 mg,Demo Pharmacy 1,26.4499,80.3319,2.28,1.77,22.3,True
Amitriptyline,Tablet 10 mg,Demo Pharmacy 4,26.455,80.355,2.28,2.17,4.7,True
Amitriptyline,Tablet 10 mg,Demo Pharmacy 2,26.461,80.32,2.28,2.09,8.5,True
Amitriptyline,Tablet 10 mg,Demo Pharmacy 5,26.448,80.31,2.28,2.14,6.3,True
Amitriptyline,Tablet 25 mg,Demo Pharmacy 2,26.461,80.32,2.25,2.08,7.5,True
Amitriptyline,Tablet 25 mg,Demo Pharmacy 3,26.47,80.34,2.25,1.64,27.2,True
Amitriptyline,Tablet 25 mg,Demo Pharmacy 4,26.455,80.355,2.25,2.22,1.5,True
Amitriptyline,Tablet 25 mg,Demo Pharmacy 5,26.448,80.31,2.25,1.82,19.0,True
Amitriptyline,Tablet 50 mg,Demo Pharmacy 1,26.4499,80.3319,5.79,4.68,19.1,True
Amitriptyline,Tablet 50 mg,Demo Pharmacy 5,26.448,80.31,5.79,5.33,7.9,True
Amitriptyline,Tablet 50 mg,Demo Pharmacy 2,26.461,80.32,5.79,4.5,22.2,True
Amitriptyline,Tablet 50 mg,Demo Pharmacy 4,26.455,80.355,5.79,4.83,16.6,True
Amitriptyline,Tablet 75 mg,Demo Pharmacy 5,26.448,80.31,5.59,4.01,28.4,True
Amitriptyline,Tablet 75 mg,Demo Pharmacy 1,26.4499,80.3319,5.59,4.43,20.7,True
Amitriptyline,Tablet 75 mg,Demo Pharmacy 4,26.455,80.355,5.59,5.34,4.5,True
Amitriptyline,Tablet 75 mg,Demo Pharmacy 3,26.47,80.34,5.59,5.53,1.1,True
Amlodipine,Tablet 10 mg,Demo Pharmacy 5,26.448,80.31,5.05,4.99,1.3,True
Amlodipine,Tablet 10 mg,Demo Pharmacy 2,26.461,80.32,5.05,4.5,10.9,True
Amlodipine,Tablet 10 mg,Demo Pharmacy 4,26.455,80.355,5.05,3.64,28.0,True
Amlodipine,Tablet 10 mg,Demo Pharmacy 1,26.4499,80.3319,5.05,3.58,29.2,True
Amlodipine,Tablet 2.5 mg,Demo Pharmacy 3,26.47,80.34,1.65,1.53,7.5,True
Amlodipine,Tablet 2.5 mg,Demo Pharmacy 2,26.461,80.32,1.65,1.6,3.1,True
Amlodipine,Tablet 2.5 mg,Demo Pharmacy 5,26.448,80.31,1.65,1.26,23.4,True
Amlodipine,Tablet 5mg,Demo Pharmacy 5,26.448,80.31,2.6,1.84,29.3,True
Amlodipine,Tablet 5mg,Demo Pharmacy 2,26.461,80.32,2.6,1.97,24.3,True
Amlodipine,Tablet 5mg,Demo Pharmacy 1,26.4499,80.3319,2.6,1.91,26.4,True
Amlodipine,Tablet 5mg,Demo Pharmacy 3,26.47,80.34,2.6,2.58,0.7,True
Amoxicillin,Capsule 250 mg,Demo Pharmacy 3,26.47,80.34,2.2,2.09,4.8,True
Amoxicillin,Capsule 250 mg,Demo Pharmacy 4,26.455,80.355,2.2,1.74,21.0,True
Amoxicillin,Capsule 250 mg,Demo Pharmacy 5,26.448,80.31,2.2,1.95,11.5,True
Amoxicillin,Capsule 250 mg,Demo Pharmacy 1,26.4499,80.3319,2.2,2.17,1.2,True
Amoxicillin,Capsule 250 mg,Demo Pharmacy 2,26.461,80.32,2.2,1.89,14.1,True
Amoxicillin,Oral Liquid 250 mg/5ml,Demo Pharmacy 4,26.455,80.355,1.34,1.01,24.6,True
Amoxicillin,Oral Liquid 250 mg/5ml,Demo Pharmacy 3,26.47,80.34,1.34,0.99,26.1,True
Amoxicillin,Oral Liquid 250 mg/5ml,Demo Pharmacy 2,26.461,80.32,1.34,1.25,6.7,True
Amoxicillin,Capsule 500mg,Demo Pharmacy 2,26.461,80.32,6.44,4.57,29.0,True
Amoxicillin,Capsule 500mg,Demo Pharmacy 4,26.455,80.355,6.44,5.9,8.4,True
Amoxicillin,Capsule 500mg,Demo Pharmacy 5,26.448,80.31,6.44,5.2,19.2,True
Amoxicillin,Capsule 500mg,Demo Pharmacy 3,26.47,80.34,6.44,5.67,12.0,True
Amoxicillin,Capsule 500mg,Demo Pharmacy 1,26.4499,80.3319,6.44,4.54,29.4,True
"Amoxicillin (A) + Clavulanic 
acid (B)","Dry Syrup 125 mg(A) + 31.25 
(B)/5 ml",Demo Pharmacy 3,26.47,80.34,2.16,1.78,17.4,True
"Amoxicillin (A) + Clavulanic 
acid (B)","Dry Syrup 125 mg(A) + 31.25 
(B)/5 ml",Demo Pharmacy 1,26.4499,80.3319,2.16,1.52,29.5,True
"Amoxicillin (A) + Clavulanic 
acid (B)","Dry Syrup 125 mg(A) + 31.25 
(B)/5 ml",Demo Pharmacy 4,26.455,80.355,2.16,2.14,1.1,True
"Amoxicillin (A) + Clavulanic 
acid (B)","Dry Syrup 125 mg(A) + 31.25 
(B)/5 ml",Demo Pharmacy 2,26.461,80.32,2.16,1.77,17.9,True
"Amoxicillin (A) + Clavulanic 
acid (B)","Dry Syrup 125 mg(A) + 31.25 
(B)/5 ml",Demo Pharmacy 5,26.448,80.31,2.16,1.94,10.4,True
"Amoxicillin (A) + Clavulanic 
acid (B)","Oral Liquid 200 mg(A) + 28.5 
mg(B)/5ml",Demo Pharmacy 4,26.455,80.355,1.8,1.66,7.6,True
"Amoxicillin (A) + Clavulanic 
acid (B)","Oral Liquid 200 mg(A) + 28.5 
mg(B)/5ml",Demo Pharmacy 1,26.4499,80.3319,1.8,1.42,21.3,True
"Amoxicillin (A) + Clavulanic 
acid (B)","Oral Liquid 200 mg(A) + 28.5 
mg(B)/5ml",Demo Pharmacy 2,26.461,80.32,1.8,1.8,0.1,True
"Amoxicillin (A) + Clavulanic 
acid (B)","Oral Liquid 200 mg(A) + 28.5 
mg(B)/5ml",Demo Pharmacy 5,26.448,80.31,1.8,1.3,27.8,True
"Amoxicillin (A) + Clavulanic 
acid (B)","Powder for Injection 500 
mg(A) + 100 mg(B)",Demo Pharmacy 2,26.461,80.32,89.76,72.98,18.7,True
"Amoxicillin (A) + Clavulanic 
acid (B)","Powder for Injection 500 
mg(A) + 100 mg(B)",Demo Pharmacy 3,26.47,80.34,89.76,71.9,19.9,True
"Amoxicillin (A) + Clavulanic 
acid (B)","Powder for Injection 500 
mg(A) + 100 mg(B)",Demo Pharmacy 5,26.448,80.31,89.76,86.4,3.7,True
"Amoxicillin (A) + Clavulanic 
acid (B)","Powder for Injection 500 
mg(A) + 100 mg(B)",Demo Pharmacy 1,26.4499,80.3319,89.76,65.52,27.0,True
"Amoxicillin (A) + Clavulanic 
acid (B)","Powder for Injection 500 
mg(A) + 100 mg(B)",Demo Pharmacy 4,26.455,80.355,89.76,76.1,15.2,True
"Amoxicillin (A) +Clavulanic 
acid (B)",Tablet 500mg(A) +125mg(B),Demo Pharmacy 4,26.455,80.355,17.91,16.88,5.8,True
"Amoxicillin (A) +Clavulanic 
acid (B)",Tablet 500mg(A) +125mg(B),Demo Pharmacy 3,26.47,80.34,17.91,14.34,19.9,True
"Amoxicillin (A) +Clavulanic 
acid (B)",Tablet 500mg(A) +125mg(B),Demo Pharmacy 2,26.461,80.32,17.91,15.87,11.4,True
"Amoxicillin (A) +Clavulanic 
acid (B)",Tablet 500mg(A) +125mg(B),Demo Pharmacy 5,26.448,80.31,17.91,13.89,22.4,True
"Amoxicillin (A) +Clavulanic 
acid (B)",Tablet 500mg(A) +125mg(B),Demo Pharmacy 1,26.4499,80.3319,17.91,16.97,5.2,True
"Amoxicillin (A) +Clavulanic 
acid (B)","Powder for Injection 1g (A) 
+200mg(B)",Demo Pharmacy 3,26.47,80.34,125.22,114.44,8.6,True
"Amoxicillin (A) +Clavulanic 
acid (B)","Powder for Injection 1g (A) 
+200mg(B)",Demo Pharmacy 4,26.455,80.355,125.22,109.07,12.9,True
"Amoxicillin (A) +Clavulanic 
acid (B)","Powder for Injection 1g (A) 
+200mg(B)",Demo Pharmacy 5,26.448,80.31,125.22,103.43,17.4,True
"Amoxicillin (A) +Clavulanic 
acid (B)","Powder for Injection 1g (A) 
+200mg(B)",Demo Pharmacy 1,26.4499,80.3319,125.22,100.63,19.6,True
"Amoxicillin (A) +Clavulanic 
acid (B)","Powder for Injection 1g (A) 
+200mg(B)",Demo Pharmacy 2,26.461,80.32,125.22,107.75,13.9,True
Amphotericin B (Lipid),Powder for Injection 50 mg,Demo Pharmacy 2,26.461,80.32,3195.93,2564.24,19.8,True
Amphotericin B (Lipid),Powder for Injection 50 mg,Demo Pharmacy 4,26.455,80.355,3195.93,2923.84,8.5,True
Amphotericin B (Lipid),Powder for Injection 50 mg,Demo Pharmacy 3,26.47,80.34,3195.93,2559.44,19.9,True
Amphotericin B (Lipid),Powder for Injection 50 mg,Demo Pharmacy 1,26.4499,80.3319,3195.93,2602.2,18.6,True
Amphotericin B (Liposomal),Powder for Injection 50 mg,Demo Pharmacy 2,26.461,80.32,7444.31,5643.02,24.2,True
Amphotericin B (Liposomal),Powder for Injection 50 mg,Demo Pharmacy 3,26.47,80.34,7444.31,7115.23,4.4,True
Amphotericin B (Liposomal),Powder for Injection 50 mg,Demo Pharmacy 1,26.4499,80.3319,7444.31,7341.1,1.4,True
"Amphotericin B – 
Conventional",Powder for Injection 50 mg,Demo Pharmacy 5,26.448,80.31,308.82,226.72,26.6,True
"Amphotericin B – 
Conventional",Powder for Injection 50 mg,Demo Pharmacy 1,26.4499,80.3319,308.82,255.49,17.3,True
"Amphotericin B – 
Conventional",Powder for Injection 50 mg,Demo Pharmacy 2,26.461,80.32,308.82,242.27,21.6,True
"Amphotericin B – 
Conventional",Powder for Injection 50 mg,Demo Pharmacy 3,26.47,80.34,308.82,273.25,11.5,True
Ampicillin,Powder for Injection 1 gm,Demo Pharmacy 2,26.461,80.32,21.28,15.58,26.8,True
Ampicillin,Powder for Injection 1 gm,Demo Pharmacy 5,26.448,80.31,21.28,15.79,25.8,True
Ampicillin,Powder for Injection 1 gm,Demo Pharmacy 3,26.47,80.34,21.28,15.63,26.6,True
Ampicillin,Powder for Injection 1 gm,Demo Pharmacy 1,26.4499,80.3319,21.28,16.31,23.4,True
Ampicillin,Powder for Injection 500 mg,Demo Pharmacy 2,26.461,80.32,13.11,10.92,16.7,True
Ampicillin,Powder for Injection 500 mg,Demo Pharmacy 4,26.455,80.355,13.11,9.5,27.5,True
Ampicillin,Powder for Injection 500 mg,Demo Pharmacy 1,26.4499,80.3319,13.11,12.63,3.6,True
Anti-D immunoglobulin,Injection 300mcg,Demo Pharmacy 4,26.455,80.355,2128.25,1737.09,18.4,True
Anti-D immunoglobulin,Injection 300mcg,Demo Pharmacy 3,26.47,80.34,2128.25,1669.01,21.6,True
Anti-D immunoglobulin,Injection 300mcg,Demo Pharmacy 2,26.461,80.32,2128.25,1805.96,15.1,True
Anti-D Immunoglobulin,Injection 150mcg,Demo Pharmacy 4,26.455,80.355,1658.9,1529.91,7.8,True
Anti-D Immunoglobulin,Injection 150mcg,Demo Pharmacy 2,26.461,80.32,1658.9,1535.86,7.4,True
Anti-D Immunoglobulin,Injection 150mcg,Demo Pharmacy 3,26.47,80.34,1658.9,1341.56,19.1,True
Anti-D Immunoglobulin,Injection 150mcg,Demo Pharmacy 5,26.448,80.31,1658.9,1277.78,23.0,True
Anti-D Immunoglobulin,Injection 150mcg,Demo Pharmacy 1,26.4499,80.3319,1658.9,1399.46,15.6,True
Anti-rabies immunoglobulin,Injection 150 IU/ml,Demo Pharmacy 2,26.461,80.32,2766.21,2571.61,7.0,True
Anti-rabies immunoglobulin,Injection 150 IU/ml,Demo Pharmacy 3,26.47,80.34,2766.21,2487.5,10.1,True
Anti-rabies immunoglobulin,Injection 150 IU/ml,Demo Pharmacy 5,26.448,80.31,2766.21,2025.12,26.8,True
Anti-rabies immunoglobulin,Injection 150 IU/ml,Demo Pharmacy 1,26.4499,80.3319,2766.21,2699.34,2.4,True
Anti-rabies immunoglobulin,Injection 150 IU/ml,Demo Pharmacy 4,26.455,80.355,2766.21,2641.04,4.5,True
Anti-rabies immunoglobulin,Injection 300 IU/ml,Demo Pharmacy 2,26.461,80.32,97.52,85.6,12.2,True
Anti-rabies immunoglobulin,Injection 300 IU/ml,Demo Pharmacy 5,26.448,80.31,97.52,81.65,16.3,True
Anti-rabies immunoglobulin,Injection 300 IU/ml,Demo Pharmacy 1,26.4499,80.3319,97.52,85.36,12.5,True
Anti-rabies immunoglobulin,Injection 300 IU/ml,Demo Pharmacy 4,26.455,80.355,97.52,91.47,6.2,True
"Anti-tetanus 
immunoglobulin",250IU,Demo Pharmacy 4,26.455,80.355,1108.05,949.49,14.3,True
"Anti-tetanus 
immunoglobulin",250IU,Demo Pharmacy 1,26.4499,80.3319,1108.05,794.67,28.3,True
"Anti-tetanus 
immunoglobulin",250IU,Demo Pharmacy 3,26.47,80.34,1108.05,1008.79,9.0,True
"Anti-tetanus 
immunoglobulin",250IU,Demo Pharmacy 2,26.461,80.32,1108.05,978.41,11.7,True
Arsenic Trioxide,Injection 1mg/ml,Demo Pharmacy 5,26.448,80.31,54.14,49.71,8.2,True
Arsenic Trioxide,Injection 1mg/ml,Demo Pharmacy 2,26.461,80.32,54.14,46.25,14.6,True
Arsenic Trioxide,Injection 1mg/ml,Demo Pharmacy 4,26.455,80.355,54.14,47.82,11.7,True
Arsenic Trioxide,Injection 1mg/ml,Demo Pharmacy 1,26.4499,80.3319,54.14,43.28,20.1,True
"Artemether (A) + 
Lumefantrine (B)","Oral Liquid 80 mg(A) +480 
mg(B) /5ml",Demo Pharmacy 2,26.461,80.32,4.02,2.93,27.2,True
"Artemether (A) + 
Lumefantrine (B)","Oral Liquid 80 mg(A) +480 
mg(B) /5ml",Demo Pharmacy 4,26.455,80.355,4.02,3.31,17.8,True
"Artemether (A) + 
Lumefantrine (B)","Oral Liquid 80 mg(A) +480 
mg(B) /5ml",Demo Pharmacy 1,26.4499,80.3319,4.02,3.22,19.9,True
"Artemether (A) + 
Lumefantrine (B)","Oral Liquid 80 mg(A) +480 
mg(B) /5ml",Demo Pharmacy 3,26.47,80.34,4.02,3.92,2.5,True
"Artemether (A) + 
Lumefantrine (B)",Tablet 20 mg(A) + 120 mg(B),Demo Pharmacy 2,26.461,80.32,12.48,11.51,7.8,True
"Artemether (A) + 
Lumefantrine (B)",Tablet 20 mg(A) + 120 mg(B),Demo Pharmacy 4,26.455,80.355,12.48,11.25,9.8,True
"Artemether (A) + 
Lumefantrine (B)",Tablet 20 mg(A) + 120 mg(B),Demo Pharmacy 1,26.4499,80.3319,12.48,10.78,13.6,True
"Artemether (A) + 
Lumefantrine (B)",Tablet 20 mg(A) + 120 mg(B),Demo Pharmacy 3,26.47,80.34,12.48,11.22,10.1,True
"Artemether (A) + 
Lumefantrine (B)",Tablet 40 mg(A) + 240 mg(B),Demo Pharmacy 3,26.47,80.34,16.09,13.82,14.1,True
"Artemether (A) + 
Lumefantrine (B)",Tablet 40 mg(A) + 240 mg(B),Demo Pharmacy 4,26.455,80.355,16.09,12.47,22.5,True
"Artemether (A) + 
Lumefantrine (B)",Tablet 40 mg(A) + 240 mg(B),Demo Pharmacy 2,26.461,80.32,16.09,15.84,1.6,True
"Artemether (A) + 
Lumefantrine (B)",Tablet 40 mg(A) + 240 mg(B),Demo Pharmacy 1,26.4499,80.3319,16.09,11.5,28.6,True
"Artemether (A) + 
Lumefantrine (B)",Tablet 80 mg(A) + 480 mg(B),Demo Pharmacy 1,26.4499,80.3319,23.1,16.52,28.5,True
"Artemether (A) + 
Lumefantrine (B)",Tablet 80 mg(A) + 480 mg(B),Demo Pharmacy 5,26.448,80.31,23.1,21.72,6.0,True
"Artemether (A) + 
Lumefantrine (B)",Tablet 80 mg(A) + 480 mg(B),Demo Pharmacy 4,26.455,80.355,23.1,22.96,0.6,True
Artesunate,Powder for Injection 120 mg,Demo Pharmacy 2,26.461,80.32,414.9,331.57,20.1,True
Artesunate,Powder for Injection 120 mg,Demo Pharmacy 5,26.448,80.31,414.9,344.7,16.9,True
Artesunate,Powder for Injection 120 mg,Demo Pharmacy 4,26.455,80.355,414.9,387.77,6.5,True
Artesunate,Powder for Injection 60 mg,Demo Pharmacy 3,26.47,80.34,217.93,154.86,28.9,True
Artesunate,Powder for Injection 60 mg,Demo Pharmacy 5,26.448,80.31,217.93,210.86,3.2,True
Artesunate,Powder for Injection 60 mg,Demo Pharmacy 1,26.4499,80.3319,217.93,216.25,0.8,True
Artesunate,Powder for Injection 60 mg,Demo Pharmacy 4,26.455,80.355,217.93,197.53,9.4,True
Artesunate,Powder for Injection 60 mg,Demo Pharmacy 2,26.461,80.32,217.93,173.65,20.3,True
"Artesunate (A) + 
Sulphadoxine - 
Pyrimethamine (B)","Tablet 100 mg(A) + 1 Tablet 
(750 mg+ 37.5 mg) (B)",Demo Pharmacy 4,26.455,80.355,29.41,28.51,3.1,True
"Artesunate (A) + 
Sulphadoxine - 
Pyrimethamine (B)","Tablet 100 mg(A) + 1 Tablet 
(750 mg+ 37.5 mg) (B)",Demo Pharmacy 2,26.461,80.32,29.41,22.59,23.2,True
"Artesunate (A) + 
Sulphadoxine - 
Pyrimethamine (B)","Tablet 100 mg(A) + 1 Tablet 
(750 mg+ 37.5 mg) (B)",Demo Pharmacy 1,26.4499,80.3319,29.41,21.91,25.5,True
"Artesunate (A) + 
Sulphadoxine - 
Pyrimethamine (B)","Tablet 100 mg(A) + 1 Tablet 
(750 mg+ 37.5 mg) (B)",Demo Pharmacy 3,26.47,80.34,29.41,24.11,18.0,True
"Artesunate (A) + 
Sulphadoxine - 
Pyrimethamine (B)","Tablet 150 mg(A) + 2 Tablet 
(500 mg+ 25 mg) (B)",Demo Pharmacy 5,26.448,80.31,39.93,33.55,16.0,True
"Artesunate (A) + 
Sulphadoxine - 
Pyrimethamine (B)","Tablet 150 mg(A) + 2 Tablet 
(500 mg+ 25 mg) (B)",Demo Pharmacy 1,26.4499,80.3319,39.93,32.01,19.8,True
"Artesunate (A) + 
Sulphadoxine - 
Pyrimethamine (B)","Tablet 150 mg(A) + 2 Tablet 
(500 mg+ 25 mg) (B)",Demo Pharmacy 2,26.461,80.32,39.93,39.1,2.1,True
"Artesunate (A) + 
Sulphadoxine - 
Pyrimethamine (B)","Tablet 200 mg(A) + 2 Tablet 
(750 mg+ 37.5 mg) (B)",Demo Pharmacy 3,26.47,80.34,36.4,31.67,13.0,True
"Artesunate (A) + 
Sulphadoxine - 
Pyrimethamine (B)","Tablet 200 mg(A) + 2 Tablet 
(750 mg+ 37.5 mg) (B)",Demo Pharmacy 1,26.4499,80.3319,36.4,32.44,10.9,True
"Artesunate (A) + 
Sulphadoxine - 
Pyrimethamine (B)","Tablet 200 mg(A) + 2 Tablet 
(750 mg+ 37.5 mg) (B)",Demo Pharmacy 2,26.461,80.32,36.4,26.66,26.7,True
"Artesunate (A) + 
Sulphadoxine - 
Pyrimethamine (B)","Tablet 200 mg(A) + 2 Tablet 
(750 mg+ 37.5 mg) (B)",Demo Pharmacy 5,26.448,80.31,36.4,31.38,13.8,True
"Artesunate (A) + 
Sulphadoxine - 
Pyrimethamine (B)","Tablet 200 mg(A) + 2 Tablet 
(750 mg+ 37.5 mg) (B)",Demo Pharmacy 4,26.455,80.355,36.4,34.73,4.6,True
"Artesunate (A) + 
Sulphadoxine - 
Pyrimethamine (B)","Tablet 25 mg(A) + 1 Tablet 
(250 mg+ 12.5 mg) (B)",Demo Pharmacy 5,26.448,80.31,19.6,14.85,24.2,True
"Artesunate (A) + 
Sulphadoxine - 
Pyrimethamine (B)","Tablet 25 mg(A) + 1 Tablet 
(250 mg+ 12.5 mg) (B)",Demo Pharmacy 3,26.47,80.34,19.6,16.44,16.1,True
"Artesunate (A) + 
Sulphadoxine - 
Pyrimethamine (B)","Tablet 25 mg(A) + 1 Tablet 
(250 mg+ 12.5 mg) (B)",Demo Pharmacy 4,26.455,80.355,19.6,16.76,14.5,True
"Artesunate (A) + 
Sulphadoxine - 
Pyrimethamine (B)","1 Tablet 50 mg(A) + 1 Tablet 
(500 mg+ 25 mg) (B)",Demo Pharmacy 5,26.448,80.31,21.16,15.89,24.9,True
"Artesunate (A) + 
Sulphadoxine - 
Pyrimethamine (B)","1 Tablet 50 mg(A) + 1 Tablet 
(500 mg+ 25 mg) (B)",Demo Pharmacy 3,26.47,80.34,21.16,20.61,2.6,True
"Artesunate (A) + 
Sulphadoxine - 
Pyrimethamine (B)","1 Tablet 50 mg(A) + 1 Tablet 
(500 mg+ 25 mg) (B)",Demo Pharmacy 2,26.461,80.32,21.16,15.56,26.4,True
"Artesunate (A) + 
Sulphadoxine - 
Pyrimethamine (B)","1 Tablet 50 mg(A) + 1 Tablet 
(500 mg+ 25 mg) (B)",Demo Pharmacy 1,26.4499,80.3319,21.16,19.61,7.3,True
Ascorbic Acid (Vitamin C),Tablet 100mg,Demo Pharmacy 5,26.448,80.31,0.19,0.16,14.8,True
Ascorbic Acid (Vitamin C),Tablet 100mg,Demo Pharmacy 4,26.455,80.355,0.19,0.17,9.8,True
Ascorbic Acid (Vitamin C),Tablet 100mg,Demo Pharmacy 2,26.461,80.32,0.19,0.16,14.6,True
Ascorbic Acid (Vitamin C),Tablet 100mg,Demo Pharmacy 1,26.4499,80.3319,0.19,0.17,10.6,True
Ascorbic Acid (Vitamin C),Tablet 500 mg,Demo Pharmacy 3,26.47,80.34,1.37,1.14,16.7,True
Ascorbic Acid (Vitamin C),Tablet 500 mg,Demo Pharmacy 5,26.448,80.31,1.37,1.16,15.5,True
Ascorbic Acid (Vitamin C),Tablet 500 mg,Demo Pharmacy 4,26.455,80.355,1.37,1.29,5.7,True
Ascorbic Acid (Vitamin C),Tablet 500 mg,Demo Pharmacy 2,26.461,80.32,1.37,1.27,7.2,True
Iron sucrose,Injection 20 mg/ml,Demo Pharmacy 4,26.455,80.355,53.59,43.21,19.4,True
Iron sucrose,Injection 20 mg/ml,Demo Pharmacy 2,26.461,80.32,53.59,45.7,14.7,True
Iron sucrose,Injection 20 mg/ml,Demo Pharmacy 3,26.47,80.34,53.59,40.84,23.8,True
Iron sucrose,Injection 20 mg/ml,Demo Pharmacy 5,26.448,80.31,53.59,52.09,2.8,True
Isoflurane,Inhalation,Demo Pharmacy 4,26.455,80.355,10.42,8.34,19.9,True
Isoflurane,Inhalation,Demo Pharmacy 2,26.461,80.32,10.42,9.27,11.1,True
Isoflurane,Inhalation,Demo Pharmacy 5,26.448,80.31,10.42,8.69,16.6,True
Isoniazid,Tablet 100mg,Demo Pharmacy 4,26.455,80.355,0.68,0.62,8.1,True
Isoniazid,Tablet 100mg,Demo Pharmacy 3,26.47,80.34,0.68,0.63,7.5,True
Isoniazid,Tablet 100mg,Demo Pharmacy 2,26.461,80.32,0.68,0.66,3.6,True
Isoniazid,Tablet 100mg,Demo Pharmacy 5,26.448,80.31,0.68,0.64,5.8,True
Isoniazid,Tablet 300mg,Demo Pharmacy 5,26.448,80.31,1.19,1.11,6.5,True
Isoniazid,Tablet 300mg,Demo Pharmacy 2,26.461,80.32,1.19,1.02,14.5,True
Isoniazid,Tablet 300mg,Demo Pharmacy 1,26.4499,80.3319,1.19,0.93,21.7,True
Isosorbide 5 Mononitrate,Tablet 20 mg,Demo Pharmacy 5,26.448,80.31,3.27,3.05,6.8,True
Isosorbide 5 Mononitrate,Tablet 20 mg,Demo Pharmacy 3,26.47,80.34,3.27,3.09,5.4,True
Isosorbide 5 Mononitrate,Tablet 20 mg,Demo Pharmacy 1,26.4499,80.3319,3.27,3.26,0.4,True
Isosorbide 5 Mononitrate,Tablet 20 mg,Demo Pharmacy 4,26.455,80.355,3.27,2.75,16.0,True
Isosorbide 5 Mononitrate,Tablet 20 mg,Demo Pharmacy 2,26.461,80.32,3.27,3.0,8.2,True
Isosorbide dinitrate,Tablet 10 mg,Demo Pharmacy 5,26.448,80.31,0.73,0.52,28.3,True
Isosorbide dinitrate,Tablet 10 mg,Demo Pharmacy 3,26.47,80.34,0.73,0.59,19.1,True
Isosorbide dinitrate,Tablet 10 mg,Demo Pharmacy 4,26.455,80.355,0.73,0.57,22.6,True
Isosorbide dinitrate,Tablet 5 mg,Demo Pharmacy 1,26.4499,80.3319,0.75,0.64,14.4,True
Isosorbide dinitrate,Tablet 5 mg,Demo Pharmacy 3,26.47,80.34,0.75,0.67,10.2,True
Isosorbide dinitrate,Tablet 5 mg,Demo Pharmacy 2,26.461,80.32,0.75,0.53,29.0,True
Isosorbide-5-mononitrate,SR Capsule 30 mg,Demo Pharmacy 4,26.455,80.355,3.49,2.98,14.8,True
Isosorbide-5-mononitrate,SR Capsule 30 mg,Demo Pharmacy 1,26.4499,80.3319,3.49,2.89,17.3,True
Isosorbide-5-mononitrate,SR Capsule 30 mg,Demo Pharmacy 5,26.448,80.31,3.49,2.77,20.6,True
Isosorbide-5-mononitrate,SR Capsule 30 mg,Demo Pharmacy 2,26.461,80.32,3.49,3.33,4.6,True
Isosorbide-5-mononitrate,SR Capsule 60 mg,Demo Pharmacy 3,26.47,80.34,3.47,2.84,18.2,True
Isosorbide-5-mononitrate,SR Capsule 60 mg,Demo Pharmacy 1,26.4499,80.3319,3.47,2.65,23.7,True
Isosorbide-5-mononitrate,SR Capsule 60 mg,Demo Pharmacy 4,26.455,80.355,3.47,3.24,6.8,True
Isosorbide-5-mononitrate,SR Capsule 60 mg,Demo Pharmacy 5,26.448,80.31,3.47,2.93,15.7,True
Isosorbide-5-mononitrate,SR Capsule 60 mg,Demo Pharmacy 2,26.461,80.32,3.47,3.0,13.5,True
Isosorbide-5-mononitrate,SR Tablet 30 mg,Demo Pharmacy 3,26.47,80.34,4.88,3.99,18.3,True
Isosorbide-5-mononitrate,SR Tablet 30 mg,Demo Pharmacy 4,26.455,80.355,4.88,3.8,22.2,True
Isosorbide-5-mononitrate,SR Tablet 30 mg,Demo Pharmacy 2,26.461,80.32,4.88,3.49,28.4,True
Isosorbide-5-mononitrate,SR Tablet 30 mg,Demo Pharmacy 1,26.4499,80.3319,4.88,4.58,6.2,True
Isosorbide-5-mononitrate,SR Tablet 60 mg,Demo Pharmacy 3,26.47,80.34,6.37,5.91,7.2,True
Isosorbide-5-mononitrate,SR Tablet 60 mg,Demo Pharmacy 1,26.4499,80.3319,6.37,5.32,16.6,True
Isosorbide-5-mononitrate,SR Tablet 60 mg,Demo Pharmacy 4,26.455,80.355,6.37,6.07,4.7,True
Isosorbide-5-mononitrate,Tablet 10 mg,Demo Pharmacy 4,26.455,80.355,1.96,1.82,6.9,True
Isosorbide-5-mononitrate,Tablet 10 mg,Demo Pharmacy 5,26.448,80.31,1.96,1.54,21.2,True
Isosorbide-5-mononitrate,Tablet 10 mg,Demo Pharmacy 2,26.461,80.32,1.96,1.55,21.1,True
Isosorbide-5-mononitrate,Tablet 10 mg,Demo Pharmacy 1,26.4499,80.3319,1.96,1.69,13.6,True
Ispaghula,Granules/ Husk/ Powder,Demo Pharmacy 2,26.461,80.32,0.77,0.74,3.4,True
Ispaghula,Granules/ Husk/ Powder,Demo Pharmacy 3,26.47,80.34,0.77,0.72,6.7,True
Ispaghula,Granules/ Husk/ Powder,Demo Pharmacy 4,26.455,80.355,0.77,0.74,4.5,True
Ispaghula,Granules/ Husk/ Powder,Demo Pharmacy 1,26.4499,80.3319,0.77,0.71,8.0,True
Ispaghula,Granules/ Husk/ Powder,Demo Pharmacy 5,26.448,80.31,0.77,0.74,4.3,True
IUD containing Copper,As licensed,Demo Pharmacy 2,26.461,80.32,286.65,222.24,22.5,True
IUD containing Copper,As licensed,Demo Pharmacy 3,26.47,80.34,286.65,237.7,17.1,True
IUD containing Copper,As licensed,Demo Pharmacy 4,26.455,80.355,286.65,261.83,8.7,True
"Japanese Encephalitis 
Vaccine",4mcg to 6mcg,Demo Pharmacy 4,26.455,80.355,695.51,611.53,12.1,True
"Japanese Encephalitis 
Vaccine",4mcg to 6mcg,Demo Pharmacy 3,26.47,80.34,695.51,638.71,8.2,True
"Japanese Encephalitis 
Vaccine",4mcg to 6mcg,Demo Pharmacy 5,26.448,80.31,695.51,582.84,16.2,True
"Japanese Encephalitis 
Vaccine",up to 3mcg,Demo Pharmacy 1,26.4499,80.3319,529.88,433.91,18.1,True
"Japanese Encephalitis 
Vaccine",up to 3mcg,Demo Pharmacy 5,26.448,80.31,529.88,525.77,0.8,True
"Japanese Encephalitis 
Vaccine",up to 3mcg,Demo Pharmacy 2,26.461,80.32,529.88,493.49,6.9,True
"Japanese Encephalitis 
Vaccine",up to 3mcg,Demo Pharmacy 3,26.47,80.34,529.88,422.69,20.2,True
Kanamycin,Powder for Injection 1 gm,Demo Pharmacy 5,26.448,80.31,38.99,30.06,22.9,True
Kanamycin,Powder for Injection 1 gm,Demo Pharmacy 1,26.4499,80.3319,38.99,36.94,5.3,True
Kanamycin,Powder for Injection 1 gm,Demo Pharmacy 3,26.47,80.34,38.99,32.92,15.6,True
Kanamycin,Powder for Injection 1 gm,Demo Pharmacy 2,26.461,80.32,38.99,33.82,13.3,True
Kanamycin,Powder for Injection 1 gm,Demo Pharmacy 4,26.455,80.355,38.99,35.74,8.3,True
Kanamycin,Powder for Injection 500 mg,Demo Pharmacy 4,26.455,80.355,21.27,18.66,12.3,True
Kanamycin,Powder for Injection 500 mg,Demo Pharmacy 5,26.448,80.31,21.27,19.22,9.6,True
Kanamycin,Powder for Injection 500 mg,Demo Pharmacy 1,26.4499,80.3319,21.27,20.6,3.1,True
Kanamycin,Powder for Injection 500 mg,Demo Pharmacy 2,26.461,80.32,21.27,20.24,4.8,True
Kanamycin,Powder for Injection 500 mg,Demo Pharmacy 3,26.47,80.34,21.27,18.64,12.3,True
Kanamycin,Powder for Injection 750 mg,Demo Pharmacy 3,26.47,80.34,36.34,31.38,13.6,True
Kanamycin,Powder for Injection 750 mg,Demo Pharmacy 4,26.455,80.355,36.34,32.91,9.4,True
Kanamycin,Powder for Injection 750 mg,Demo Pharmacy 5,26.448,80.31,36.34,32.82,9.7,True
Kanamycin,Powder for Injection 750 mg,Demo Pharmacy 1,26.4499,80.3319,36.34,25.76,29.1,True
Ketamine,Injection 10 mg/ml,Demo Pharmacy 5,26.448,80.31,10.56,9.25,12.4,True
Ketamine,Injection 10 mg/ml,Demo Pharmacy 1,26.4499,80.3319,10.56,9.97,5.6,True
Ketamine,Injection 10 mg/ml,Demo Pharmacy 3,26.47,80.34,10.56,9.41,10.9,True
Ketamine,Injection 10 mg/ml,Demo Pharmacy 2,26.461,80.32,10.56,8.16,22.7,True
Ketamine,Injection 50 mg/ml,Demo Pharmacy 4,26.455,80.355,10.42,7.52,27.8,True
Ketamine,Injection 50 mg/ml,Demo Pharmacy 1,26.4499,80.3319,10.42,9.05,13.1,True
Ketamine,Injection 50 mg/ml,Demo Pharmacy 5,26.448,80.31,10.42,8.24,20.9,True
Ketamine,Injection 50 mg/ml,Demo Pharmacy 2,26.461,80.32,10.42,10.04,3.6,True
Ketamine,Injection 50 mg/ml,Demo Pharmacy 3,26.47,80.34,10.42,7.38,29.2,True
Labetalol,Injection 5 mg/ml,Demo Pharmacy 2,26.461,80.32,50.54,49.13,2.8,True
Labetalol,Injection 5 mg/ml,Demo Pharmacy 5,26.448,80.31,50.54,35.5,29.8,True
Labetalol,Injection 5 mg/ml,Demo Pharmacy 4,26.455,80.355,50.54,36.7,27.4,True
Labetalol,Injection 5 mg/ml,Demo Pharmacy 1,26.4499,80.3319,50.54,43.54,13.8,True
Labetalol,Injection 5 mg/ml,Demo Pharmacy 3,26.47,80.34,50.54,48.76,3.5,True
Lactulose,Oral Liquid 10 g/15 ml,Demo Pharmacy 4,26.455,80.355,1.09,0.86,21.2,True
Lactulose,Oral Liquid 10 g/15 ml,Demo Pharmacy 3,26.47,80.34,1.09,0.95,12.5,True
Lactulose,Oral Liquid 10 g/15 ml,Demo Pharmacy 5,26.448,80.31,1.09,0.93,14.5,True
"Lamivudine (A) + Nevirapine 
(B) + Stavudine (C)","Tablet 150 mg(A) + 200 
mg(B) + 30 mg(C)",Demo Pharmacy 2,26.461,80.32,15.56,13.77,11.5,True
"Lamivudine (A) + Nevirapine 
(B) + Stavudine (C)","Tablet 150 mg(A) + 200 
mg(B) + 30 mg(C)",Demo Pharmacy 4,26.455,80.355,15.56,11.26,27.7,True
"Lamivudine (A) + Nevirapine 
(B) + Stavudine (C)","Tablet 150 mg(A) + 200 
mg(B) + 30 mg(C)",Demo Pharmacy 3,26.47,80.34,15.56,13.19,15.2,True
"Lamivudine (A) + Nevirapine 
(B) + Stavudine (C)","Tablet 150 mg(A) + 200 
mg(B) + 30 mg(C)",Demo Pharmacy 1,26.4499,80.3319,15.56,11.46,26.4,True
"Lamivudine (A) + Zidovudine 
(B)","Tablet 150 mg(A) + 300 
mg(B)",Demo Pharmacy 3,26.47,80.34,20.0,14.39,28.0,True
"Lamivudine (A) + Zidovudine 
(B)","Tablet 150 mg(A) + 300 
mg(B)",Demo Pharmacy 4,26.455,80.355,20.0,16.95,15.2,True
"Lamivudine (A) + Zidovudine 
(B)","Tablet 150 mg(A) + 300 
mg(B)",Demo Pharmacy 2,26.461,80.32,20.0,15.08,24.6,True
"Lamivudine (A)+ Nevirapine 
(B) + Stavudine (C)","Dispersible Tablet 30 mg(A) 
+ 50 mg(B) + 6 mg(C)",Demo Pharmacy 3,26.47,80.34,4.93,4.13,16.2,True
"Lamivudine (A)+ Nevirapine 
(B) + Stavudine (C)","Dispersible Tablet 30 mg(A) 
+ 50 mg(B) + 6 mg(C)",Demo Pharmacy 4,26.455,80.355,4.93,4.42,10.4,True
"Lamivudine (A)+ Nevirapine 
(B) + Stavudine (C)","Dispersible Tablet 30 mg(A) 
+ 50 mg(B) + 6 mg(C)",Demo Pharmacy 1,26.4499,80.3319,4.93,4.11,16.6,True
"Lamivudine (A)+ Nevirapine 
(B) + Stavudine (C)","Dispersible Tablet 30 mg(A) 
+ 50 mg(B) + 6 mg(C)",Demo Pharmacy 2,26.461,80.32,4.93,4.13,16.3,True
L-Asparaginase,"Powder for Injection 10000 
KU",Demo Pharmacy 3,26.47,80.34,1600.63,1326.06,17.2,True
L-Asparaginase,"Powder for Injection 10000 
KU",Demo Pharmacy 2,26.461,80.32,1600.63,1488.48,7.0,True
L-Asparaginase,"Powder for Injection 10000 
KU",Demo Pharmacy 5,26.448,80.31,1600.63,1228.22,23.3,True
L-Asparaginase,"Powder for Injection 10000 
KU",Demo Pharmacy 1,26.4499,80.3319,1600.63,1579.67,1.3,True
L-Asparaginase,Powder for Injection 5000KU,Demo Pharmacy 4,26.455,80.355,1033.19,734.14,28.9,True
L-Asparaginase,Powder for Injection 5000KU,Demo Pharmacy 5,26.448,80.31,1033.19,994.06,3.8,True
L-Asparaginase,Powder for Injection 5000KU,Demo Pharmacy 2,26.461,80.32,1033.19,733.97,29.0,True
L-Asparaginase,Powder for Injection 5000KU,Demo Pharmacy 1,26.4499,80.3319,1033.19,930.29,10.0,True
L-Asparaginase,Powder for Injection 5000KU,Demo Pharmacy 3,26.47,80.34,1033.19,1002.08,3.0,True
Leflunomide,Tablet 10 mg,Demo Pharmacy 1,26.4499,80.3319,9.98,8.75,12.3,True
Leflunomide,Tablet 10 mg,Demo Pharmacy 4,26.455,80.355,9.98,8.02,19.6,True
Leflunomide,Tablet 10 mg,Demo Pharmacy 5,26.448,80.31,9.98,9.52,4.6,True
Leflunomide,Tablet 10 mg,Demo Pharmacy 3,26.47,80.34,9.98,8.57,14.1,True
Leflunomide,Tablet 20 mg,Demo Pharmacy 3,26.47,80.34,19.48,14.5,25.6,True
Leflunomide,Tablet 20 mg,Demo Pharmacy 4,26.455,80.355,19.48,14.5,25.6,True
Leflunomide,Tablet 20 mg,Demo Pharmacy 5,26.448,80.31,19.48,14.46,25.8,True
Leflunomide,Tablet 20 mg,Demo Pharmacy 1,26.4499,80.3319,19.48,17.26,11.4,True
Letrozole,Tablet 2.5 mg,Demo Pharmacy 4,26.455,80.355,40.65,37.79,7.0,True
Letrozole,Tablet 2.5 mg,Demo Pharmacy 1,26.4499,80.3319,40.65,32.3,20.5,True
Letrozole,Tablet 2.5 mg,Demo Pharmacy 3,26.47,80.34,40.65,37.15,8.6,True
Letrozole,Tablet 2.5 mg,Demo Pharmacy 5,26.448,80.31,40.65,37.88,6.8,True
Levetiracetam,Injection 100 mg/ml,Demo Pharmacy 4,26.455,80.355,21.75,17.16,21.1,True
Levetiracetam,Injection 100 mg/ml,Demo Pharmacy 1,26.4499,80.3319,21.75,21.09,3.0,True
Levetiracetam,Injection 100 mg/ml,Demo Pharmacy 3,26.47,80.34,21.75,20.66,5.0,True
Levetiracetam,ER Tablet 750 mg,Demo Pharmacy 1,26.4499,80.3319,17.34,15.81,8.8,True
Levetiracetam,ER Tablet 750 mg,Demo Pharmacy 5,26.448,80.31,17.34,15.39,11.2,True
Levetiracetam,ER Tablet 750 mg,Demo Pharmacy 2,26.461,80.32,17.34,16.58,4.4,True
Levetiracetam,ER Tablet 750 mg,Demo Pharmacy 4,26.455,80.355,17.34,14.58,15.9,True
Levetiracetam,Tablet 250 mg,Demo Pharmacy 2,26.461,80.32,5.83,4.75,18.6,True
Levetiracetam,Tablet 250 mg,Demo Pharmacy 5,26.448,80.31,5.83,5.41,7.2,True
Levetiracetam,Tablet 250 mg,Demo Pharmacy 1,26.4499,80.3319,5.83,4.23,27.4,True
Levetiracetam,Tablet 250 mg,Demo Pharmacy 3,26.47,80.34,5.83,5.58,4.3,True
Levetiracetam,Tablet 250 mg,Demo Pharmacy 4,26.455,80.355,5.83,5.02,13.8,True
Levetiracetam,Tablet 500 mg,Demo Pharmacy 4,26.455,80.355,11.79,8.61,27.0,True
Levetiracetam,Tablet 500 mg,Demo Pharmacy 3,26.47,80.34,11.79,10.14,14.0,True
Levetiracetam,Tablet 500 mg,Demo Pharmacy 5,26.448,80.31,11.79,10.77,8.6,True
Levetiracetam,Tablet 500 mg,Demo Pharmacy 1,26.4499,80.3319,11.79,9.86,16.4,True
Levetiracetam,Tablet 750 mg,Demo Pharmacy 4,26.455,80.355,18.13,16.5,9.0,True
Levetiracetam,Tablet 750 mg,Demo Pharmacy 3,26.47,80.34,18.13,12.9,28.9,True
Levetiracetam,Tablet 750 mg,Demo Pharmacy 5,26.448,80.31,18.13,14.38,20.7,True
Levetiracetam,Oral Liquid 100 mg/ml,Demo Pharmacy 3,26.47,80.34,3.64,3.52,3.2,True
Levetiracetam,Oral Liquid 100 mg/ml,Demo Pharmacy 2,26.461,80.32,3.64,3.22,11.4,True
Levetiracetam,Oral Liquid 100 mg/ml,Demo Pharmacy 4,26.455,80.355,3.64,3.25,10.8,True
Levetiracetam,Oral Liquid 100 mg/ml,Demo Pharmacy 5,26.448,80.31,3.64,3.32,8.9,True
"Levodopa (A) + Carbidopa 
(B)","CR Tablet 100 mg(A) + 25 
mg(B)",Demo Pharmacy 3,26.47,80.34,3.32,3.31,0.2,True
"Levodopa (A) + Carbidopa 
(B)","CR Tablet 100 mg(A) + 25 
mg(B)",Demo Pharmacy 1,26.4499,80.3319,3.32,2.46,26.0,True
"Levodopa (A) + Carbidopa 
(B)","CR Tablet 100 mg(A) + 25 
mg(B)",Demo Pharmacy 5,26.448,80.31,3.32,2.54,23.3,True
"Levodopa (A) + Carbidopa 
(B)","CR Tablet 100 mg(A) + 25 
mg(B)",Demo Pharmacy 2,26.461,80.32,3.32,2.35,29.2,True
"Levodopa (A) + Carbidopa 
(B)","CR Tablet 100 mg(A) + 25 
mg(B)",Demo Pharmacy 4,26.455,80.355,3.32,2.41,27.3,True
"Levodopa (A) + Carbidopa 
(B)",Tablet 100 mg(A) + 10 mg(B),Demo Pharmacy 4,26.455,80.355,1.55,1.25,19.1,True
"Levodopa (A) + Carbidopa 
(B)",Tablet 100 mg(A) + 10 mg(B),Demo Pharmacy 3,26.47,80.34,1.55,1.26,18.6,True
"Levodopa (A) + Carbidopa 
(B)",Tablet 100 mg(A) + 10 mg(B),Demo Pharmacy 1,26.4499,80.3319,1.55,1.23,20.3,True
"Levodopa (A) + Carbidopa 
(B)",Tablet 100 mg(A) + 10 mg(B),Demo Pharmacy 2,26.461,80.32,1.55,1.21,21.6,True
"Levodopa (A) + Carbidopa 
(B)",Tablet 100 mg(A) + 10 mg(B),Demo Pharmacy 5,26.448,80.31,1.55,1.24,19.8,True
"Levodopa (A) + Carbidopa 
(B)",Tablet 100 mg(A) + 25 mg(B),Demo Pharmacy 1,26.4499,80.3319,2.25,1.72,23.7,True
"Levodopa (A) + Carbidopa 
(B)",Tablet 100 mg(A) + 25 mg(B),Demo Pharmacy 5,26.448,80.31,2.25,2.23,1.0,True
"Levodopa (A) + Carbidopa 
(B)",Tablet 100 mg(A) + 25 mg(B),Demo Pharmacy 2,26.461,80.32,2.25,2.0,10.9,True
"Levodopa (A) + Carbidopa 
(B)",Tablet 250 mg(A) + 25 mg(B),Demo Pharmacy 1,26.4499,80.3319,3.73,2.89,22.4,True
"Levodopa (A) + Carbidopa 
(B)",Tablet 250 mg(A) + 25 mg(B),Demo Pharmacy 3,26.47,80.34,3.73,3.53,5.3,True
"Levodopa (A) + Carbidopa 
(B)",Tablet 250 mg(A) + 25 mg(B),Demo Pharmacy 2,26.461,80.32,3.73,3.58,4.0,True
"Levodopa (A) + Carbidopa 
(B)","CR Tablet 200 mg(A) + 50 
mg(B)",Demo Pharmacy 3,26.47,80.34,4.1,2.91,29.0,True
"Levodopa (A) + Carbidopa 
(B)","CR Tablet 200 mg(A) + 50 
mg(B)",Demo Pharmacy 5,26.448,80.31,4.1,3.74,8.9,True
"Levodopa (A) + Carbidopa 
(B)","CR Tablet 200 mg(A) + 50 
mg(B)",Demo Pharmacy 1,26.4499,80.3319,4.1,3.03,26.1,True
"Levodopa (A) + Carbidopa 
(B)","CR Tablet 200 mg(A) + 50 
mg(B)",Demo Pharmacy 2,26.461,80.32,4.1,3.11,24.1,True
"Levodopa (A) + Carbidopa 
(B)","CR Tablet 200 mg(A) + 50 
mg(B)",Demo Pharmacy 4,26.455,80.355,4.1,3.52,14.0,True
Levofloxacin,Tablet 250 mg,Demo Pharmacy 2,26.461,80.32,4.4,3.44,21.7,True
Levofloxacin,Tablet 250 mg,Demo Pharmacy 5,26.448,80.31,4.4,3.11,29.4,True
Levofloxacin,Tablet 250 mg,Demo Pharmacy 3,26.47,80.34,4.4,3.12,29.0,True
Levofloxacin,Tablet 750 mg,Demo Pharmacy 3,26.47,80.34,10.9,9.15,16.1,True
Levofloxacin,Tablet 750 mg,Demo Pharmacy 1,26.4499,80.3319,10.9,9.41,13.6,True
Levofloxacin,Tablet 750 mg,Demo Pharmacy 2,26.461,80.32,10.9,8.7,20.2,True
Levofloxacin,Tablet 750 mg,Demo Pharmacy 4,26.455,80.355,10.9,8.7,20.2,True
Levofloxacin,Tablet 750 mg,Demo Pharmacy 5,26.448,80.31,10.9,8.99,17.5,True
Levofloxacin,Tablet 500mg,Demo Pharmacy 3,26.47,80.34,8.04,7.98,0.8,True
Levofloxacin,Tablet 500mg,Demo Pharmacy 1,26.4499,80.3319,8.04,5.91,26.5,True
Levofloxacin,Tablet 500mg,Demo Pharmacy 5,26.448,80.31,8.04,6.69,16.8,True
Levofloxacin,Tablet 500mg,Demo Pharmacy 4,26.455,80.355,8.04,5.83,27.5,True
Levofloxacin,Tablet 500mg,Demo Pharmacy 2,26.461,80.32,8.04,7.51,6.6,True
Levonorgestrel,Tablet 0.75 mg,Demo Pharmacy 4,26.455,80.355,22.95,20.14,12.2,True
Levonorgestrel,Tablet 0.75 mg,Demo Pharmacy 3,26.47,80.34,22.95,21.99,4.2,True
Levonorgestrel,Tablet 0.75 mg,Demo Pharmacy 5,26.448,80.31,22.95,16.43,28.4,True
Levothyroxine,Tablet 100 mcg,Demo Pharmacy 4,26.455,80.355,1.19,0.87,26.6,True
Levothyroxine,Tablet 100 mcg,Demo Pharmacy 1,26.4499,80.3319,1.19,1.14,4.1,True
Levothyroxine,Tablet 100 mcg,Demo Pharmacy 5,26.448,80.31,1.19,1.03,13.6,True
Levothyroxine,Tablet 100 mcg,Demo Pharmacy 3,26.47,80.34,1.19,0.95,20.1,True
Levothyroxine,Tablet 112mcg,Demo Pharmacy 5,26.448,80.31,1.43,1.15,19.6,True
Levothyroxine,Tablet 112mcg,Demo Pharmacy 4,26.455,80.355,1.43,1.07,25.0,True
Levothyroxine,Tablet 112mcg,Demo Pharmacy 3,26.47,80.34,1.43,1.17,18.5,True
Levothyroxine,Tablet 112mcg,Demo Pharmacy 1,26.4499,80.3319,1.43,1.03,28.2,True
Levothyroxine,Tablet 112mcg,Demo Pharmacy 2,26.461,80.32,1.43,1.31,8.4,True
Levothyroxine,Tablet 12.5 mcg,Demo Pharmacy 3,26.47,80.34,1.34,1.0,25.7,True
Levothyroxine,Tablet 12.5 mcg,Demo Pharmacy 2,26.461,80.32,1.34,1.3,3.0,True
Levothyroxine,Tablet 12.5 mcg,Demo Pharmacy 4,26.455,80.355,1.34,1.06,20.6,True
Levothyroxine,Tablet 12.5 mcg,Demo Pharmacy 5,26.448,80.31,1.34,1.12,16.3,True
Levothyroxine,Tablet 12.5 mcg,Demo Pharmacy 1,26.4499,80.3319,1.34,0.95,29.3,True
Levothyroxine,Tablet 125 mcg,Demo Pharmacy 1,26.4499,80.3319,1.53,1.09,29.0,True
Levothyroxine,Tablet 125 mcg,Demo Pharmacy 4,26.455,80.355,1.53,1.09,28.5,True
Levothyroxine,Tablet 125 mcg,Demo Pharmacy 2,26.461,80.32,1.53,1.15,24.7,True
Levothyroxine,Tablet 125 mcg,Demo Pharmacy 5,26.448,80.31,1.53,1.49,2.8,True
Levothyroxine,Tablet 150 mcg,Demo Pharmacy 5,26.448,80.31,1.54,1.18,23.6,True
Levothyroxine,Tablet 150 mcg,Demo Pharmacy 1,26.4499,80.3319,1.54,1.43,7.3,True
Levothyroxine,Tablet 150 mcg,Demo Pharmacy 4,26.455,80.355,1.54,1.48,3.8,True
Levothyroxine,Tablet 25 mcg,Demo Pharmacy 2,26.461,80.32,1.3,0.98,24.4,True
Levothyroxine,Tablet 25 mcg,Demo Pharmacy 1,26.4499,80.3319,1.3,1.21,7.0,True
Levothyroxine,Tablet 25 mcg,Demo Pharmacy 3,26.47,80.34,1.3,1.0,23.2,True
Levothyroxine,Tablet 25 mcg,Demo Pharmacy 4,26.455,80.355,1.3,0.99,23.7,True
Levothyroxine,Tablet 25 mcg,Demo Pharmacy 5,26.448,80.31,1.3,1.07,17.9,True
Levothyroxine,Tablet 50 mcg,Demo Pharmacy 2,26.461,80.32,0.98,0.75,24.0,True
Levothyroxine,Tablet 50 mcg,Demo Pharmacy 5,26.448,80.31,0.98,0.95,3.3,True
Levothyroxine,Tablet 50 mcg,Demo Pharmacy 3,26.47,80.34,0.98,0.73,26.0,True
Levothyroxine,Tablet 50 mcg,Demo Pharmacy 4,26.455,80.355,0.98,0.94,4.0,True
Levothyroxine,Tablet 62.5mcg,Demo Pharmacy 2,26.461,80.32,1.4,1.29,8.0,True
Levothyroxine,Tablet 62.5mcg,Demo Pharmacy 3,26.47,80.34,1.4,1.35,3.8,True
Levothyroxine,Tablet 62.5mcg,Demo Pharmacy 1,26.4499,80.3319,1.4,1.22,12.6,True
Levothyroxine,Tablet 62.5mcg,Demo Pharmacy 4,26.455,80.355,1.4,1.35,3.4,True
Levothyroxine,Tablet 75 mcg,Demo Pharmacy 4,26.455,80.355,1.29,1.09,15.4,True
Levothyroxine,Tablet 75 mcg,Demo Pharmacy 5,26.448,80.31,1.29,1.25,3.3,True
Levothyroxine,Tablet 75 mcg,Demo Pharmacy 2,26.461,80.32,1.29,1.1,15.1,True
Levothyroxine,Tablet 88 mcg,Demo Pharmacy 1,26.4499,80.3319,1.53,1.07,30.0,True
Levothyroxine,Tablet 88 mcg,Demo Pharmacy 3,26.47,80.34,1.53,1.14,25.4,True
Levothyroxine,Tablet 88 mcg,Demo Pharmacy 2,26.461,80.32,1.53,1.33,12.8,True
Levothyroxine,Tablet 88 mcg,Demo Pharmacy 5,26.448,80.31,1.53,1.48,3.2,True
Levothyroxine,Tablet 88 mcg,Demo Pharmacy 4,26.455,80.355,1.53,1.2,21.4,True
Lignocaine,Injection 2%,Demo Pharmacy 1,26.4499,80.3319,0.98,0.96,2.0,True
Lignocaine,Injection 2%,Demo Pharmacy 5,26.448,80.31,0.98,0.9,8.3,True
Lignocaine,Injection 2%,Demo Pharmacy 2,26.461,80.32,0.98,0.79,19.0,True
Lignocaine,Injection 2%,Demo Pharmacy 4,26.455,80.355,0.98,0.82,16.5,True
Lignocaine,"Injection 2%(Preservative 
free for IV use)",Demo Pharmacy 4,26.455,80.355,0.97,0.94,3.0,True
Lignocaine,"Injection 2%(Preservative 
free for IV use)",Demo Pharmacy 3,26.47,80.34,0.97,0.77,21.1,True
Lignocaine,"Injection 2%(Preservative 
free for IV use)",Demo Pharmacy 2,26.461,80.32,0.97,0.72,25.6,True
Lignocaine,"Injection 2%(Preservative 
free for IV use)",Demo Pharmacy 5,26.448,80.31,0.97,0.78,19.5,True
Lignocaine,Injection 1%,Demo Pharmacy 2,26.461,80.32,7.92,7.11,10.2,True
Lignocaine,Injection 1%,Demo Pharmacy 4,26.455,80.355,7.92,6.84,13.6,True
Lignocaine,Injection 1%,Demo Pharmacy 5,26.448,80.31,7.92,6.93,12.5,True
Lignocaine,Injection 1%,Demo Pharmacy 1,26.4499,80.3319,7.92,7.69,2.9,True
Lignocaine,Injection 1%,Demo Pharmacy 3,26.47,80.34,7.92,6.91,12.8,True
Lignocaine,Topical Forms 2-5%,Demo Pharmacy 3,26.47,80.34,1.07,1.04,2.7,True
Lignocaine,Topical Forms 2-5%,Demo Pharmacy 5,26.448,80.31,1.07,1.04,2.6,True
Lignocaine,Topical Forms 2-5%,Demo Pharmacy 1,26.4499,80.3319,1.07,0.93,13.0,True
Lignocaine,Topical Forms 2-5%,Demo Pharmacy 2,26.461,80.32,1.07,0.83,22.3,True
Lignocaine,Topical Forms 2-5%,Demo Pharmacy 4,26.455,80.355,1.07,0.95,11.2,True
Lignocaine,"Injection 5% with 7.5% 
Glucose",Demo Pharmacy 5,26.448,80.31,3.67,2.62,28.7,True
Lignocaine,"Injection 5% with 7.5% 
Glucose",Demo Pharmacy 1,26.4499,80.3319,3.67,3.05,16.9,True
Lignocaine,"Injection 5% with 7.5% 
Glucose",Demo Pharmacy 3,26.47,80.34,3.67,2.93,20.1,True
"Lignocaine (A) + Adrenaline 
(B)","Injection 1% (A) + 1:200000 
(5 mcg/ml) (B)",Demo Pharmacy 3,26.47,80.34,0.45,0.32,29.1,True
"Lignocaine (A) + Adrenaline 
(B)","Injection 1% (A) + 1:200000 
(5 mcg/ml) (B)",Demo Pharmacy 4,26.455,80.355,0.45,0.37,18.0,True
"Lignocaine (A) + Adrenaline 
(B)","Injection 1% (A) + 1:200000 
(5 mcg/ml) (B)",Demo Pharmacy 5,26.448,80.31,0.45,0.4,10.5,True
"Lignocaine (A) + Adrenaline 
(B)","Injection 1% (A) + 1:200000 
(5 mcg/ml) (B)",Demo Pharmacy 1,26.4499,80.3319,0.45,0.37,17.3,True
"Lignocaine (A) + Adrenaline 
(B)","Injection 2% (A) + 1:200000 
(5mcg/ml) (B)",Demo Pharmacy 2,26.461,80.32,0.92,0.69,25.4,True
"Lignocaine (A) + Adrenaline 
(B)","Injection 2% (A) + 1:200000 
(5mcg/ml) (B)",Demo Pharmacy 4,26.455,80.355,0.92,0.82,10.5,True
"Lignocaine (A) + Adrenaline 
(B)","Injection 2% (A) + 1:200000 
(5mcg/ml) (B)",Demo Pharmacy 1,26.4499,80.3319,0.92,0.77,16.7,True
Linezolid,Tablet 600 mg,Demo Pharmacy 3,26.47,80.34,32.94,24.59,25.4,True
Linezolid,Tablet 600 mg,Demo Pharmacy 2,26.461,80.32,32.94,23.31,29.2,True
Linezolid,Tablet 600 mg,Demo Pharmacy 4,26.455,80.355,32.94,24.85,24.6,True
Lithium,Tablet 300 mg,Demo Pharmacy 5,26.448,80.31,1.46,1.38,5.4,True
Lithium,Tablet 300 mg,Demo Pharmacy 1,26.4499,80.3319,1.46,1.15,21.1,True
Lithium,Tablet 300 mg,Demo Pharmacy 3,26.47,80.34,1.46,1.32,9.3,True
Lithium,Tablet 300 mg,Demo Pharmacy 2,26.461,80.32,1.46,1.31,10.2,True
Lithium,Tablet 300 mg,Demo Pharmacy 4,26.455,80.355,1.46,1.46,0.2,True
Loperamide,Capsule 2 mg,Demo Pharmacy 5,26.448,80.31,3.57,3.42,4.3,True
Loperamide,Capsule 2 mg,Demo Pharmacy 4,26.455,80.355,3.57,2.89,19.0,True
Loperamide,Capsule 2 mg,Demo Pharmacy 1,26.4499,80.3319,3.57,3.54,0.9,True
Loperamide,Tablet 2 mg,Demo Pharmacy 5,26.448,80.31,1.97,1.77,10.2,True
Loperamide,Tablet 2 mg,Demo Pharmacy 2,26.461,80.32,1.97,1.75,11.1,True
Loperamide,Tablet 2 mg,Demo Pharmacy 4,26.455,80.355,1.97,1.54,21.6,True
Loperamide,Tablet 2 mg,Demo Pharmacy 3,26.47,80.34,1.97,1.51,23.3,True
Loperamide,Tablet 2 mg,Demo Pharmacy 1,26.4499,80.3319,1.97,1.63,17.0,True
Lopinavir (A) + Ritonavir (B),Tablet 100 mg(A) + 25 mg(B),Demo Pharmacy 1,26.4499,80.3319,23.44,18.13,22.6,True
Lopinavir (A) + Ritonavir (B),Tablet 100 mg(A) + 25 mg(B),Demo Pharmacy 2,26.461,80.32,23.44,23.09,1.5,True
Lopinavir (A) + Ritonavir (B),Tablet 100 mg(A) + 25 mg(B),Demo Pharmacy 5,26.448,80.31,23.44,22.87,2.4,True
Lopinavir (A) + Ritonavir (B),Tablet 200 mg(A) + 50 mg(B),Demo Pharmacy 4,26.455,80.355,45.43,39.79,12.4,True
Lopinavir (A) + Ritonavir (B),Tablet 200 mg(A) + 50 mg(B),Demo Pharmacy 5,26.448,80.31,45.43,42.49,6.5,True
Lopinavir (A) + Ritonavir (B),Tablet 200 mg(A) + 50 mg(B),Demo Pharmacy 3,26.47,80.34,45.43,38.45,15.4,True
Lopinavir (A) + Ritonavir (B),Tablet 200 mg(A) + 50 mg(B),Demo Pharmacy 2,26.461,80.32,45.43,40.73,10.4,True
Lorazepam,injection 2 mg/ml,Demo Pharmacy 3,26.47,80.34,7.75,6.2,20.0,True
Lorazepam,injection 2 mg/ml,Demo Pharmacy 4,26.455,80.355,7.75,7.64,1.4,True
Lorazepam,injection 2 mg/ml,Demo Pharmacy 5,26.448,80.31,7.75,6.83,11.9,True
Lorazepam,Tablet 1 mg,Demo Pharmacy 1,26.4499,80.3319,2.06,1.59,23.0,True
Lorazepam,Tablet 1 mg,Demo Pharmacy 5,26.448,80.31,2.06,1.59,22.9,True
Lorazepam,Tablet 1 mg,Demo Pharmacy 4,26.455,80.355,2.06,1.88,8.7,True
Lorazepam,Tablet 1 mg,Demo Pharmacy 2,26.461,80.32,2.06,1.99,3.6,True
Lorazepam,Tablet 1 mg,Demo Pharmacy 3,26.47,80.34,2.06,1.75,14.9,True
Lorazepam,Tablet 2 mg,Demo Pharmacy 2,26.461,80.32,2.51,2.13,15.0,True
Lorazepam,Tablet 2 mg,Demo Pharmacy 5,26.448,80.31,2.51,1.88,25.0,True
Lorazepam,Tablet 2 mg,Demo Pharmacy 4,26.455,80.355,2.51,1.9,24.2,True
Lorazepam,Tablet 2 mg,Demo Pharmacy 1,26.4499,80.3319,2.51,2.46,2.2,True
Magnesium Sulphate,Injection 500 mg/ml,Demo Pharmacy 1,26.4499,80.3319,4.76,3.53,25.9,True
Magnesium Sulphate,Injection 500 mg/ml,Demo Pharmacy 4,26.455,80.355,4.76,3.94,17.3,True
Magnesium Sulphate,Injection 500 mg/ml,Demo Pharmacy 5,26.448,80.31,4.76,3.94,17.2,True
Magnesium Sulphate,Injection 500 mg/ml,Demo Pharmacy 2,26.461,80.32,4.76,3.75,21.3,True
Magnesium Sulphate,Injection 500 mg/ml,Demo Pharmacy 3,26.47,80.34,4.76,4.16,12.5,True
Mannitol,Injection 10%,Demo Pharmacy 4,26.455,80.355,0.16,0.15,5.2,True
Mannitol,Injection 10%,Demo Pharmacy 1,26.4499,80.3319,0.16,0.11,28.4,True
Mannitol,Injection 10%,Demo Pharmacy 2,26.461,80.32,0.16,0.14,13.8,True
Mannitol,Injection 20%,Demo Pharmacy 3,26.47,80.34,0.3,0.26,13.1,True
Mannitol,Injection 20%,Demo Pharmacy 1,26.4499,80.3319,0.3,0.26,12.0,True
Mannitol,Injection 20%,Demo Pharmacy 2,26.461,80.32,0.3,0.29,2.4,True
Mannitol,Injection 20%,Demo Pharmacy 4,26.455,80.355,0.3,0.22,26.1,True
Mannitol,Injection 20%,Demo Pharmacy 5,26.448,80.31,0.3,0.23,22.4,True
Measles Rubbela  Vaccine,,Demo Pharmacy 3,26.47,80.34,88.15,74.65,15.3,True
Measles Rubbela  Vaccine,,Demo Pharmacy 2,26.461,80.32,88.15,85.13,3.4,True
Measles Rubbela  Vaccine,,Demo Pharmacy 1,26.4499,80.3319,88.15,74.66,15.3,True
Measles vaccine,Vaccine,Demo Pharmacy 3,26.47,80.34,50.84,48.61,4.4,True
Measles vaccine,Vaccine,Demo Pharmacy 2,26.461,80.32,50.84,47.83,5.9,True
Measles vaccine,Vaccine,Demo Pharmacy 1,26.4499,80.3319,50.84,41.65,18.1,True
Measles vaccine,Vaccine,Demo Pharmacy 5,26.448,80.31,50.84,39.25,22.8,True
Mebendazole,Oral Liquid 100 mg/5ml,Demo Pharmacy 1,26.4499,80.3319,0.77,0.6,22.6,True
Mebendazole,Oral Liquid 100 mg/5ml,Demo Pharmacy 2,26.461,80.32,0.77,0.59,22.8,True
Mebendazole,Oral Liquid 100 mg/5ml,Demo Pharmacy 3,26.47,80.34,0.77,0.67,13.5,True
Mebendazole,Oral Liquid 100 mg/5ml,Demo Pharmacy 4,26.455,80.355,0.77,0.56,27.7,True
Mebendazole,Oral Liquid 100 mg/5ml,Demo Pharmacy 5,26.448,80.31,0.77,0.64,16.9,True
Mebendazole,Tablet 100 mg,Demo Pharmacy 5,26.448,80.31,2.92,2.53,13.2,True
Mebendazole,Tablet 100 mg,Demo Pharmacy 3,26.47,80.34,2.92,2.51,14.1,True
Mebendazole,Tablet 100 mg,Demo Pharmacy 4,26.455,80.355,2.92,2.37,18.9,True
Mebendazole,Tablet 100 mg,Demo Pharmacy 2,26.461,80.32,2.92,2.22,23.9,True
Mebendazole,Tablet 100 mg,Demo Pharmacy 1,26.4499,80.3319,2.92,2.4,17.7,True
Medroxyprogesteroneacetate,Tablet 10 mg,Demo Pharmacy 5,26.448,80.31,5.37,4.64,13.6,True
Medroxyprogesteroneacetate,Tablet 10 mg,Demo Pharmacy 1,26.4499,80.3319,5.37,5.28,1.7,True
Medroxyprogesteroneacetate,Tablet 10 mg,Demo Pharmacy 2,26.461,80.32,5.37,4.03,25.0,True
Medroxyprogesteroneacetate,Tablet 10 mg,Demo Pharmacy 3,26.47,80.34,5.37,5.25,2.3,True
Mefenamic acid,Oral Liquid 100 mg/5ml,Demo Pharmacy 5,26.448,80.31,0.52,0.43,17.4,True
Mefenamic acid,Oral Liquid 100 mg/5ml,Demo Pharmacy 4,26.455,80.355,0.52,0.37,28.6,True
Mefenamic acid,Oral Liquid 100 mg/5ml,Demo Pharmacy 2,26.461,80.32,0.52,0.4,22.2,True
Mefenamic acid,Tablet 250 mg,Demo Pharmacy 4,26.455,80.355,1.93,1.58,18.2,True
Mefenamic acid,Tablet 250 mg,Demo Pharmacy 2,26.461,80.32,1.93,1.64,15.0,True
Mefenamic acid,Tablet 250 mg,Demo Pharmacy 5,26.448,80.31,1.93,1.38,28.7,True
Mefenamic acid,Tablet 500 mg,Demo Pharmacy 1,26.4499,80.3319,2.45,2.08,15.1,True
Mefenamic acid,Tablet 500 mg,Demo Pharmacy 3,26.47,80.34,2.45,2.32,5.2,True
Mefenamic acid,Tablet 500 mg,Demo Pharmacy 4,26.455,80.355,2.45,2.27,7.4,True
Mefenamic acid,Tablet 500 mg,Demo Pharmacy 5,26.448,80.31,2.45,2.13,13.1,True
Mefloquine,Tablet 250 mg,Demo Pharmacy 5,26.448,80.31,50.83,36.83,27.5,True
Mefloquine,Tablet 250 mg,Demo Pharmacy 2,26.461,80.32,50.83,44.92,11.6,True
Mefloquine,Tablet 250 mg,Demo Pharmacy 4,26.455,80.355,50.83,39.02,23.2,True
Mefloquine,Tablet 250 mg,Demo Pharmacy 3,26.47,80.34,50.83,40.48,20.4,True
Meglumine Diatrizoate,Injection 60%w/v,Demo Pharmacy 3,26.47,80.34,8.24,8.01,2.8,True
Meglumine Diatrizoate,Injection 60%w/v,Demo Pharmacy 1,26.4499,80.3319,8.24,6.56,20.4,True
Meglumine Diatrizoate,Injection 60%w/v,Demo Pharmacy 2,26.461,80.32,8.24,7.54,8.5,True
Meglumine Diatrizoate,Injection 76%w/v,Demo Pharmacy 5,26.448,80.31,9.52,6.9,27.5,True
Meglumine Diatrizoate,Injection 76%w/v,Demo Pharmacy 2,26.461,80.32,9.52,8.63,9.3,True
Meglumine Diatrizoate,Injection 76%w/v,Demo Pharmacy 4,26.455,80.355,9.52,7.65,19.7,True
Meglumine Diatrizoate,Injection 76%w/v,Demo Pharmacy 1,26.4499,80.3319,9.52,7.63,19.9,True
Meglumine Diatrizoate,Injection 76%w/v,Demo Pharmacy 3,26.47,80.34,9.52,9.15,3.9,True
Melphalan,Tablet 2 mg,Demo Pharmacy 1,26.4499,80.3319,97.82,73.96,24.4,True
Melphalan,Tablet 2 mg,Demo Pharmacy 3,26.47,80.34,97.82,78.15,20.1,True
Melphalan,Tablet 2 mg,Demo Pharmacy 4,26.455,80.355,97.82,73.49,24.9,True
Melphalan,Tablet 2 mg,Demo Pharmacy 2,26.461,80.32,97.82,76.14,22.2,True
Melphalan,Tablet 2 mg,Demo Pharmacy 5,26.448,80.31,97.82,77.71,20.6,True
Melphalan,Tablet 5 mg,Demo Pharmacy 1,26.4499,80.3319,167.77,149.52,10.9,True
Melphalan,Tablet 5 mg,Demo Pharmacy 4,26.455,80.355,167.77,158.7,5.4,True
Melphalan,Tablet 5 mg,Demo Pharmacy 3,26.47,80.34,167.77,156.99,6.4,True
Melphalan,Tablet 5 mg,Demo Pharmacy 2,26.461,80.32,167.77,120.07,28.4,True
Melphalan,Tablet 5 mg,Demo Pharmacy 5,26.448,80.31,167.77,143.3,14.6,True
Mesna,Injection 100 mg/ml,Demo Pharmacy 2,26.461,80.32,16.72,15.24,8.9,True
Mesna,Injection 100 mg/ml,Demo Pharmacy 5,26.448,80.31,16.72,12.77,23.6,True
Mesna,Injection 100 mg/ml,Demo Pharmacy 1,26.4499,80.3319,16.72,14.17,15.2,True
Metformin,"Immediate Release Tablet 
500 mg",Demo Pharmacy 5,26.448,80.31,1.5,1.23,17.9,True
Metformin,"Immediate Release Tablet 
500 mg",Demo Pharmacy 1,26.4499,80.3319,1.5,1.43,4.6,True
Metformin,"Immediate Release Tablet 
500 mg",Demo Pharmacy 3,26.47,80.34,1.5,1.42,5.4,True
Metformin,"Immediate Release Tablet 
500 mg",Demo Pharmacy 2,26.461,80.32,1.5,1.19,20.8,True
Metformin,"Immediate Release Tablet 
500 mg",Demo Pharmacy 4,26.455,80.355,1.5,1.22,18.7,True
Metformin,"Controlled Release Tablet 
1000 mg",Demo Pharmacy 4,26.455,80.355,3.64,3.24,10.9,True
Metformin,"Controlled Release Tablet 
1000 mg",Demo Pharmacy 1,26.4499,80.3319,3.64,2.85,21.6,True
Metformin,"Controlled Release Tablet 
1000 mg",Demo Pharmacy 2,26.461,80.32,3.64,2.58,29.1,True
Metformin,"Controlled Release Tablet 
500 mg",Demo Pharmacy 3,26.47,80.34,1.91,1.36,29.0,True
Metformin,"Controlled Release Tablet 
500 mg",Demo Pharmacy 4,26.455,80.355,1.91,1.46,23.5,True
Metformin,"Controlled Release Tablet 
500 mg",Demo Pharmacy 1,26.4499,80.3319,1.91,1.39,27.1,True
Metformin,"Controlled Release Tablet 
500 mg",Demo Pharmacy 5,26.448,80.31,1.91,1.8,5.8,True
Metformin,"Controlled Release Tablet 
500 mg",Demo Pharmacy 2,26.461,80.32,1.91,1.52,20.3,True
Metformin,"controlled Released Tablet 
750 mg",Demo Pharmacy 4,26.455,80.355,2.39,1.7,29.0,True
Metformin,"controlled Released Tablet 
750 mg",Demo Pharmacy 5,26.448,80.31,2.39,1.8,24.5,True
Metformin,"controlled Released Tablet 
750 mg",Demo Pharmacy 2,26.461,80.32,2.39,1.82,24.0,True
Metformin,"controlled Released Tablet 
750 mg",Demo Pharmacy 3,26.47,80.34,2.39,2.29,4.2,True
Metformin,"controlled Released Tablet 
750 mg",Demo Pharmacy 1,26.4499,80.3319,2.39,2.21,7.5,True
Metformin,"Immediate Release Tablet 
1000 mg",Demo Pharmacy 4,26.455,80.355,3.59,3.28,8.6,True
Metformin,"Immediate Release Tablet 
1000 mg",Demo Pharmacy 3,26.47,80.34,3.59,2.77,22.9,True
Metformin,"Immediate Release Tablet 
1000 mg",Demo Pharmacy 5,26.448,80.31,3.59,3.3,8.2,True
Metformin,"Immediate Release Tablet 
1000 mg",Demo Pharmacy 1,26.4499,80.3319,3.59,2.61,27.2,True
Metformin,"Immediate Release Tablet 
1000 mg",Demo Pharmacy 2,26.461,80.32,3.59,3.43,4.4,True
Metformin,"Immediate Release Tablet 
750 mg",Demo Pharmacy 1,26.4499,80.3319,3.03,2.18,27.9,True
Metformin,"Immediate Release Tablet 
750 mg",Demo Pharmacy 2,26.461,80.32,3.03,2.65,12.4,True
Metformin,"Immediate Release Tablet 
750 mg",Demo Pharmacy 4,26.455,80.355,3.03,2.67,11.9,True
Metformin,"Immediate Release Tablet 
750 mg",Demo Pharmacy 3,26.47,80.34,3.03,2.69,11.2,True
Methotrexate,Injection 25 mg/ml,Demo Pharmacy 1,26.4499,80.3319,47.96,43.37,9.6,True
Methotrexate,Injection 25 mg/ml,Demo Pharmacy 3,26.47,80.34,47.96,46.53,3.0,True
Methotrexate,Injection 25 mg/ml,Demo Pharmacy 5,26.448,80.31,47.96,37.68,21.4,True
Methotrexate,Injection 25 mg/ml,Demo Pharmacy 4,26.455,80.355,47.96,43.14,10.1,True
Methotrexate,Injection 50 mg/ml,Demo Pharmacy 2,26.461,80.32,39.94,28.95,27.5,True
Methotrexate,Injection 50 mg/ml,Demo Pharmacy 1,26.4499,80.3319,39.94,34.28,14.2,True
Methotrexate,Injection 50 mg/ml,Demo Pharmacy 5,26.448,80.31,39.94,29.98,24.9,True
Methotrexate,Tablet 10 mg,Demo Pharmacy 4,26.455,80.355,12.11,12.04,0.6,True
Methotrexate,Tablet 10 mg,Demo Pharmacy 5,26.448,80.31,12.11,11.33,6.5,True
Methotrexate,Tablet 10 mg,Demo Pharmacy 3,26.47,80.34,12.11,11.57,4.5,True
Methotrexate,Tablet 10 mg,Demo Pharmacy 1,26.4499,80.3319,12.11,8.69,28.2,True
Methotrexate,Tablet 10 mg,Demo Pharmacy 2,26.461,80.32,12.11,9.9,18.3,True
Methotrexate,Tablet 2.5 mg,Demo Pharmacy 1,26.4499,80.3319,4.77,4.6,3.7,True
Methotrexate,Tablet 2.5 mg,Demo Pharmacy 3,26.47,80.34,4.77,4.43,7.2,True
Methotrexate,Tablet 2.5 mg,Demo Pharmacy 5,26.448,80.31,4.77,3.86,19.2,True
Methotrexate,Tablet 2.5 mg,Demo Pharmacy 2,26.461,80.32,4.77,3.88,18.7,True
Methotrexate,Tablet 7.5 mg,Demo Pharmacy 1,26.4499,80.3319,11.55,9.69,16.1,True
Methotrexate,Tablet 7.5 mg,Demo Pharmacy 4,26.455,80.355,11.55,9.36,19.0,True
Methotrexate,Tablet 7.5 mg,Demo Pharmacy 3,26.47,80.34,11.55,9.56,17.3,True
Methotrexate,Tablet 5 mg,Demo Pharmacy 2,26.461,80.32,8.35,7.75,7.2,True
Methotrexate,Tablet 5 mg,Demo Pharmacy 3,26.47,80.34,8.35,7.31,12.5,True
Methotrexate,Tablet 5 mg,Demo Pharmacy 5,26.448,80.31,8.35,6.69,19.9,True
Methotrexate,Tablet 5 mg,Demo Pharmacy 1,26.4499,80.3319,8.35,8.14,2.6,True
Methotrexate,Tablet 5 mg,Demo Pharmacy 4,26.455,80.355,8.35,5.91,29.2,True
Methyldopa,Tablet 250 mg,Demo Pharmacy 5,26.448,80.31,2.44,1.8,26.2,True
Methyldopa,Tablet 250 mg,Demo Pharmacy 1,26.4499,80.3319,2.44,2.41,1.3,True
Methyldopa,Tablet 250 mg,Demo Pharmacy 2,26.461,80.32,2.44,2.16,11.6,True
Methyldopa,Tablet 500 mg,Demo Pharmacy 3,26.47,80.34,4.67,4.19,10.3,True
Methyldopa,Tablet 500 mg,Demo Pharmacy 1,26.4499,80.3319,4.67,3.64,22.0,True
Methyldopa,Tablet 500 mg,Demo Pharmacy 2,26.461,80.32,4.67,3.79,18.8,True
Methyldopa,Tablet 500 mg,Demo Pharmacy 4,26.455,80.355,4.67,3.59,23.1,True
Methylergometrine,Injection 0.2 mg/ml,Demo Pharmacy 3,26.47,80.34,14.23,10.76,24.4,True
Methylergometrine,Injection 0.2 mg/ml,Demo Pharmacy 2,26.461,80.32,14.23,13.48,5.3,True
Methylergometrine,Injection 0.2 mg/ml,Demo Pharmacy 1,26.4499,80.3319,14.23,10.9,23.4,True
Methylergometrine,Injection 0.2 mg/ml,Demo Pharmacy 4,26.455,80.355,14.23,12.25,13.9,True
Methylergometrine,Injection 0.2 mg/ml,Demo Pharmacy 5,26.448,80.31,14.23,11.26,20.9,True
Methylergometrine,Tablet 0.125 mg,Demo Pharmacy 2,26.461,80.32,7.9,7.2,8.8,True
Methylergometrine,Tablet 0.125 mg,Demo Pharmacy 5,26.448,80.31,7.9,7.8,1.3,True
Methylergometrine,Tablet 0.125 mg,Demo Pharmacy 1,26.4499,80.3319,7.9,7.43,6.0,True
Methylergometrine,Tablet 0.125 mg,Demo Pharmacy 4,26.455,80.355,7.9,7.8,1.3,True
Methylergometrine,Tablet 0.125 mg,Demo Pharmacy 3,26.47,80.34,7.9,5.69,28.0,True
Methylprednisolone,Tablet 16 mg,Demo Pharmacy 4,26.455,80.355,8.89,8.13,8.6,True
Methylprednisolone,Tablet 16 mg,Demo Pharmacy 5,26.448,80.31,8.89,6.59,25.9,True
Methylprednisolone,Tablet 16 mg,Demo Pharmacy 2,26.461,80.32,8.89,8.76,1.4,True
Methylprednisolone,Tablet 16 mg,Demo Pharmacy 1,26.4499,80.3319,8.89,7.14,19.7,True
Methylprednisolone,Tablet 16 mg,Demo Pharmacy 3,26.47,80.34,8.89,8.16,8.2,True
Methylprednisolone,Tablet 8 mg,Demo Pharmacy 4,26.455,80.355,5.08,3.72,26.8,True
Methylprednisolone,Tablet 8 mg,Demo Pharmacy 5,26.448,80.31,5.08,4.49,11.6,True
Methylprednisolone,Tablet 8 mg,Demo Pharmacy 3,26.47,80.34,5.08,3.6,29.2,True
Methylprednisolone,Tablet 8 mg,Demo Pharmacy 2,26.461,80.32,5.08,4.32,14.9,True
Methylprednisolone,Injection 40mg/ml,Demo Pharmacy 3,26.47,80.34,53.81,52.54,2.4,True
Methylprednisolone,Injection 40mg/ml,Demo Pharmacy 5,26.448,80.31,53.81,44.08,18.1,True
Methylprednisolone,Injection 40mg/ml,Demo Pharmacy 1,26.4499,80.3319,53.81,40.53,24.7,True
Methylprednisolone,Injection 40mg/ml,Demo Pharmacy 2,26.461,80.32,53.81,45.0,16.4,True
Metoclopramide,"Injection 5 mg/ml (10 ml 
Pack)",Demo Pharmacy 1,26.4499,80.3319,1.42,1.29,9.2,True
Metoclopramide,"Injection 5 mg/ml (10 ml 
Pack)",Demo Pharmacy 5,26.448,80.31,1.42,1.16,18.1,True
Metoclopramide,"Injection 5 mg/ml (10 ml 
Pack)",Demo Pharmacy 2,26.461,80.32,1.42,1.24,12.8,True
Metoclopramide,"Injection 5 mg/ml (10 ml 
Pack)",Demo Pharmacy 3,26.47,80.34,1.42,1.13,20.7,True
Metoclopramide,"Injection 5 mg/ml (2 ml 
Pack)",Demo Pharmacy 4,26.455,80.355,2.33,1.9,18.4,True
Metoclopramide,"Injection 5 mg/ml (2 ml 
Pack)",Demo Pharmacy 1,26.4499,80.3319,2.33,2.03,13.0,True
Metoclopramide,"Injection 5 mg/ml (2 ml 
Pack)",Demo Pharmacy 3,26.47,80.34,2.33,1.88,19.2,True
Metoclopramide,"Injection 5 mg/ml (2 ml 
Pack)",Demo Pharmacy 2,26.461,80.32,2.33,1.78,23.7,True
Metoclopramide,Oral Liquid 5 mg/5ml,Demo Pharmacy 1,26.4499,80.3319,0.44,0.37,15.4,True
Metoclopramide,Oral Liquid 5 mg/5ml,Demo Pharmacy 4,26.455,80.355,0.44,0.34,22.5,True
Metoclopramide,Oral Liquid 5 mg/5ml,Demo Pharmacy 2,26.461,80.32,0.44,0.42,4.8,True
Metoclopramide,Tablet 10 mg,Demo Pharmacy 2,26.461,80.32,1.16,1.12,3.8,True
Metoclopramide,Tablet 10 mg,Demo Pharmacy 4,26.455,80.355,1.16,1.08,7.1,True
Metoclopramide,Tablet 10 mg,Demo Pharmacy 1,26.4499,80.3319,1.16,0.94,19.4,True
Metoprolol,Capsule 25 mg,Demo Pharmacy 4,26.455,80.355,4.22,3.36,20.4,True
Metoprolol,Capsule 25 mg,Demo Pharmacy 1,26.4499,80.3319,4.22,3.02,28.5,True
Metoprolol,Capsule 25 mg,Demo Pharmacy 3,26.47,80.34,4.22,3.75,11.2,True
Metoprolol,Capsule 25 mg,Demo Pharmacy 5,26.448,80.31,4.22,3.25,22.9,True
Metoprolol,Capsule 50 mg,Demo Pharmacy 2,26.461,80.32,6.43,5.95,7.5,True
Metoprolol,Capsule 50 mg,Demo Pharmacy 3,26.47,80.34,6.43,6.21,3.4,True
Metoprolol,Capsule 50 mg,Demo Pharmacy 5,26.448,80.31,6.43,5.01,22.1,True
Metoprolol,Capsule 50 mg,Demo Pharmacy 4,26.455,80.355,6.43,5.47,15.0,True
Metoprolol,Capsule 50 mg,Demo Pharmacy 1,26.4499,80.3319,6.43,5.68,11.6,True
Metoprolol,SR Tablet 25 mg,Demo Pharmacy 1,26.4499,80.3319,4.02,2.82,29.9,True
Metoprolol,SR Tablet 25 mg,Demo Pharmacy 3,26.47,80.34,4.02,3.68,8.6,True
Metoprolol,SR Tablet 25 mg,Demo Pharmacy 2,26.461,80.32,4.02,2.91,27.5,True
Metoprolol,SR Tablet 25 mg,Demo Pharmacy 4,26.455,80.355,4.02,3.43,14.7,True
Metoprolol,SR Tablet 25 mg,Demo Pharmacy 5,26.448,80.31,4.02,3.87,3.7,True
Metoprolol,SR Tablet 50 mg,Demo Pharmacy 4,26.455,80.355,5.76,4.99,13.4,True
Metoprolol,SR Tablet 50 mg,Demo Pharmacy 2,26.461,80.32,5.76,5.61,2.6,True
Metoprolol,SR Tablet 50 mg,Demo Pharmacy 3,26.47,80.34,5.76,4.58,20.5,True
Metoprolol,Tablet 25 mg,Demo Pharmacy 3,26.47,80.34,3.1,2.27,26.7,True
Metoprolol,Tablet 25 mg,Demo Pharmacy 1,26.4499,80.3319,3.1,2.31,25.5,True
Metoprolol,Tablet 25 mg,Demo Pharmacy 5,26.448,80.31,3.1,2.44,21.4,True
Metoprolol,Tablet 25 mg,Demo Pharmacy 2,26.461,80.32,3.1,2.24,27.8,True
Metoprolol,Tablet 50 mg,Demo Pharmacy 2,26.461,80.32,4.7,3.31,29.6,True
Metoprolol,Tablet 50 mg,Demo Pharmacy 3,26.47,80.34,4.7,3.58,23.8,True
Metoprolol,Tablet 50 mg,Demo Pharmacy 4,26.455,80.355,4.7,4.37,7.1,True
Metoprolol,Tablet 50 mg,Demo Pharmacy 1,26.4499,80.3319,4.7,4.0,14.8,True
Metoprolol,Tablet 50 mg,Demo Pharmacy 5,26.448,80.31,4.7,4.19,10.8,True
Metronidazole,Injection 500mg/100ml,Demo Pharmacy 3,26.47,80.34,0.2,0.2,2.0,True
Metronidazole,Injection 500mg/100ml,Demo Pharmacy 4,26.455,80.355,0.2,0.18,11.9,True
Metronidazole,Injection 500mg/100ml,Demo Pharmacy 5,26.448,80.31,0.2,0.16,21.5,True
Metronidazole,Injection 500mg/100ml,Demo Pharmacy 1,26.4499,80.3319,0.2,0.17,14.4,True
Metronidazole,Injection 500mg/100ml,Demo Pharmacy 2,26.461,80.32,0.2,0.18,12.3,True
Metronidazole,Oral Liquid 200 mg/5ml,Demo Pharmacy 5,26.448,80.31,0.45,0.36,19.3,True
Metronidazole,Oral Liquid 200 mg/5ml,Demo Pharmacy 1,26.4499,80.3319,0.45,0.39,13.5,True
Metronidazole,Oral Liquid 200 mg/5ml,Demo Pharmacy 4,26.455,80.355,0.45,0.36,20.4,True
Metronidazole,Oral Liquid 200 mg/5ml,Demo Pharmacy 2,26.461,80.32,0.45,0.4,10.3,True
Metronidazole,Tablet 200 mg,Demo Pharmacy 5,26.448,80.31,0.69,0.52,24.9,True
Metronidazole,Tablet 200 mg,Demo Pharmacy 2,26.461,80.32,0.69,0.58,15.5,True
Metronidazole,Tablet 200 mg,Demo Pharmacy 1,26.4499,80.3319,0.69,0.63,9.1,True
Metronidazole,Tablet 200 mg,Demo Pharmacy 4,26.455,80.355,0.69,0.66,4.9,True
Metronidazole,Tablet 200 mg,Demo Pharmacy 3,26.47,80.34,0.69,0.5,28.0,True
Metronidazole,Tablet 400 mg,Demo Pharmacy 3,26.47,80.34,1.27,1.17,7.5,True
Metronidazole,Tablet 400 mg,Demo Pharmacy 5,26.448,80.31,1.27,1.03,19.1,True
Metronidazole,Tablet 400 mg,Demo Pharmacy 1,26.4499,80.3319,1.27,1.06,16.5,True
Midazolam,Injection 1 mg/ml,Demo Pharmacy 3,26.47,80.34,5.89,4.76,19.2,True
Midazolam,Injection 1 mg/ml,Demo Pharmacy 1,26.4499,80.3319,5.89,4.84,17.8,True
Midazolam,Injection 1 mg/ml,Demo Pharmacy 5,26.448,80.31,5.89,4.86,17.4,True
Midazolam,Injection 5 mg/ml,Demo Pharmacy 5,26.448,80.31,14.47,14.29,1.2,True
Midazolam,Injection 5 mg/ml,Demo Pharmacy 3,26.47,80.34,14.47,10.72,25.9,True
Midazolam,Injection 5 mg/ml,Demo Pharmacy 4,26.455,80.355,14.47,14.12,2.4,True
Midazolam,Tablet 7.5mg,Demo Pharmacy 5,26.448,80.31,22.38,18.23,18.5,True
Midazolam,Tablet 7.5mg,Demo Pharmacy 3,26.47,80.34,22.38,22.18,0.9,True
Midazolam,Tablet 7.5mg,Demo Pharmacy 4,26.455,80.355,22.38,16.41,26.7,True
Midazolam,Tablet 7.5mg,Demo Pharmacy 1,26.4499,80.3319,22.38,18.72,16.4,True
Midazolam,Tablet 7.5mg,Demo Pharmacy 2,26.461,80.32,22.38,18.07,19.3,True
Mifepristone,Tablet 200 mg,Demo Pharmacy 4,26.455,80.355,320.77,292.15,8.9,True
Mifepristone,Tablet 200 mg,Demo Pharmacy 2,26.461,80.32,320.77,313.75,2.2,True
Mifepristone,Tablet 200 mg,Demo Pharmacy 3,26.47,80.34,320.77,315.0,1.8,True
Mifepristone,Tablet 200 mg,Demo Pharmacy 5,26.448,80.31,320.77,278.47,13.2,True
Misoprostol,Tablet 100 mcg,Demo Pharmacy 4,26.455,80.355,8.68,7.87,9.4,True
Misoprostol,Tablet 100 mcg,Demo Pharmacy 2,26.461,80.32,8.68,6.81,21.6,True
Misoprostol,Tablet 100 mcg,Demo Pharmacy 5,26.448,80.31,8.68,6.77,22.0,True
Misoprostol,Tablet 100 mcg,Demo Pharmacy 1,26.4499,80.3319,8.68,6.44,25.8,True
Misoprostol,Tablet 200 mcg,Demo Pharmacy 2,26.461,80.32,16.65,15.06,9.6,True
Misoprostol,Tablet 200 mcg,Demo Pharmacy 3,26.47,80.34,16.65,14.32,14.0,True
Misoprostol,Tablet 200 mcg,Demo Pharmacy 4,26.455,80.355,16.65,15.31,8.0,True
Misoprostol,Tablet 200 mcg,Demo Pharmacy 1,26.4499,80.3319,16.65,15.41,7.4,True
Morphine,Injection 10 mg/ml,Demo Pharmacy 1,26.4499,80.3319,23.68,17.54,25.9,True
Morphine,Injection 10 mg/ml,Demo Pharmacy 3,26.47,80.34,23.68,20.71,12.5,True
Morphine,Injection 10 mg/ml,Demo Pharmacy 2,26.461,80.32,23.68,16.84,28.9,True
Morphine,Injection 15 mg/ml,Demo Pharmacy 3,26.47,80.34,29.55,22.78,22.9,True
Morphine,Injection 15 mg/ml,Demo Pharmacy 5,26.448,80.31,29.55,25.13,14.9,True
Morphine,Injection 15 mg/ml,Demo Pharmacy 1,26.4499,80.3319,29.55,24.99,15.4,True
Morphine,SR Tablet 30 mg,Demo Pharmacy 3,26.47,80.34,5.43,3.89,28.4,True
Morphine,SR Tablet 30 mg,Demo Pharmacy 4,26.455,80.355,5.43,4.61,15.2,True
Morphine,SR Tablet 30 mg,Demo Pharmacy 1,26.4499,80.3319,5.43,3.86,29.0,True
Morphine,SR Tablet 30 mg,Demo Pharmacy 5,26.448,80.31,5.43,5.08,6.5,True
Morphine,Tablet 10 mg,Demo Pharmacy 1,26.4499,80.3319,5.31,4.36,17.9,True
Morphine,Tablet 10 mg,Demo Pharmacy 5,26.448,80.31,5.31,3.97,25.3,True
Morphine,Tablet 10 mg,Demo Pharmacy 2,26.461,80.32,5.31,4.24,20.2,True
Morphine,Tablet 10 mg,Demo Pharmacy 3,26.47,80.34,5.31,4.85,8.6,True
Moxifloxacin,Tablet 400 mg,Demo Pharmacy 1,26.4499,80.3319,25.26,18.57,26.5,True
Moxifloxacin,Tablet 400 mg,Demo Pharmacy 4,26.455,80.355,25.26,19.75,21.8,True
Moxifloxacin,Tablet 400 mg,Demo Pharmacy 5,26.448,80.31,25.26,19.47,22.9,True
Mycophenolate mofetil,Tablet 250 mg,Demo Pharmacy 1,26.4499,80.3319,41.4,36.9,10.9,True
Mycophenolate mofetil,Tablet 250 mg,Demo Pharmacy 4,26.455,80.355,41.4,37.82,8.7,True
Mycophenolate mofetil,Tablet 250 mg,Demo Pharmacy 5,26.448,80.31,41.4,36.6,11.6,True
Mycophenolate mofetil,Tablet 250 mg,Demo Pharmacy 3,26.47,80.34,41.4,35.81,13.5,True
Mycophenolate mofetil,Tablet 500 mg,Demo Pharmacy 3,26.47,80.34,81.89,72.72,11.2,True
Mycophenolate mofetil,Tablet 500 mg,Demo Pharmacy 1,26.4499,80.3319,81.89,57.65,29.6,True
Mycophenolate mofetil,Tablet 500 mg,Demo Pharmacy 4,26.455,80.355,81.89,68.19,16.7,True
Mycophenolate mofetil,Tablet 500 mg,Demo Pharmacy 5,26.448,80.31,81.89,72.91,11.0,True
Mycophenolate mofetil,Tablet 500 mg,Demo Pharmacy 2,26.461,80.32,81.89,78.35,4.3,True
N-acetylcysteine,Injection 200 mg/ml,Demo Pharmacy 5,26.448,80.31,22.34,22.08,1.2,True
N-acetylcysteine,Injection 200 mg/ml,Demo Pharmacy 4,26.455,80.355,22.34,17.56,21.4,True
N-acetylcysteine,Injection 200 mg/ml,Demo Pharmacy 3,26.47,80.34,22.34,16.95,24.1,True
N-acetylcysteine,Injection 200 mg/ml,Demo Pharmacy 1,26.4499,80.3319,22.34,18.86,15.6,True
N-acetylcysteine,Injection 200 mg/ml,Demo Pharmacy 2,26.461,80.32,22.34,21.34,4.5,True
N-acetylcysteine,Sachet 200mg,Demo Pharmacy 2,26.461,80.32,8.97,7.91,11.8,True
N-acetylcysteine,Sachet 200mg,Demo Pharmacy 3,26.47,80.34,8.97,7.31,18.5,True
N-acetylcysteine,Sachet 200mg,Demo Pharmacy 4,26.455,80.355,8.97,6.7,25.3,True
N-acetylcysteine,Sachet 200mg,Demo Pharmacy 5,26.448,80.31,8.97,7.37,17.8,True
N-acetylcysteine,Sachet 200mg,Demo Pharmacy 1,26.4499,80.3319,8.97,7.6,15.2,True
Naloxone,injection 0.4 mg/ml,Demo Pharmacy 5,26.448,80.31,86.5,65.33,24.5,True
Naloxone,injection 0.4 mg/ml,Demo Pharmacy 4,26.455,80.355,86.5,76.94,11.1,True
Naloxone,injection 0.4 mg/ml,Demo Pharmacy 3,26.47,80.34,86.5,69.01,20.2,True
Naloxone,injection 0.4 mg/ml,Demo Pharmacy 2,26.461,80.32,86.5,61.07,29.4,True
Naloxone,injection 0.4 mg/ml,Demo Pharmacy 1,26.4499,80.3319,86.5,71.35,17.5,True
Natamycin,Drops 5%,Demo Pharmacy 1,26.4499,80.3319,22.74,18.76,17.5,True
Natamycin,Drops 5%,Demo Pharmacy 4,26.455,80.355,22.74,21.58,5.1,True
Natamycin,Drops 5%,Demo Pharmacy 2,26.461,80.32,22.74,18.45,18.9,True
Natamycin,Drops 5%,Demo Pharmacy 5,26.448,80.31,22.74,18.51,18.6,True
Natamycin,Drops 5%,Demo Pharmacy 3,26.47,80.34,22.74,17.0,25.2,True
Neostigmine,injection 0.5 mg/ml,Demo Pharmacy 2,26.461,80.32,4.34,3.11,28.4,True
Neostigmine,injection 0.5 mg/ml,Demo Pharmacy 1,26.4499,80.3319,4.34,4.2,3.3,True
Neostigmine,injection 0.5 mg/ml,Demo Pharmacy 3,26.47,80.34,4.34,4.32,0.6,True
Neostigmine,Tablet 15 mg,Demo Pharmacy 4,26.455,80.355,4.66,4.09,12.3,True
Neostigmine,Tablet 15 mg,Demo Pharmacy 2,26.461,80.32,4.66,3.58,23.2,True
Neostigmine,Tablet 15 mg,Demo Pharmacy 5,26.448,80.31,4.66,3.37,27.6,True
Neostigmine,Tablet 15 mg,Demo Pharmacy 1,26.4499,80.3319,4.66,3.44,26.2,True
Nevirapine,Oral Liquid 50 mg/5ml,Demo Pharmacy 1,26.4499,80.3319,0.84,0.59,29.9,True
Nevirapine,Oral Liquid 50 mg/5ml,Demo Pharmacy 2,26.461,80.32,0.84,0.72,14.4,True
Nevirapine,Oral Liquid 50 mg/5ml,Demo Pharmacy 3,26.47,80.34,0.84,0.75,11.3,True
Nevirapine,Oral Liquid 50 mg/5ml,Demo Pharmacy 5,26.448,80.31,0.84,0.6,28.7,True
Nevirapine,Oral Liquid 50 mg/5ml,Demo Pharmacy 4,26.455,80.355,0.84,0.72,13.8,True
Nevirapine,Tablet 200 mg,Demo Pharmacy 3,26.47,80.34,14.27,13.45,5.8,True
Nevirapine,Tablet 200 mg,Demo Pharmacy 5,26.448,80.31,14.27,13.21,7.4,True
Nevirapine,Tablet 200 mg,Demo Pharmacy 4,26.455,80.355,14.27,11.88,16.7,True
Nevirapine,Tablet 200 mg,Demo Pharmacy 2,26.461,80.32,14.27,13.31,6.7,True
Nevirapine,Tablet 200 mg,Demo Pharmacy 1,26.4499,80.3319,14.27,10.1,29.2,True
Nifedipine,Capsule 10 mg,Demo Pharmacy 3,26.47,80.34,0.86,0.78,9.5,True
Nifedipine,Capsule 10 mg,Demo Pharmacy 2,26.461,80.32,0.86,0.77,10.5,True
Nifedipine,Capsule 10 mg,Demo Pharmacy 5,26.448,80.31,0.86,0.62,28.0,True
Nifedipine,Capsule 10 mg,Demo Pharmacy 4,26.455,80.355,0.86,0.65,23.9,True
Nifedipine,Tablet 10 mg,Demo Pharmacy 3,26.47,80.34,1.23,0.9,26.9,True
Nifedipine,Tablet 10 mg,Demo Pharmacy 1,26.4499,80.3319,1.23,1.08,11.8,True
Nifedipine,Tablet 10 mg,Demo Pharmacy 5,26.448,80.31,1.23,1.1,10.4,True
Nifedipine,Tablet 10 mg,Demo Pharmacy 2,26.461,80.32,1.23,0.94,23.2,True
Nitrofurantoin,Oral Liquid 25 mg/5ml,Demo Pharmacy 3,26.47,80.34,0.82,0.58,28.7,True
Nitrofurantoin,Oral Liquid 25 mg/5ml,Demo Pharmacy 1,26.4499,80.3319,0.82,0.8,2.4,True
Nitrofurantoin,Oral Liquid 25 mg/5ml,Demo Pharmacy 2,26.461,80.32,0.82,0.59,27.7,True
Nitrofurantoin,Tablet 100 mg,Demo Pharmacy 3,26.47,80.34,7.21,5.19,28.0,True
Nitrofurantoin,Tablet 100 mg,Demo Pharmacy 4,26.455,80.355,7.21,5.7,20.9,True
Nitrofurantoin,Tablet 100 mg,Demo Pharmacy 1,26.4499,80.3319,7.21,6.91,4.1,True
Nitrofurantoin,Tablet 100 mg,Demo Pharmacy 5,26.448,80.31,7.21,5.88,18.5,True
Nitrofurantoin,Tablet 100 mg,Demo Pharmacy 2,26.461,80.32,7.21,5.94,17.6,True
Nitrofurantoin,Capsule 100mg,Demo Pharmacy 1,26.4499,80.3319,7.83,7.28,7.0,True
Nitrofurantoin,Capsule 100mg,Demo Pharmacy 2,26.461,80.32,7.83,7.59,3.0,True
Nitrofurantoin,Capsule 100mg,Demo Pharmacy 3,26.47,80.34,7.83,7.05,9.9,True
Nitrous Oxide,Inhalation,Demo Pharmacy 1,26.4499,80.3319,232.96,204.52,12.2,True
Nitrous Oxide,Inhalation,Demo Pharmacy 2,26.461,80.32,232.96,167.61,28.1,True
Nitrous Oxide,Inhalation,Demo Pharmacy 5,26.448,80.31,232.96,171.57,26.4,True
Nitrous Oxide,Inhalation,Demo Pharmacy 3,26.47,80.34,232.96,199.59,14.3,True
Noradrenaline,Injection 2 mg/ml,Demo Pharmacy 3,26.47,80.34,25.69,20.71,19.4,True
Noradrenaline,Injection 2 mg/ml,Demo Pharmacy 5,26.448,80.31,25.69,18.69,27.2,True
Noradrenaline,Injection 2 mg/ml,Demo Pharmacy 2,26.461,80.32,25.69,25.0,2.7,True
Norethisterone,Tablet 5 mg,Demo Pharmacy 2,26.461,80.32,5.09,3.66,28.0,True
Norethisterone,Tablet 5 mg,Demo Pharmacy 1,26.4499,80.3319,5.09,5.03,1.1,True
Norethisterone,Tablet 5 mg,Demo Pharmacy 4,26.455,80.355,5.09,3.81,25.1,True
Norethisterone,Tablet 5 mg,Demo Pharmacy 5,26.448,80.31,5.09,3.89,23.6,True
Norethisterone,Tablet 5 mg,Demo Pharmacy 3,26.47,80.34,5.09,4.81,5.6,True
Omeprazole,Capsule 10 mg,Demo Pharmacy 3,26.47,80.34,2.11,1.52,27.9,True
Omeprazole,Capsule 10 mg,Demo Pharmacy 1,26.4499,80.3319,2.11,1.9,10.1,True
Omeprazole,Capsule 10 mg,Demo Pharmacy 4,26.455,80.355,2.11,1.82,13.6,True
Omeprazole,Capsule 10 mg,Demo Pharmacy 2,26.461,80.32,2.11,1.7,19.2,True
Omeprazole,Capsule 10 mg,Demo Pharmacy 5,26.448,80.31,2.11,1.78,15.7,True
Omeprazole,Capsule 20 mg,Demo Pharmacy 5,26.448,80.31,2.49,2.35,5.8,True
Omeprazole,Capsule 20 mg,Demo Pharmacy 4,26.455,80.355,2.49,2.41,3.4,True
Omeprazole,Capsule 20 mg,Demo Pharmacy 2,26.461,80.32,2.49,2.37,4.9,True
Omeprazole,Capsule 40 mg,Demo Pharmacy 3,26.47,80.34,4.92,3.75,23.7,True
Omeprazole,Capsule 40 mg,Demo Pharmacy 2,26.461,80.32,4.92,4.08,17.0,True
Omeprazole,Capsule 40 mg,Demo Pharmacy 1,26.4499,80.3319,4.92,3.8,22.7,True
Omeprazole,Capsule 40 mg,Demo Pharmacy 4,26.455,80.355,4.92,4.66,5.3,True
Omeprazole,Powder for oral Liquid 20 mg,Demo Pharmacy 4,26.455,80.355,1.22,1.07,12.0,True
Omeprazole,Powder for oral Liquid 20 mg,Demo Pharmacy 5,26.448,80.31,1.22,1.19,2.9,True
Omeprazole,Powder for oral Liquid 20 mg,Demo Pharmacy 3,26.47,80.34,1.22,0.86,29.5,True
Omeprazole,Powder for oral Liquid 20 mg,Demo Pharmacy 2,26.461,80.32,1.22,1.05,14.3,True
Omeprazole,Powder for oral Liquid 20 mg,Demo Pharmacy 1,26.4499,80.3319,1.22,0.88,28.1,True
Omeprazole,Tablet 10 mg,Demo Pharmacy 3,26.47,80.34,4.42,3.83,13.4,True
Omeprazole,Tablet 10 mg,Demo Pharmacy 4,26.455,80.355,4.42,4.07,8.0,True
Omeprazole,Tablet 10 mg,Demo Pharmacy 1,26.4499,80.3319,4.42,3.98,9.9,True
Omeprazole,Tablet 20 mg,Demo Pharmacy 5,26.448,80.31,4.91,4.82,1.9,True
Omeprazole,Tablet 20 mg,Demo Pharmacy 1,26.4499,80.3319,4.91,4.74,3.5,True
Omeprazole,Tablet 20 mg,Demo Pharmacy 2,26.461,80.32,4.91,4.46,9.2,True
Omeprazole,Tablet 20 mg,Demo Pharmacy 3,26.47,80.34,4.91,4.31,12.2,True
Omeprazole,Tablet 20 mg,Demo Pharmacy 4,26.455,80.355,4.91,4.17,15.1,True
Omeprazole,Tablet 40 mg,Demo Pharmacy 3,26.47,80.34,8.31,6.78,18.4,True
Omeprazole,Tablet 40 mg,Demo Pharmacy 1,26.4499,80.3319,8.31,7.76,6.6,True
Omeprazole,Tablet 40 mg,Demo Pharmacy 5,26.448,80.31,8.31,7.98,4.0,True
Omeprazole,Tablet 40 mg,Demo Pharmacy 2,26.461,80.32,8.31,7.93,4.6,True
Omeprazole,Tablet 40 mg,Demo Pharmacy 4,26.455,80.355,8.31,6.45,22.4,True
Ondansetron,Injection 2 mg/ml,Demo Pharmacy 3,26.47,80.34,5.83,4.5,22.9,True
Ondansetron,Injection 2 mg/ml,Demo Pharmacy 4,26.455,80.355,5.83,4.64,20.4,True
Ondansetron,Injection 2 mg/ml,Demo Pharmacy 5,26.448,80.31,5.83,4.79,17.9,True
Ondansetron,Injection 2 mg/ml,Demo Pharmacy 2,26.461,80.32,5.83,4.45,23.6,True
Ondansetron,Injection 2 mg/ml,Demo Pharmacy 1,26.4499,80.3319,5.83,4.91,15.8,True
Ondansetron,Oral Liquid 2 mg/5ml,Demo Pharmacy 3,26.47,80.34,1.13,0.85,24.9,True
Ondansetron,Oral Liquid 2 mg/5ml,Demo Pharmacy 1,26.4499,80.3319,1.13,0.82,27.1,True
Ondansetron,Oral Liquid 2 mg/5ml,Demo Pharmacy 5,26.448,80.31,1.13,1.06,6.1,True
Ondansetron,Oral Liquid 2 mg/5ml,Demo Pharmacy 4,26.455,80.355,1.13,0.95,16.1,True
Ondansetron,Oral Liquid 2 mg/5ml,Demo Pharmacy 2,26.461,80.32,1.13,1.07,4.9,True
Ondansetron,Tablet 4 mg,Demo Pharmacy 4,26.455,80.355,4.69,4.56,2.7,True
Ondansetron,Tablet 4 mg,Demo Pharmacy 1,26.4499,80.3319,4.69,3.97,15.3,True
Ondansetron,Tablet 4 mg,Demo Pharmacy 3,26.47,80.34,4.69,3.55,24.3,True
Ondansetron,Tablet 4 mg,Demo Pharmacy 5,26.448,80.31,4.69,4.05,13.6,True
Ondansetron,Tablet 4 mg,Demo Pharmacy 2,26.461,80.32,4.69,3.97,15.4,True
Ondansetron,Tablet 8 mg,Demo Pharmacy 5,26.448,80.31,9.73,7.77,20.2,True
Ondansetron,Tablet 8 mg,Demo Pharmacy 1,26.4499,80.3319,9.73,8.83,9.2,True
Ondansetron,Tablet 8 mg,Demo Pharmacy 3,26.47,80.34,9.73,9.67,0.7,True
Ondansetron,Tablet 8 mg,Demo Pharmacy 2,26.461,80.32,9.73,8.99,7.6,True
Oral Rehydration Salts,As Licensed,Demo Pharmacy 2,26.461,80.32,0.89,0.78,12.7,True
Oral Rehydration Salts,As Licensed,Demo Pharmacy 1,26.4499,80.3319,0.89,0.7,21.0,True
Oral Rehydration Salts,As Licensed,Demo Pharmacy 4,26.455,80.355,0.89,0.75,16.2,True
Oxaliplatin,Injection 100mg(as licensed),Demo Pharmacy 1,26.4499,80.3319,4455.9,4072.13,8.6,True
Oxaliplatin,Injection 100mg(as licensed),Demo Pharmacy 4,26.455,80.355,4455.9,4215.31,5.4,True
Oxaliplatin,Injection 100mg(as licensed),Demo Pharmacy 5,26.448,80.31,4455.9,4274.86,4.1,True
Oxaliplatin,Injection 50mg(as licensed),Demo Pharmacy 4,26.455,80.355,2591.45,2299.41,11.3,True
Oxaliplatin,Injection 50mg(as licensed),Demo Pharmacy 3,26.47,80.34,2591.45,2060.67,20.5,True
Oxaliplatin,Injection 50mg(as licensed),Demo Pharmacy 2,26.461,80.32,2591.45,2076.95,19.9,True
Oxaliplatin,Injection 50mg(as licensed),Demo Pharmacy 5,26.448,80.31,2591.45,2172.18,16.2,True
Oxaliplatin,Injection 50mg(as licensed),Demo Pharmacy 1,26.4499,80.3319,2591.45,2083.37,19.6,True
Oxytocin,Injection 10 IU/ml,Demo Pharmacy 1,26.4499,80.3319,39.28,33.05,15.9,True
Oxytocin,Injection 10 IU/ml,Demo Pharmacy 2,26.461,80.32,39.28,30.7,21.8,True
Oxytocin,Injection 10 IU/ml,Demo Pharmacy 3,26.47,80.34,39.28,36.66,6.7,True
Oxytocin,Injection 10 IU/ml,Demo Pharmacy 4,26.455,80.355,39.28,39.24,0.1,True
Oxytocin,Injection 5IU/ml,Demo Pharmacy 3,26.47,80.34,17.6,13.8,21.6,True
Oxytocin,Injection 5IU/ml,Demo Pharmacy 4,26.455,80.355,17.6,15.36,12.7,True
Oxytocin,Injection 5IU/ml,Demo Pharmacy 5,26.448,80.31,17.6,15.6,11.4,True
Paclitaxel,Injection 100 mg/16.7 ml,Demo Pharmacy 2,26.461,80.32,222.53,212.17,4.7,True
Paclitaxel,Injection 100 mg/16.7 ml,Demo Pharmacy 4,26.455,80.355,222.53,209.95,5.7,True
Paclitaxel,Injection 100 mg/16.7 ml,Demo Pharmacy 5,26.448,80.31,222.53,164.1,26.3,True
Paclitaxel,Injection 30 mg/ 5ml,Demo Pharmacy 1,26.4499,80.3319,222.53,171.39,23.0,True
Paclitaxel,Injection 30 mg/ 5ml,Demo Pharmacy 4,26.455,80.355,222.53,163.53,26.5,True
Paclitaxel,Injection 30 mg/ 5ml,Demo Pharmacy 3,26.47,80.34,222.53,221.49,0.5,True
Pantoprazole,Injection 40 mg,Demo Pharmacy 1,26.4499,80.3319,44.39,43.94,1.0,True
Pantoprazole,Injection 40 mg,Demo Pharmacy 5,26.448,80.31,44.39,36.43,17.9,True
Pantoprazole,Injection 40 mg,Demo Pharmacy 3,26.47,80.34,44.39,35.02,21.1,True
Para-aminosalicylic acid,Granules (As licensed),Demo Pharmacy 2,26.461,80.32,2.83,2.46,13.2,True
Para-aminosalicylic acid,Granules (As licensed),Demo Pharmacy 1,26.4499,80.3319,2.83,2.37,16.2,True
Para-aminosalicylic acid,Granules (As licensed),Demo Pharmacy 5,26.448,80.31,2.83,2.19,22.6,True
Paracetamol,Oral Liquid 100 mg/5ml,Demo Pharmacy 2,26.461,80.32,0.51,0.39,24.5,True
Paracetamol,Oral Liquid 100 mg/5ml,Demo Pharmacy 3,26.47,80.34,0.51,0.4,21.9,True
Paracetamol,Oral Liquid 100 mg/5ml,Demo Pharmacy 1,26.4499,80.3319,0.51,0.46,9.6,True
Paracetamol,Oral Liquid 120 mg/5ml,Demo Pharmacy 3,26.47,80.34,0.53,0.46,12.4,True
Paracetamol,Oral Liquid 120 mg/5ml,Demo Pharmacy 2,26.461,80.32,0.53,0.49,8.3,True
Paracetamol,Oral Liquid 120 mg/5ml,Demo Pharmacy 4,26.455,80.355,0.53,0.44,16.7,True
Paracetamol,Oral Liquid 120 mg/5ml,Demo Pharmacy 1,26.4499,80.3319,0.53,0.44,17.8,True
Paracetamol,Oral Liquid 120 mg/5ml,Demo Pharmacy 5,26.448,80.31,0.53,0.41,22.1,True
Paracetamol,Oral Liquid 125 mg/5ml,Demo Pharmacy 4,26.455,80.355,0.34,0.24,29.2,True
Paracetamol,Oral Liquid 125 mg/5ml,Demo Pharmacy 5,26.448,80.31,0.34,0.24,28.2,True
Paracetamol,Oral Liquid 125 mg/5ml,Demo Pharmacy 1,26.4499,80.3319,0.34,0.27,20.1,True
Paracetamol,Oral Liquid 150 mg/5ml,Demo Pharmacy 3,26.47,80.34,0.58,0.51,11.3,True
Paracetamol,Oral Liquid 150 mg/5ml,Demo Pharmacy 4,26.455,80.355,0.58,0.45,22.6,True
Paracetamol,Oral Liquid 150 mg/5ml,Demo Pharmacy 2,26.461,80.32,0.58,0.5,14.2,True
Paracetamol,Oral Liquid 150 mg/5ml,Demo Pharmacy 1,26.4499,80.3319,0.58,0.43,25.5,True
Paracetamol,Oral Liquid 150 mg/5ml,Demo Pharmacy 5,26.448,80.31,0.58,0.53,9.0,True
Paracetamol,Oral Liquid 250 mg/5ml,Demo Pharmacy 2,26.461,80.32,0.6,0.5,16.7,True
Paracetamol,Oral Liquid 250 mg/5ml,Demo Pharmacy 4,26.455,80.355,0.6,0.58,4.0,True
Paracetamol,Oral Liquid 250 mg/5ml,Demo Pharmacy 1,26.4499,80.3319,0.6,0.56,7.3,True
Paracetamol,Oral Liquid 250 mg/5ml,Demo Pharmacy 5,26.448,80.31,0.6,0.56,6.1,True
Paracetamol,Oral Liquid 250 mg/5ml,Demo Pharmacy 3,26.47,80.34,0.6,0.48,19.4,True
Paracetamol,Oral Liquid 500 mg/5ml,Demo Pharmacy 3,26.47,80.34,0.64,0.63,1.5,True
Paracetamol,Oral Liquid 500 mg/5ml,Demo Pharmacy 1,26.4499,80.3319,0.64,0.57,11.3,True
Paracetamol,Oral Liquid 500 mg/5ml,Demo Pharmacy 5,26.448,80.31,0.64,0.52,18.1,True
Paracetamol,Oral Liquid 500 mg/5ml,Demo Pharmacy 4,26.455,80.355,0.64,0.63,1.2,True
Paracetamol,Oral Liquid 650 mg/5ml,Demo Pharmacy 2,26.461,80.32,0.52,0.49,6.3,True
Paracetamol,Oral Liquid 650 mg/5ml,Demo Pharmacy 5,26.448,80.31,0.52,0.38,27.2,True
Paracetamol,Oral Liquid 650 mg/5ml,Demo Pharmacy 4,26.455,80.355,0.52,0.47,9.1,True
Paracetamol,Tablet 500 mg,Demo Pharmacy 2,26.461,80.32,0.91,0.88,3.5,True
Paracetamol,Tablet 500 mg,Demo Pharmacy 5,26.448,80.31,0.91,0.64,30.0,True
Paracetamol,Tablet 500 mg,Demo Pharmacy 3,26.47,80.34,0.91,0.78,14.4,True
Paracetamol,Tablet 650 mg,Demo Pharmacy 5,26.448,80.31,1.83,1.33,27.5,True
Paracetamol,Tablet 650 mg,Demo Pharmacy 2,26.461,80.32,1.83,1.53,16.6,True
Paracetamol,Tablet 650 mg,Demo Pharmacy 4,26.455,80.355,1.83,1.4,23.3,True
Paracetamol,Injection 150 mg/ml,Demo Pharmacy 4,26.455,80.355,3.06,2.73,10.8,True
Paracetamol,Injection 150 mg/ml,Demo Pharmacy 3,26.47,80.34,3.06,2.25,26.5,True
Paracetamol,Injection 150 mg/ml,Demo Pharmacy 2,26.461,80.32,3.06,2.63,14.0,True
Paracetamol,Injection 150 mg/ml,Demo Pharmacy 5,26.448,80.31,3.06,2.32,24.1,True
Paracetamol,Suppository 170 mg,Demo Pharmacy 4,26.455,80.355,7.67,6.72,12.4,True
Paracetamol,Suppository 170 mg,Demo Pharmacy 3,26.47,80.34,7.67,6.38,16.9,True
Paracetamol,Suppository 170 mg,Demo Pharmacy 1,26.4499,80.3319,7.67,7.16,6.6,True
Paracetamol,Suppository 170 mg,Demo Pharmacy 2,26.461,80.32,7.67,7.33,4.4,True
Paracetamol,Suppository 170 mg,Demo Pharmacy 5,26.448,80.31,7.67,7.07,7.8,True
Paracetamol,Suppository 80 mg,Demo Pharmacy 5,26.448,80.31,6.49,5.85,9.9,True
Paracetamol,Suppository 80 mg,Demo Pharmacy 4,26.455,80.355,6.49,5.75,11.4,True
Paracetamol,Suppository 80 mg,Demo Pharmacy 2,26.461,80.32,6.49,4.87,25.0,True
Paracetamol,Suppository 80 mg,Demo Pharmacy 1,26.4499,80.3319,6.49,5.52,15.0,True
Paracetamol,Suppository 80 mg,Demo Pharmacy 3,26.47,80.34,6.49,5.22,19.6,True
Paracetamol Oral Liquid,100 mg/ml (pediatric),Demo Pharmacy 3,26.47,80.34,1.61,1.53,5.0,True
Paracetamol Oral Liquid,100 mg/ml (pediatric),Demo Pharmacy 5,26.448,80.31,1.61,1.23,23.8,True
Paracetamol Oral Liquid,100 mg/ml (pediatric),Demo Pharmacy 2,26.461,80.32,1.61,1.53,5.1,True
Paracetamol Oral Liquid,100 mg/ml (pediatric),Demo Pharmacy 4,26.455,80.355,1.61,1.26,21.6,True
Paracetamol Oral Liquid,100 mg/ml (pediatric),Demo Pharmacy 1,26.4499,80.3319,1.61,1.37,14.6,True
Pegylated interferon alfa 2a,Injection 180mcg,Demo Pharmacy 1,26.4499,80.3319,7889.76,6913.66,12.4,True
Pegylated interferon alfa 2a,Injection 180mcg,Demo Pharmacy 5,26.448,80.31,7889.76,5895.52,25.3,True
Pegylated interferon alfa 2a,Injection 180mcg,Demo Pharmacy 4,26.455,80.355,7889.76,7341.97,6.9,True
Pegylated interferon alfa 2a,Injection 180mcg,Demo Pharmacy 3,26.47,80.34,7889.76,6215.94,21.2,True
Pegylated interferon alfa 2a,Injection 180mcg,Demo Pharmacy 2,26.461,80.32,7889.76,7868.12,0.3,True
Pegylated interferon alfa 2b,Injection 100mcg,Demo Pharmacy 4,26.455,80.355,15599.0,15525.38,0.5,True
Pegylated interferon alfa 2b,Injection 100mcg,Demo Pharmacy 3,26.47,80.34,15599.0,13108.41,16.0,True
Pegylated interferon alfa 2b,Injection 100mcg,Demo Pharmacy 1,26.4499,80.3319,15599.0,13674.06,12.3,True
Pegylated interferon alfa 2b,Injection 100mcg,Demo Pharmacy 2,26.461,80.32,15599.0,15520.73,0.5,True
Pegylated interferon alfa 2b,Injection 100mcg,Demo Pharmacy 5,26.448,80.31,15599.0,12219.35,21.7,True
Pegylated interferon alfa 2b,Injection 120mcg,Demo Pharmacy 3,26.47,80.34,14527.08,14060.69,3.2,True
Pegylated interferon alfa 2b,Injection 120mcg,Demo Pharmacy 1,26.4499,80.3319,14527.08,14107.33,2.9,True
Pegylated interferon alfa 2b,Injection 120mcg,Demo Pharmacy 5,26.448,80.31,14527.08,13878.17,4.5,True
Pegylated interferon alfa 2b,Injection 120mcg,Demo Pharmacy 2,26.461,80.32,14527.08,13690.62,5.8,True
Pegylated interferon alfa 2b,Injection 120mcg,Demo Pharmacy 4,26.455,80.355,14527.08,12232.72,15.8,True
Pegylated interferon alfa 2b,Injection 80mcg,Demo Pharmacy 3,26.47,80.34,12470.96,8881.95,28.8,True
Pegylated interferon alfa 2b,Injection 80mcg,Demo Pharmacy 4,26.455,80.355,12470.96,10753.72,13.8,True
Pegylated interferon alfa 2b,Injection 80mcg,Demo Pharmacy 1,26.4499,80.3319,12470.96,11561.05,7.3,True
Pegylated interferon alfa 2b,Injection 80mcg,Demo Pharmacy 2,26.461,80.32,12470.96,9862.4,20.9,True
Penicillamine,Capsule 250 mg,Demo Pharmacy 1,26.4499,80.3319,14.82,13.13,11.4,True
Penicillamine,Capsule 250 mg,Demo Pharmacy 5,26.448,80.31,14.82,12.36,16.6,True
Penicillamine,Capsule 250 mg,Demo Pharmacy 4,26.455,80.355,14.82,14.57,1.7,True
Penicillamine,Capsule 250 mg,Demo Pharmacy 2,26.461,80.32,14.82,14.78,0.3,True
Permethrin,Cream 1%,Demo Pharmacy 1,26.4499,80.3319,1.6,1.29,19.3,True
Permethrin,Cream 1%,Demo Pharmacy 4,26.455,80.355,1.6,1.44,9.9,True
Permethrin,Cream 1%,Demo Pharmacy 2,26.461,80.32,1.6,1.13,29.3,True
Permethrin,Cream 5%,Demo Pharmacy 5,26.448,80.31,1.73,1.62,6.3,True
Permethrin,Cream 5%,Demo Pharmacy 1,26.4499,80.3319,1.73,1.28,26.0,True
Permethrin,Cream 5%,Demo Pharmacy 4,26.455,80.355,1.73,1.27,26.6,True
Permethrin,Gel 5%,Demo Pharmacy 3,26.47,80.34,1.46,1.07,27.0,True
Permethrin,Gel 5%,Demo Pharmacy 1,26.4499,80.3319,1.46,1.21,16.9,True
Permethrin,Gel 5%,Demo Pharmacy 4,26.455,80.355,1.46,1.45,1.0,True
Permethrin,Gel 5%,Demo Pharmacy 2,26.461,80.32,1.46,1.05,27.9,True
Permethrin,Lotion 1%,Demo Pharmacy 1,26.4499,80.3319,0.91,0.7,22.6,True
Permethrin,Lotion 1%,Demo Pharmacy 2,26.461,80.32,0.91,0.72,21.4,True
Permethrin,Lotion 1%,Demo Pharmacy 3,26.47,80.34,0.91,0.8,11.9,True
Permethrin,Lotion 1%,Demo Pharmacy 5,26.448,80.31,0.91,0.89,2.3,True
Permethrin,Lotion 5%,Demo Pharmacy 5,26.448,80.31,0.97,0.73,25.0,True
Permethrin,Lotion 5%,Demo Pharmacy 2,26.461,80.32,0.97,0.86,11.7,True
Permethrin,Lotion 5%,Demo Pharmacy 3,26.47,80.34,0.97,0.71,26.9,True
Pheniramine,Injection 22.75 mg/ml (2ml),Demo Pharmacy 4,26.455,80.355,2.28,1.94,15.0,True
Pheniramine,Injection 22.75 mg/ml (2ml),Demo Pharmacy 2,26.461,80.32,2.28,1.61,29.2,True
Pheniramine,Injection 22.75 mg/ml (2ml),Demo Pharmacy 3,26.47,80.34,2.28,2.24,1.6,True
Pheniramine,Injection 22.75 mg/ml (2ml),Demo Pharmacy 1,26.4499,80.3319,2.28,1.98,13.1,True
Pheniramine,Injection 22.75 mg/ml(10ml),Demo Pharmacy 3,26.47,80.34,1.7,1.68,0.9,True
Pheniramine,Injection 22.75 mg/ml(10ml),Demo Pharmacy 4,26.455,80.355,1.7,1.56,8.2,True
Pheniramine,Injection 22.75 mg/ml(10ml),Demo Pharmacy 2,26.461,80.32,1.7,1.19,29.8,True
Phenobarbitone,Injection 200 mg/ml,Demo Pharmacy 2,26.461,80.32,19.11,16.63,13.0,True
Phenobarbitone,Injection 200 mg/ml,Demo Pharmacy 3,26.47,80.34,19.11,15.21,20.4,True
Phenobarbitone,Injection 200 mg/ml,Demo Pharmacy 4,26.455,80.355,19.11,15.32,19.8,True
Phenobarbitone,Injection 200 mg/ml,Demo Pharmacy 5,26.448,80.31,19.11,18.62,2.6,True
Phenobarbitone,Tablet 30 mg,Demo Pharmacy 3,26.47,80.34,1.22,1.12,8.0,True
Phenobarbitone,Tablet 30 mg,Demo Pharmacy 2,26.461,80.32,1.22,1.08,11.4,True
Phenobarbitone,Tablet 30 mg,Demo Pharmacy 5,26.448,80.31,1.22,0.93,23.5,True
Phenobarbitone,Tablet 30 mg,Demo Pharmacy 1,26.4499,80.3319,1.22,1.16,4.6,True
Phenobarbitone,Tablet 30 mg,Demo Pharmacy 4,26.455,80.355,1.22,1.08,11.7,True
Phenobarbitone,Tablet 60 mg,Demo Pharmacy 1,26.4499,80.3319,1.76,1.53,13.3,True
Phenobarbitone,Tablet 60 mg,Demo Pharmacy 5,26.448,80.31,1.76,1.36,22.8,True
Phenobarbitone,Tablet 60 mg,Demo Pharmacy 4,26.455,80.355,1.76,1.71,3.1,True
Phenobarbitone,Tablet 60 mg,Demo Pharmacy 2,26.461,80.32,1.76,1.71,2.6,True
Phenobarbitone,Oral liquid 20 mg/5 ml,Demo Pharmacy 4,26.455,80.355,0.44,0.43,2.7,True
Phenobarbitone,Oral liquid 20 mg/5 ml,Demo Pharmacy 5,26.448,80.31,0.44,0.37,16.6,True
Phenobarbitone,Oral liquid 20 mg/5 ml,Demo Pharmacy 1,26.4499,80.3319,0.44,0.36,17.9,True
Phenobarbitone,Oral liquid 20 mg/5 ml,Demo Pharmacy 3,26.47,80.34,0.44,0.34,23.5,True
Phenylephrine,Drop 10%,Demo Pharmacy 1,26.4499,80.3319,8.06,6.18,23.4,True
Phenylephrine,Drop 10%,Demo Pharmacy 3,26.47,80.34,8.06,6.31,21.7,True
Phenylephrine,Drop 10%,Demo Pharmacy 2,26.461,80.32,8.06,6.71,16.8,True
Phenylephrine,Drop 10%,Demo Pharmacy 4,26.455,80.355,8.06,5.66,29.8,True
Phenylephrine,Drops 5%,Demo Pharmacy 5,26.448,80.31,3.72,3.3,11.4,True
Phenylephrine,Drops 5%,Demo Pharmacy 2,26.461,80.32,3.72,3.57,4.2,True
Phenylephrine,Drops 5%,Demo Pharmacy 3,26.47,80.34,3.72,3.38,9.0,True
Phenytoin,Capsule 100 mg,Demo Pharmacy 2,26.461,80.32,1.52,1.39,8.3,True
Phenytoin,Capsule 100 mg,Demo Pharmacy 1,26.4499,80.3319,1.52,1.38,9.0,True
Phenytoin,Capsule 100 mg,Demo Pharmacy 4,26.455,80.355,1.52,1.16,23.5,True
Phenytoin,Capsule 100 mg,Demo Pharmacy 5,26.448,80.31,1.52,1.36,10.8,True
Phenytoin,Capsule 300 mg,Demo Pharmacy 4,26.455,80.355,3.8,3.68,3.2,True
Phenytoin,Capsule 300 mg,Demo Pharmacy 2,26.461,80.32,3.8,3.45,9.1,True
Phenytoin,Capsule 300 mg,Demo Pharmacy 5,26.448,80.31,3.8,2.72,28.5,True
Phenytoin,ERCapsule 300 mg,Demo Pharmacy 5,26.448,80.31,3.8,3.42,10.0,True
Phenytoin,ERCapsule 300 mg,Demo Pharmacy 4,26.455,80.355,3.8,2.87,24.5,True
Phenytoin,ERCapsule 300 mg,Demo Pharmacy 2,26.461,80.32,3.8,2.82,25.8,True
Phenytoin,ERCapsule 300 mg,Demo Pharmacy 3,26.47,80.34,3.8,2.69,29.2,True
Phenytoin,injection 25 mg/ml,Demo Pharmacy 3,26.47,80.34,2.51,1.8,28.4,True
Phenytoin,injection 25 mg/ml,Demo Pharmacy 5,26.448,80.31,2.51,2.36,6.0,True
Phenytoin,injection 25 mg/ml,Demo Pharmacy 4,26.455,80.355,2.51,2.27,9.4,True
Phenytoin,Injection 50 mg/ml,Demo Pharmacy 3,26.47,80.34,5.36,3.8,29.0,True
Phenytoin,Injection 50 mg/ml,Demo Pharmacy 5,26.448,80.31,5.36,4.1,23.5,True
Phenytoin,Injection 50 mg/ml,Demo Pharmacy 4,26.455,80.355,5.36,4.84,9.8,True
Phenytoin,Injection 50 mg/ml,Demo Pharmacy 2,26.461,80.32,5.36,4.91,8.4,True
Phenytoin,Oral Liquid 125 mg/5ml,Demo Pharmacy 3,26.47,80.34,0.9,0.74,17.8,True
Phenytoin,Oral Liquid 125 mg/5ml,Demo Pharmacy 1,26.4499,80.3319,0.9,0.75,16.4,True
Phenytoin,Oral Liquid 125 mg/5ml,Demo Pharmacy 5,26.448,80.31,0.9,0.72,20.5,True
Phenytoin,Oral Liquid 125 mg/5ml,Demo Pharmacy 4,26.455,80.355,0.9,0.75,16.5,True
Phenytoin,Oral Liquid 30 mg/5ml,Demo Pharmacy 4,26.455,80.355,0.31,0.23,24.6,True
Phenytoin,Oral Liquid 30 mg/5ml,Demo Pharmacy 2,26.461,80.32,0.31,0.24,23.9,True
Phenytoin,Oral Liquid 30 mg/5ml,Demo Pharmacy 5,26.448,80.31,0.31,0.27,12.3,True
Phenytoin,Oral Liquid 30 mg/5ml,Demo Pharmacy 3,26.47,80.34,0.31,0.26,15.0,True
Phenytoin,Oral Liquid 30 mg/5ml,Demo Pharmacy 1,26.4499,80.3319,0.31,0.25,19.0,True
Phenytoin,ER Tablet 300 mg,Demo Pharmacy 3,26.47,80.34,5.79,5.06,12.7,True
Phenytoin,ER Tablet 300 mg,Demo Pharmacy 2,26.461,80.32,5.79,5.14,11.3,True
Phenytoin,ER Tablet 300 mg,Demo Pharmacy 5,26.448,80.31,5.79,5.01,13.5,True
Phenytoin,Tablet 100 mg,Demo Pharmacy 4,26.455,80.355,1.55,1.18,23.7,True
Phenytoin,Tablet 100 mg,Demo Pharmacy 5,26.448,80.31,1.55,1.38,10.8,True
Phenytoin,Tablet 100 mg,Demo Pharmacy 3,26.47,80.34,1.55,1.13,26.9,True
Phenytoin,Tablet 100 mg,Demo Pharmacy 2,26.461,80.32,1.55,1.3,16.1,True
Phenytoin,Tablet 100 mg,Demo Pharmacy 1,26.4499,80.3319,1.55,1.25,19.1,True
Phenytoin,Tablet 300 mg,Demo Pharmacy 1,26.4499,80.3319,4.73,3.79,19.9,True
Phenytoin,Tablet 300 mg,Demo Pharmacy 2,26.461,80.32,4.73,4.49,5.0,True
Phenytoin,Tablet 300 mg,Demo Pharmacy 3,26.47,80.34,4.73,3.86,18.4,True
Phenytoin,Tablet 50 mg,Demo Pharmacy 4,26.455,80.355,0.74,0.72,3.0,True
Phenytoin,Tablet 50 mg,Demo Pharmacy 3,26.47,80.34,0.74,0.69,6.7,True
Phenytoin,Tablet 50 mg,Demo Pharmacy 2,26.461,80.32,0.74,0.57,22.4,True
Phenytoin,Tablet 50 mg,Demo Pharmacy 1,26.4499,80.3319,0.74,0.62,16.7,True
Phenytoin,Tablet 50 mg,Demo Pharmacy 5,26.448,80.31,0.74,0.59,20.6,True
"Phytomenadione (Vitamin 
K1)",Injection 10mg/ml,Demo Pharmacy 4,26.455,80.355,47.74,41.11,13.9,True
"Phytomenadione (Vitamin 
K1)",Injection 10mg/ml,Demo Pharmacy 3,26.47,80.34,47.74,38.01,20.4,True
"Phytomenadione (Vitamin 
K1)",Injection 10mg/ml,Demo Pharmacy 2,26.461,80.32,47.74,37.85,20.7,True
"Phytomenadione (Vitamin 
K1)",Tablet 10mg,Demo Pharmacy 3,26.47,80.34,14.48,14.03,3.1,True
"Phytomenadione (Vitamin 
K1)",Tablet 10mg,Demo Pharmacy 1,26.4499,80.3319,14.48,12.67,12.5,True
"Phytomenadione (Vitamin 
K1)",Tablet 10mg,Demo Pharmacy 2,26.461,80.32,14.48,10.3,28.9,True
Pilocarpine,Drops 2%,Demo Pharmacy 2,26.461,80.32,10.08,9.04,10.3,True
Pilocarpine,Drops 2%,Demo Pharmacy 3,26.47,80.34,10.08,7.71,23.5,True
Pilocarpine,Drops 2%,Demo Pharmacy 5,26.448,80.31,10.08,8.5,15.6,True
Pilocarpine,Drops 4%,Demo Pharmacy 4,26.455,80.355,11.65,10.54,9.6,True
Pilocarpine,Drops 4%,Demo Pharmacy 1,26.4499,80.3319,11.65,10.6,9.0,True
Pilocarpine,Drops 4%,Demo Pharmacy 2,26.461,80.32,11.65,8.82,24.3,True
Pilocarpine,Drops 4%,Demo Pharmacy 3,26.47,80.34,11.65,11.25,3.5,True
"Piperacillin (A) + 
Tazobactam (B)","Powder for Injection 1 g (A) 
+ 125 mg(B)",Demo Pharmacy 1,26.4499,80.3319,88.14,74.5,15.5,True
"Piperacillin (A) + 
Tazobactam (B)","Powder for Injection 1 g (A) 
+ 125 mg(B)",Demo Pharmacy 2,26.461,80.32,88.14,73.55,16.6,True
"Piperacillin (A) + 
Tazobactam (B)","Powder for Injection 1 g (A) 
+ 125 mg(B)",Demo Pharmacy 3,26.47,80.34,88.14,79.39,9.9,True
"Piperacillin (A) + 
Tazobactam (B)","Powder for Injection 1 g (A) 
+ 125 mg(B)",Demo Pharmacy 5,26.448,80.31,88.14,76.87,12.8,True
"Piperacillin (A) + 
Tazobactam (B)","Powder for Injection 2 g (A) 
+ 250 mg(B)",Demo Pharmacy 2,26.461,80.32,208.51,196.85,5.6,True
"Piperacillin (A) + 
Tazobactam (B)","Powder for Injection 2 g (A) 
+ 250 mg(B)",Demo Pharmacy 4,26.455,80.355,208.51,167.39,19.7,True
"Piperacillin (A) + 
Tazobactam (B)","Powder for Injection 2 g (A) 
+ 250 mg(B)",Demo Pharmacy 3,26.47,80.34,208.51,183.77,11.9,True
"Piperacillin (A) + 
Tazobactam (B)","Powder for Injection 2 g (A) 
+ 250 mg(B)",Demo Pharmacy 1,26.4499,80.3319,208.51,162.38,22.1,True
"Piperacillin (A) + 
Tazobactam (B)","Powder for Injection 4 g (A) 
+ 500 mg(B)",Demo Pharmacy 4,26.455,80.355,438.0,437.42,0.1,True
"Piperacillin (A) + 
Tazobactam (B)","Powder for Injection 4 g (A) 
+ 500 mg(B)",Demo Pharmacy 5,26.448,80.31,438.0,409.78,6.4,True
"Piperacillin (A) + 
Tazobactam (B)","Powder for Injection 4 g (A) 
+ 500 mg(B)",Demo Pharmacy 2,26.461,80.32,438.0,401.43,8.4,True
Potassium chloride,Injection 150 mg/ml,Demo Pharmacy 1,26.4499,80.3319,2.42,2.18,9.8,True
Potassium chloride,Injection 150 mg/ml,Demo Pharmacy 5,26.448,80.31,2.42,2.09,13.7,True
Potassium chloride,Injection 150 mg/ml,Demo Pharmacy 3,26.47,80.34,2.42,2.23,7.9,True
Potassium chloride,Injection 150 mg/ml,Demo Pharmacy 4,26.455,80.355,2.42,1.79,25.9,True
Potassium chloride,Injection 150 mg/ml,Demo Pharmacy 2,26.461,80.32,2.42,2.04,15.8,True
Potassium chloride,Oral Liquid 500 mg/5ml,Demo Pharmacy 3,26.47,80.34,0.29,0.26,10.4,True
Potassium chloride,Oral Liquid 500 mg/5ml,Demo Pharmacy 4,26.455,80.355,0.29,0.22,25.4,True
Potassium chloride,Oral Liquid 500 mg/5ml,Demo Pharmacy 5,26.448,80.31,0.29,0.24,18.5,True
Potassium chloride,Oral Liquid 500 mg/5ml,Demo Pharmacy 2,26.461,80.32,0.29,0.22,24.4,True
Potassium chloride,Oral Liquid 500 mg/5ml,Demo Pharmacy 1,26.4499,80.3319,0.29,0.23,21.2,True
Potassium permanganate,Crystals for topical solution,Demo Pharmacy 5,26.448,80.31,0.44,0.4,9.4,True
Potassium permanganate,Crystals for topical solution,Demo Pharmacy 1,26.4499,80.3319,0.44,0.41,7.2,True
Potassium permanganate,Crystals for topical solution,Demo Pharmacy 3,26.47,80.34,0.44,0.42,3.5,True
Potassium permanganate,Crystals for topical solution,Demo Pharmacy 4,26.455,80.355,0.44,0.39,11.2,True
Povidone iodine,Ointment 10%,Demo Pharmacy 5,26.448,80.31,5.19,4.26,17.9,True
Povidone iodine,Ointment 10%,Demo Pharmacy 4,26.455,80.355,5.19,4.3,17.2,True
Povidone iodine,Ointment 10%,Demo Pharmacy 2,26.461,80.32,5.19,4.53,12.7,True
Povidone iodine,Solution 4%,Demo Pharmacy 5,26.448,80.31,1.73,1.48,14.7,True
Povidone iodine,Solution 4%,Demo Pharmacy 2,26.461,80.32,1.73,1.66,4.2,True
Povidone iodine,Solution 4%,Demo Pharmacy 3,26.47,80.34,1.73,1.57,9.4,True
Povidone iodine,Solution 4%,Demo Pharmacy 1,26.4499,80.3319,1.73,1.5,13.5,True
Povidone iodine,Solution 7.5%,Demo Pharmacy 3,26.47,80.34,0.77,0.74,4.1,True
Povidone iodine,Solution 7.5%,Demo Pharmacy 1,26.4499,80.3319,0.77,0.58,24.5,True
Povidone iodine,Solution 7.5%,Demo Pharmacy 2,26.461,80.32,0.77,0.55,28.9,True
Povidone Iodine,Solution 10%,Demo Pharmacy 4,26.455,80.355,0.93,0.73,21.3,True
Povidone Iodine,Solution 10%,Demo Pharmacy 5,26.448,80.31,0.93,0.81,13.3,True
Povidone Iodine,Solution 10%,Demo Pharmacy 3,26.47,80.34,0.93,0.88,5.0,True
Povidone Iodine,Solution 10%,Demo Pharmacy 2,26.461,80.32,0.93,0.77,17.0,True
Povidone Iodine,Solution 10%,Demo Pharmacy 1,26.4499,80.3319,0.93,0.71,23.9,True
Povidone Iodine,Solution 5%,Demo Pharmacy 3,26.47,80.34,0.39,0.36,6.7,True
Povidone Iodine,Solution 5%,Demo Pharmacy 1,26.4499,80.3319,0.39,0.36,8.7,True
Povidone Iodine,Solution 5%,Demo Pharmacy 2,26.461,80.32,0.39,0.3,23.4,True
"Pralidoxime chloride (2-
PAM)",Injection 25 mg/ml,Demo Pharmacy 4,26.455,80.355,3.72,2.85,23.3,True
"Pralidoxime chloride (2-
PAM)",Injection 25 mg/ml,Demo Pharmacy 1,26.4499,80.3319,3.72,2.8,24.7,True
"Pralidoxime chloride (2-
PAM)",Injection 25 mg/ml,Demo Pharmacy 3,26.47,80.34,3.72,3.31,11.0,True
"Pralidoxime chloride (2-
PAM)",Injection 25 mg/ml,Demo Pharmacy 5,26.448,80.31,3.72,2.8,24.7,True
"Pralidoxime chloride (2-
PAM)",Injection 25 mg/ml,Demo Pharmacy 2,26.461,80.32,3.72,3.67,1.2,True
Prednisolone,Drops 1%,Demo Pharmacy 4,26.455,80.355,5.01,4.56,8.9,True
Prednisolone,Drops 1%,Demo Pharmacy 2,26.461,80.32,5.01,3.51,30.0,True
Prednisolone,Drops 1%,Demo Pharmacy 5,26.448,80.31,5.01,4.33,13.5,True
Prednisolone,Drops 1%,Demo Pharmacy 1,26.4499,80.3319,5.01,4.49,10.5,True
Prednisolone,Drops 1%,Demo Pharmacy 3,26.47,80.34,5.01,3.78,24.5,True
Prednisolone,Injection 20 mg/2ml,Demo Pharmacy 1,26.4499,80.3319,3.57,2.65,25.8,True
Prednisolone,Injection 20 mg/2ml,Demo Pharmacy 2,26.461,80.32,3.57,2.92,18.3,True
Prednisolone,Injection 20 mg/2ml,Demo Pharmacy 5,26.448,80.31,3.57,3.11,12.8,True
Prednisolone,Injection 20 mg/2ml,Demo Pharmacy 4,26.455,80.355,3.57,2.91,18.5,True
Prednisolone,Oral Liquid 15 mg/ 5ml,Demo Pharmacy 2,26.461,80.32,0.75,0.67,10.5,True
Prednisolone,Oral Liquid 15 mg/ 5ml,Demo Pharmacy 1,26.4499,80.3319,0.75,0.69,8.4,True
Prednisolone,Oral Liquid 15 mg/ 5ml,Demo Pharmacy 3,26.47,80.34,0.75,0.63,16.2,True
Prednisolone,Oral Liquid 5 mg/ 5ml,Demo Pharmacy 3,26.47,80.34,0.43,0.31,28.6,True
Prednisolone,Oral Liquid 5 mg/ 5ml,Demo Pharmacy 5,26.448,80.31,0.43,0.36,15.4,True
Prednisolone,Oral Liquid 5 mg/ 5ml,Demo Pharmacy 4,26.455,80.355,0.43,0.31,27.0,True
Prednisolone,Oral Liquid 5 mg/ 5ml,Demo Pharmacy 2,26.461,80.32,0.43,0.32,24.5,True
Prednisolone,Tablet 10 mg,Demo Pharmacy 4,26.455,80.355,0.97,0.72,26.0,True
Prednisolone,Tablet 10 mg,Demo Pharmacy 1,26.4499,80.3319,0.97,0.93,3.8,True
Prednisolone,Tablet 10 mg,Demo Pharmacy 2,26.461,80.32,0.97,0.72,26.0,True
Prednisolone,Tablet 20 mg,Demo Pharmacy 2,26.461,80.32,1.95,1.5,22.8,True
Prednisolone,Tablet 20 mg,Demo Pharmacy 3,26.47,80.34,1.95,1.55,20.3,True
Prednisolone,Tablet 20 mg,Demo Pharmacy 1,26.4499,80.3319,1.95,1.66,14.7,True
Prednisolone,Tablet 40 mg,Demo Pharmacy 3,26.47,80.34,2.8,2.27,19.0,True
Prednisolone,Tablet 40 mg,Demo Pharmacy 4,26.455,80.355,2.8,2.06,26.4,True
Prednisolone,Tablet 40 mg,Demo Pharmacy 2,26.461,80.32,2.8,2.72,2.8,True
Prednisolone,Tablet 40 mg,Demo Pharmacy 5,26.448,80.31,2.8,2.37,15.5,True
Prednisolone,Tablet 40 mg,Demo Pharmacy 1,26.4499,80.3319,2.8,2.57,8.3,True
Prednisolone,Tablet 5 mg,Demo Pharmacy 4,26.455,80.355,0.56,0.41,26.1,True
Prednisolone,Tablet 5 mg,Demo Pharmacy 5,26.448,80.31,0.56,0.42,25.4,True
Prednisolone,Tablet 5 mg,Demo Pharmacy 2,26.461,80.32,0.56,0.54,2.8,True
Prednisolone,Tablet 5 mg,Demo Pharmacy 1,26.4499,80.3319,0.56,0.4,29.2,True
"Premix Insulin 30:70 
Injection (Regular:NPH)",Injection 40 IU /ml,Demo Pharmacy 3,26.47,80.34,15.01,10.65,29.0,True
"Premix Insulin 30:70 
Injection (Regular:NPH)",Injection 40 IU /ml,Demo Pharmacy 1,26.4499,80.3319,15.01,11.3,24.7,True
"Premix Insulin 30:70 
Injection (Regular:NPH)",Injection 40 IU /ml,Demo Pharmacy 5,26.448,80.31,15.01,12.78,14.8,True
"Premix Insulin 30:70 
Injection (Regular:NPH)",Injection 40 IU /ml,Demo Pharmacy 2,26.461,80.32,15.01,13.56,9.7,True
"Premix Insulin 30:70 
Injection (Regular:NPH)",Injection 40 IU /ml,Demo Pharmacy 4,26.455,80.355,15.01,13.73,8.5,True
"Prilocaine (A) + Lignocaine 
(B)",Cream 2.5% (A) + 2.5% (B ),Demo Pharmacy 5,26.448,80.31,20.39,14.92,26.8,True
"Prilocaine (A) + Lignocaine 
(B)",Cream 2.5% (A) + 2.5% (B ),Demo Pharmacy 2,26.461,80.32,20.39,15.73,22.9,True
"Prilocaine (A) + Lignocaine 
(B)",Cream 2.5% (A) + 2.5% (B ),Demo Pharmacy 3,26.47,80.34,20.39,20.11,1.4,True
"Prilocaine (A) + Lignocaine 
(B)",Cream 2.5% (A) + 2.5% (B ),Demo Pharmacy 4,26.455,80.355,20.39,16.56,18.8,True
"Prilocaine (A) + Lignocaine 
(B)",Cream 2.5% (A) + 2.5% (B ),Demo Pharmacy 1,26.4499,80.3319,20.39,15.27,25.1,True
Primaquine,Tablet 15 mg,Demo Pharmacy 1,26.4499,80.3319,4.56,3.94,13.7,True
Primaquine,Tablet 15 mg,Demo Pharmacy 2,26.461,80.32,4.56,3.2,29.8,True
Primaquine,Tablet 15 mg,Demo Pharmacy 4,26.455,80.355,4.56,3.97,12.8,True
Primaquine,Tablet 2.5 mg,Demo Pharmacy 2,26.461,80.32,1.55,1.25,19.6,True
Primaquine,Tablet 2.5 mg,Demo Pharmacy 3,26.47,80.34,1.55,1.43,7.5,True
Primaquine,Tablet 2.5 mg,Demo Pharmacy 1,26.4499,80.3319,1.55,1.38,11.2,True
Primaquine,Tablet 2.5 mg,Demo Pharmacy 5,26.448,80.31,1.55,1.13,27.1,True
Primaquine,Tablet 2.5 mg,Demo Pharmacy 4,26.455,80.355,1.55,1.47,5.0,True
Primaquine,Tablet 7.5 mg,Demo Pharmacy 3,26.47,80.34,2.11,1.66,21.1,True
Primaquine,Tablet 7.5 mg,Demo Pharmacy 2,26.461,80.32,2.11,2.11,0.0,True
Primaquine,Tablet 7.5 mg,Demo Pharmacy 4,26.455,80.355,2.11,1.81,14.3,True
Primaquine,Tablet 7.5 mg,Demo Pharmacy 1,26.4499,80.3319,2.11,2.03,4.0,True
Procarbazine,Capsule 50 mg,Demo Pharmacy 5,26.448,80.31,34.47,34.39,0.2,True
Procarbazine,Capsule 50 mg,Demo Pharmacy 4,26.455,80.355,34.47,30.92,10.3,True
Procarbazine,Capsule 50 mg,Demo Pharmacy 1,26.4499,80.3319,34.47,33.22,3.6,True
Procarbazine,Tablet 50 mg,Demo Pharmacy 2,26.461,80.32,46.97,41.57,11.5,True
Procarbazine,Tablet 50 mg,Demo Pharmacy 4,26.455,80.355,46.97,36.67,21.9,True
Procarbazine,Tablet 50 mg,Demo Pharmacy 1,26.4499,80.3319,46.97,45.53,3.1,True
Procarbazine,Tablet 50 mg,Demo Pharmacy 3,26.47,80.34,46.97,42.55,9.4,True
Proparacaine,Drops 0.5%,Demo Pharmacy 2,26.461,80.32,9.94,9.74,2.1,True
Proparacaine,Drops 0.5%,Demo Pharmacy 4,26.455,80.355,9.94,8.26,16.9,True
Proparacaine,Drops 0.5%,Demo Pharmacy 1,26.4499,80.3319,9.94,8.12,18.3,True
Proparacaine,Drops 0.5%,Demo Pharmacy 3,26.47,80.34,9.94,9.45,4.9,True
Propofol,Injection 10 mg/ml,Demo Pharmacy 2,26.461,80.32,7.2,5.34,25.8,True
Propofol,Injection 10 mg/ml,Demo Pharmacy 5,26.448,80.31,7.2,7.01,2.6,True
Propofol,Injection 10 mg/ml,Demo Pharmacy 4,26.455,80.355,7.2,6.98,3.0,True
Propofol,Injection 10 mg/ml,Demo Pharmacy 3,26.47,80.34,7.2,5.57,22.6,True
Propranolol,Capsule 40 mg,Demo Pharmacy 4,26.455,80.355,3.79,3.51,7.4,True
Propranolol,Capsule 40 mg,Demo Pharmacy 3,26.47,80.34,3.79,3.06,19.3,True
Propranolol,Capsule 40 mg,Demo Pharmacy 2,26.461,80.32,3.79,3.51,7.4,True
Propranolol,Capsule 40 mg,Demo Pharmacy 5,26.448,80.31,3.79,3.11,18.0,True
Propranolol,Capsule 40 mg,Demo Pharmacy 1,26.4499,80.3319,3.79,2.97,21.6,True
Propranolol,Capsule 80 mg,Demo Pharmacy 1,26.4499,80.3319,5.76,4.47,22.4,True
Propranolol,Capsule 80 mg,Demo Pharmacy 3,26.47,80.34,5.76,5.25,8.9,True
Propranolol,Capsule 80 mg,Demo Pharmacy 5,26.448,80.31,5.76,5.67,1.6,True
Propranolol,Capsule 80 mg,Demo Pharmacy 4,26.455,80.355,5.76,4.21,26.9,True
Propranolol,Tablet 10 mg,Demo Pharmacy 4,26.455,80.355,1.16,1.08,7.2,True
Propranolol,Tablet 10 mg,Demo Pharmacy 5,26.448,80.31,1.16,0.94,19.1,True
Propranolol,Tablet 10 mg,Demo Pharmacy 1,26.4499,80.3319,1.16,1.14,2.1,True
Propranolol,Tablet 40 mg,Demo Pharmacy 3,26.47,80.34,2.75,2.43,11.6,True
Propranolol,Tablet 40 mg,Demo Pharmacy 5,26.448,80.31,2.75,2.06,25.2,True
Propranolol,Tablet 40 mg,Demo Pharmacy 1,26.4499,80.3319,2.75,2.4,12.6,True
Propranolol,Tablet 80 mg,Demo Pharmacy 2,26.461,80.32,4.98,4.96,0.4,True
Propranolol,Tablet 80 mg,Demo Pharmacy 4,26.455,80.355,4.98,4.66,6.5,True
Propranolol,Tablet 80 mg,Demo Pharmacy 1,26.4499,80.3319,4.98,3.6,27.7,True
Propranolol,Tablet 80 mg,Demo Pharmacy 3,26.47,80.34,4.98,3.56,28.5,True
Propranolol,Tablet 80 mg,Demo Pharmacy 5,26.448,80.31,4.98,4.39,11.9,True
Protamine,Injection 10 mg/ml,Demo Pharmacy 5,26.448,80.31,9.22,8.99,2.5,True
Protamine,Injection 10 mg/ml,Demo Pharmacy 4,26.455,80.355,9.22,7.74,16.1,True
Protamine,Injection 10 mg/ml,Demo Pharmacy 2,26.461,80.32,9.22,7.52,18.5,True
Protamine,Injection 10 mg/ml,Demo Pharmacy 3,26.47,80.34,9.22,8.45,8.3,True
Pyrazinamide,Oral Liquid 250 mg/5ml,Demo Pharmacy 1,26.4499,80.3319,0.61,0.54,11.7,True
Pyrazinamide,Oral Liquid 250 mg/5ml,Demo Pharmacy 2,26.461,80.32,0.61,0.49,19.0,True
Pyrazinamide,Oral Liquid 250 mg/5ml,Demo Pharmacy 5,26.448,80.31,0.61,0.46,25.0,True
Pyrazinamide,Oral Liquid 250 mg/5ml,Demo Pharmacy 4,26.455,80.355,0.61,0.49,20.4,True
Pyrazinamide,Tablet 1000 mg,Demo Pharmacy 3,26.47,80.34,9.4,6.71,28.6,True
Pyrazinamide,Tablet 1000 mg,Demo Pharmacy 4,26.455,80.355,9.4,8.73,7.2,True
Pyrazinamide,Tablet 1000 mg,Demo Pharmacy 5,26.448,80.31,9.4,8.71,7.3,True
Pyrazinamide,Tablet 1500 mg,Demo Pharmacy 1,26.4499,80.3319,10.41,9.44,9.3,True
Pyrazinamide,Tablet 1500 mg,Demo Pharmacy 4,26.455,80.355,10.41,8.09,22.3,True
Pyrazinamide,Tablet 1500 mg,Demo Pharmacy 3,26.47,80.34,10.41,8.1,22.2,True
Pyrazinamide,Tablet 1500 mg,Demo Pharmacy 5,26.448,80.31,10.41,10.04,3.6,True
Pyrazinamide,Tablet 500 mg,Demo Pharmacy 2,26.461,80.32,4.22,3.56,15.7,True
Pyrazinamide,Tablet 500 mg,Demo Pharmacy 1,26.4499,80.3319,4.22,3.23,23.5,True
Pyrazinamide,Tablet 500 mg,Demo Pharmacy 4,26.455,80.355,4.22,3.31,21.6,True
Pyrazinamide,Tablet 500 mg,Demo Pharmacy 5,26.448,80.31,4.22,4.01,5.0,True
Pyrazinamide,Tablet 500 mg,Demo Pharmacy 3,26.47,80.34,4.22,4.06,3.8,True
Pyrazinamide,Tablet 750 mg,Demo Pharmacy 1,26.4499,80.3319,6.42,5.9,8.2,True
Pyrazinamide,Tablet 750 mg,Demo Pharmacy 5,26.448,80.31,6.42,6.3,1.9,True
Pyrazinamide,Tablet 750 mg,Demo Pharmacy 2,26.461,80.32,6.42,5.05,21.4,True
Pyrazinamide,Tablet 750 mg,Demo Pharmacy 3,26.47,80.34,6.42,5.31,17.3,True
Pyridoxine,Tablet 100 mg,Demo Pharmacy 4,26.455,80.355,5.57,4.97,10.8,True
Pyridoxine,Tablet 100 mg,Demo Pharmacy 5,26.448,80.31,5.57,4.74,15.0,True
Pyridoxine,Tablet 100 mg,Demo Pharmacy 3,26.47,80.34,5.57,4.62,17.0,True
Pyridoxine,Tablet 10mg,Demo Pharmacy 2,26.461,80.32,0.11,0.1,6.9,True
Pyridoxine,Tablet 10mg,Demo Pharmacy 3,26.47,80.34,0.11,0.09,15.3,True
Pyridoxine,Tablet 10mg,Demo Pharmacy 1,26.4499,80.3319,0.11,0.11,1.3,True
Pyridoxine,Tablet 10mg,Demo Pharmacy 4,26.455,80.355,0.11,0.08,25.9,True
Quinine,Injection 300 mg/ml,Demo Pharmacy 1,26.4499,80.3319,10.14,8.97,11.5,True
Quinine,Injection 300 mg/ml,Demo Pharmacy 4,26.455,80.355,10.14,9.68,4.5,True
Quinine,Injection 300 mg/ml,Demo Pharmacy 2,26.461,80.32,10.14,7.31,27.9,True
Quinine,Tablet 300 mg,Demo Pharmacy 5,26.448,80.31,5.71,5.16,9.7,True
Quinine,Tablet 300 mg,Demo Pharmacy 4,26.455,80.355,5.71,5.0,12.5,True
Quinine,Tablet 300 mg,Demo Pharmacy 1,26.4499,80.3319,5.71,4.48,21.6,True
Rabies Vaccine,,Demo Pharmacy 1,26.4499,80.3319,340.72,322.39,5.4,True
Rabies Vaccine,,Demo Pharmacy 3,26.47,80.34,340.72,258.5,24.1,True
Rabies Vaccine,,Demo Pharmacy 5,26.448,80.31,340.72,240.4,29.4,True
Rabies Vaccine,,Demo Pharmacy 4,26.455,80.355,340.72,243.2,28.6,True
Raltegravir,Tablet 400 mg,Demo Pharmacy 4,26.455,80.355,156.04,140.72,9.8,True
Raltegravir,Tablet 400 mg,Demo Pharmacy 3,26.47,80.34,156.04,130.15,16.6,True
Raltegravir,Tablet 400 mg,Demo Pharmacy 2,26.461,80.32,156.04,155.67,0.2,True
Ramipril,Capsule 2.5 mg,Demo Pharmacy 3,26.47,80.34,4.72,3.84,18.7,True
Ramipril,Capsule 2.5 mg,Demo Pharmacy 5,26.448,80.31,4.72,4.06,13.9,True
Ramipril,Capsule 2.5 mg,Demo Pharmacy 4,26.455,80.355,4.72,3.88,17.8,True
Ramipril,Capsule 5 mg,Demo Pharmacy 2,26.461,80.32,7.37,5.31,28.0,True
Ramipril,Capsule 5 mg,Demo Pharmacy 5,26.448,80.31,7.37,7.32,0.7,True
Ramipril,Capsule 5 mg,Demo Pharmacy 1,26.4499,80.3319,7.37,6.17,16.2,True
Ramipril,Capsule 5 mg,Demo Pharmacy 3,26.47,80.34,7.37,5.96,19.1,True
Ramipril,Tablet 2.5 mg,Demo Pharmacy 1,26.4499,80.3319,4.96,4.81,3.1,True
Ramipril,Tablet 2.5 mg,Demo Pharmacy 3,26.47,80.34,4.96,4.17,15.9,True
Ramipril,Tablet 2.5 mg,Demo Pharmacy 5,26.448,80.31,4.96,4.61,7.1,True
Ramipril,Tablet 2.5 mg,Demo Pharmacy 2,26.461,80.32,4.96,4.23,14.8,True
Ramipril,Tablet 2.5 mg,Demo Pharmacy 4,26.455,80.355,4.96,4.87,1.8,True
Ramipril,Tablet 5 mg,Demo Pharmacy 3,26.47,80.34,7.81,5.65,27.6,True
Ramipril,Tablet 5 mg,Demo Pharmacy 1,26.4499,80.3319,7.81,5.71,26.9,True
Ramipril,Tablet 5 mg,Demo Pharmacy 4,26.455,80.355,7.81,6.59,15.6,True
Ranitidine,Oral Liquid 75 mg/5ml,Demo Pharmacy 3,26.47,80.34,0.72,0.61,15.2,True
Ranitidine,Oral Liquid 75 mg/5ml,Demo Pharmacy 4,26.455,80.355,0.72,0.58,19.1,True
Ranitidine,Oral Liquid 75 mg/5ml,Demo Pharmacy 5,26.448,80.31,0.72,0.63,11.8,True
Ranitidine,Oral Liquid 75 mg/5ml,Demo Pharmacy 1,26.4499,80.3319,0.72,0.59,17.8,True
Ranitidine,Oral Liquid 75 mg/5ml,Demo Pharmacy 2,26.461,80.32,0.72,0.71,1.9,True
Ranitidine,Tablet 150 mg,Demo Pharmacy 2,26.461,80.32,0.73,0.53,27.8,True
Ranitidine,Tablet 150 mg,Demo Pharmacy 5,26.448,80.31,0.73,0.64,11.8,True
Ranitidine,Tablet 150 mg,Demo Pharmacy 4,26.455,80.355,0.73,0.55,25.0,True
Ranitidine,Tablet 150 mg,Demo Pharmacy 3,26.47,80.34,0.73,0.66,9.8,True
Ranitidine,Tablet 150 mg,Demo Pharmacy 1,26.4499,80.3319,0.73,0.63,13.6,True
Ranitidine,Injection 25mg/ml,Demo Pharmacy 1,26.4499,80.3319,1.61,1.23,23.4,True
Ranitidine,Injection 25mg/ml,Demo Pharmacy 2,26.461,80.32,1.61,1.33,17.5,True
Ranitidine,Injection 25mg/ml,Demo Pharmacy 5,26.448,80.31,1.61,1.53,4.7,True
Ribavirin,Capsule 200 mg,Demo Pharmacy 4,26.455,80.355,83.4,73.23,12.2,True
Ribavirin,Capsule 200 mg,Demo Pharmacy 5,26.448,80.31,83.4,69.99,16.1,True
Ribavirin,Capsule 200 mg,Demo Pharmacy 2,26.461,80.32,83.4,59.26,28.9,True
Rifabutin,Capsule 150mg,Demo Pharmacy 4,26.455,80.355,39.55,36.41,8.0,True
Rifabutin,Capsule 150mg,Demo Pharmacy 3,26.47,80.34,39.55,38.13,3.6,True
Rifabutin,Capsule 150mg,Demo Pharmacy 2,26.461,80.32,39.55,37.68,4.7,True
Rifabutin,Tablet 150mg,Demo Pharmacy 3,26.47,80.34,36.93,35.92,2.7,True
Rifabutin,Tablet 150mg,Demo Pharmacy 1,26.4499,80.3319,36.93,34.18,7.4,True
Rifabutin,Tablet 150mg,Demo Pharmacy 4,26.455,80.355,36.93,32.99,10.7,True
Rifabutin,Tablet 150mg,Demo Pharmacy 2,26.461,80.32,36.93,31.24,15.4,True
Rifabutin,Tablet 150mg,Demo Pharmacy 5,26.448,80.31,36.93,29.43,20.3,True
Rifampicin,Capsule 150 mg,Demo Pharmacy 2,26.461,80.32,2.0,1.67,16.7,True
Rifampicin,Capsule 150 mg,Demo Pharmacy 1,26.4499,80.3319,2.0,1.67,16.5,True
Rifampicin,Capsule 150 mg,Demo Pharmacy 5,26.448,80.31,2.0,1.94,2.8,True
Rifampicin,Capsule 150 mg,Demo Pharmacy 3,26.47,80.34,2.0,1.94,3.1,True
Rifampicin,Capsule 300 mg,Demo Pharmacy 1,26.4499,80.3319,3.79,2.85,24.9,True
Rifampicin,Capsule 300 mg,Demo Pharmacy 5,26.448,80.31,3.79,2.67,29.5,True
Rifampicin,Capsule 300 mg,Demo Pharmacy 4,26.455,80.355,3.79,3.64,3.9,True
Rifampicin,Capsule 450 mg,Demo Pharmacy 3,26.47,80.34,4.92,3.57,27.5,True
Rifampicin,Capsule 450 mg,Demo Pharmacy 1,26.4499,80.3319,4.92,4.81,2.2,True
Rifampicin,Capsule 450 mg,Demo Pharmacy 5,26.448,80.31,4.92,3.45,29.9,True
Rifampicin,Capsule 450 mg,Demo Pharmacy 2,26.461,80.32,4.92,4.63,5.9,True
Rifampicin,Capsule 600 mg,Demo Pharmacy 4,26.455,80.355,11.56,11.41,1.3,True
Rifampicin,Capsule 600 mg,Demo Pharmacy 2,26.461,80.32,11.56,9.96,13.8,True
Rifampicin,Capsule 600 mg,Demo Pharmacy 1,26.4499,80.3319,11.56,10.98,5.0,True
Rifampicin,Capsule 600 mg,Demo Pharmacy 5,26.448,80.31,11.56,9.57,17.2,True
Rifampicin,Capsule 600 mg,Demo Pharmacy 3,26.47,80.34,11.56,8.71,24.7,True
Rifampicin,Oral Liquid 100 mg/5ml,Demo Pharmacy 4,26.455,80.355,0.39,0.37,5.2,True
Rifampicin,Oral Liquid 100 mg/5ml,Demo Pharmacy 1,26.4499,80.3319,0.39,0.36,6.4,True
Rifampicin,Oral Liquid 100 mg/5ml,Demo Pharmacy 2,26.461,80.32,0.39,0.37,5.6,True
Rifampicin,Oral Liquid 100 mg/5ml,Demo Pharmacy 3,26.47,80.34,0.39,0.36,8.4,True
Rifampicin,Tablet 150 mg,Demo Pharmacy 1,26.4499,80.3319,1.61,1.47,8.9,True
Rifampicin,Tablet 150 mg,Demo Pharmacy 2,26.461,80.32,1.61,1.41,12.4,True
Rifampicin,Tablet 150 mg,Demo Pharmacy 3,26.47,80.34,1.61,1.34,16.5,True
Rifampicin,Tablet 300 mg,Demo Pharmacy 1,26.4499,80.3319,2.92,2.8,4.1,True
Rifampicin,Tablet 300 mg,Demo Pharmacy 3,26.47,80.34,2.92,2.75,6.0,True
Rifampicin,Tablet 300 mg,Demo Pharmacy 2,26.461,80.32,2.92,2.15,26.5,True
Ringer Lactate,Injection 1000ml,Demo Pharmacy 2,26.461,80.32,79.53,66.54,16.3,True
Ringer Lactate,Injection 1000ml,Demo Pharmacy 1,26.4499,80.3319,79.53,67.97,14.5,True
Ringer Lactate,Injection 1000ml,Demo Pharmacy 5,26.448,80.31,79.53,57.75,27.4,True
Ringer Lactate,Injection 1000ml,Demo Pharmacy 3,26.47,80.34,79.53,67.54,15.1,True
Ringer Lactate,Injection 1000ml,Demo Pharmacy 4,26.455,80.355,79.53,70.26,11.7,True
Ringer Lactate,Injection 100ml,Demo Pharmacy 1,26.4499,80.3319,20.83,19.46,6.6,True
Ringer Lactate,Injection 100ml,Demo Pharmacy 3,26.47,80.34,20.83,15.23,26.9,True
Ringer Lactate,Injection 100ml,Demo Pharmacy 4,26.455,80.355,20.83,15.96,23.4,True
Ringer Lactate,Injection 250ml,Demo Pharmacy 4,26.455,80.355,35.51,24.86,30.0,True
Ringer Lactate,Injection 250ml,Demo Pharmacy 3,26.47,80.34,35.51,25.13,29.2,True
Ringer Lactate,Injection 250ml,Demo Pharmacy 5,26.448,80.31,35.51,34.44,3.0,True
Ringer Lactate,Injection 500ml,Demo Pharmacy 2,26.461,80.32,45.25,37.43,17.3,True
Ringer Lactate,Injection 500ml,Demo Pharmacy 3,26.47,80.34,45.25,31.91,29.5,True
Ringer Lactate,Injection 500ml,Demo Pharmacy 4,26.455,80.355,45.25,39.98,11.7,True
Ringer Lactate,Injection 500ml,Demo Pharmacy 1,26.4499,80.3319,45.25,32.55,28.1,True
Ringer Lactate,Injection 500ml,Demo Pharmacy 5,26.448,80.31,45.25,31.79,29.7,True
Risperidone,Oral Liquid 1 mg/ml,Demo Pharmacy 2,26.461,80.32,1.93,1.75,9.5,True
Risperidone,Oral Liquid 1 mg/ml,Demo Pharmacy 5,26.448,80.31,1.93,1.5,22.1,True
Risperidone,Oral Liquid 1 mg/ml,Demo Pharmacy 3,26.47,80.34,1.93,1.72,10.8,True
Risperidone,Tablet 1 mg,Demo Pharmacy 1,26.4499,80.3319,3.07,2.3,25.1,True
Risperidone,Tablet 1 mg,Demo Pharmacy 3,26.47,80.34,3.07,2.32,24.3,True
Risperidone,Tablet 1 mg,Demo Pharmacy 4,26.455,80.355,3.07,2.18,29.1,True
Risperidone,Tablet 1 mg,Demo Pharmacy 5,26.448,80.31,3.07,2.57,16.3,True
Risperidone,Tablet 1 mg,Demo Pharmacy 2,26.461,80.32,3.07,2.91,5.3,True
Risperidone,Tablet 2 mg,Demo Pharmacy 1,26.4499,80.3319,4.91,4.02,18.0,True
Risperidone,Tablet 2 mg,Demo Pharmacy 5,26.448,80.31,4.91,4.88,0.6,True
Risperidone,Tablet 2 mg,Demo Pharmacy 4,26.455,80.355,4.91,4.21,14.3,True
Risperidone,Tablet 4 mg,Demo Pharmacy 5,26.448,80.31,9.97,7.83,21.5,True
Risperidone,Tablet 4 mg,Demo Pharmacy 2,26.461,80.32,9.97,7.22,27.6,True
Risperidone,Tablet 4 mg,Demo Pharmacy 1,26.4499,80.3319,9.97,7.44,25.3,True
Risperidone,Tablet 4 mg,Demo Pharmacy 4,26.455,80.355,9.97,9.0,9.7,True
Ritonavir,Capsule 100 mg,Demo Pharmacy 2,26.461,80.32,28.14,20.99,25.4,True
Ritonavir,Capsule 100 mg,Demo Pharmacy 5,26.448,80.31,28.14,20.87,25.8,True
Ritonavir,Capsule 100 mg,Demo Pharmacy 1,26.4499,80.3319,28.14,20.03,28.8,True
Ritonavir,Tablet 100 mg,Demo Pharmacy 4,26.455,80.355,28.94,26.14,9.7,True
Ritonavir,Tablet 100 mg,Demo Pharmacy 1,26.4499,80.3319,28.94,20.47,29.3,True
Ritonavir,Tablet 100 mg,Demo Pharmacy 2,26.461,80.32,28.94,22.58,22.0,True
Ritonavir,Tablet 100 mg,Demo Pharmacy 3,26.47,80.34,28.94,25.15,13.1,True
Rituximab,Injection 10 mg/ml,Demo Pharmacy 4,26.455,80.355,756.26,605.27,20.0,True
Rituximab,Injection 10 mg/ml,Demo Pharmacy 3,26.47,80.34,756.26,571.48,24.4,True
Rituximab,Injection 10 mg/ml,Demo Pharmacy 1,26.4499,80.3319,756.26,670.41,11.4,True
Rituximab,Injection 10 mg/ml,Demo Pharmacy 2,26.461,80.32,756.26,589.73,22.0,True
Rituximab,Injection 10 mg/ml,Demo Pharmacy 5,26.448,80.31,756.26,689.44,8.8,True
Salbutamol,Capsule 4 mg,Demo Pharmacy 1,26.4499,80.3319,0.6,0.59,1.0,True
Salbutamol,Capsule 4 mg,Demo Pharmacy 4,26.455,80.355,0.6,0.49,18.1,True
Salbutamol,Capsule 4 mg,Demo Pharmacy 3,26.47,80.34,0.6,0.43,27.6,True
Salbutamol,"Inhalation (MDI/DPI) 100 
mcg/dose",Demo Pharmacy 2,26.461,80.32,0.4,0.31,22.4,True
Salbutamol,"Inhalation (MDI/DPI) 100 
mcg/dose",Demo Pharmacy 1,26.4499,80.3319,0.4,0.37,7.1,True
Salbutamol,"Inhalation (MDI/DPI) 100 
mcg/dose",Demo Pharmacy 5,26.448,80.31,0.4,0.28,29.5,True
Salbutamol,"Inhalation (MDI/DPI) 100 
mcg/dose",Demo Pharmacy 4,26.455,80.355,0.4,0.38,5.0,True
Salbutamol,"Inhalation (MDI/DPI) 100 
mcg/dose",Demo Pharmacy 3,26.47,80.34,0.4,0.29,26.6,True
Salbutamol,Oral Liquid 2 mg/5ml,Demo Pharmacy 3,26.47,80.34,0.15,0.14,8.0,True
Salbutamol,Oral Liquid 2 mg/5ml,Demo Pharmacy 4,26.455,80.355,0.15,0.14,7.5,True
Salbutamol,Oral Liquid 2 mg/5ml,Demo Pharmacy 1,26.4499,80.3319,0.15,0.15,2.0,True
Salbutamol,"Respirator solution for use in 
Nebulizer 5 mg/ml",Demo Pharmacy 1,26.4499,80.3319,0.7,0.61,13.1,True
Salbutamol,"Respirator solution for use in 
Nebulizer 5 mg/ml",Demo Pharmacy 5,26.448,80.31,0.7,0.61,12.6,True
Salbutamol,"Respirator solution for use in 
Nebulizer 5 mg/ml",Demo Pharmacy 4,26.455,80.355,0.7,0.67,5.0,True
Salbutamol,"Respirator solution for use in 
Nebulizer 5 mg/ml",Demo Pharmacy 2,26.461,80.32,0.7,0.61,12.4,True
Salbutamol,Tablet 2 mg,Demo Pharmacy 3,26.47,80.34,0.16,0.12,23.7,True
Salbutamol,Tablet 2 mg,Demo Pharmacy 4,26.455,80.355,0.16,0.13,17.3,True
Salbutamol,Tablet 2 mg,Demo Pharmacy 1,26.4499,80.3319,0.16,0.12,22.7,True
Salbutamol,Tablet 2 mg,Demo Pharmacy 2,26.461,80.32,0.16,0.15,6.8,True
Salbutamol,Tablet 4 mg,Demo Pharmacy 1,26.4499,80.3319,0.18,0.16,9.6,True
Salbutamol,Tablet 4 mg,Demo Pharmacy 5,26.448,80.31,0.18,0.13,28.5,True
Salbutamol,Tablet 4 mg,Demo Pharmacy 2,26.461,80.32,0.18,0.18,2.2,True
Salbutamol,Tablet 4 mg,Demo Pharmacy 4,26.455,80.355,0.18,0.17,5.1,True
Salicylic acid,Ointment 6%,Demo Pharmacy 2,26.461,80.32,1.79,1.61,10.1,True
Salicylic acid,Ointment 6%,Demo Pharmacy 1,26.4499,80.3319,1.79,1.26,29.6,True
Salicylic acid,Ointment 6%,Demo Pharmacy 3,26.47,80.34,1.79,1.31,26.8,True
Salicylic acid,Ointment 6%,Demo Pharmacy 4,26.455,80.355,1.79,1.41,21.1,True
Sevoflurane,Inhalation,Demo Pharmacy 2,26.461,80.32,29.82,28.91,3.0,True
Sevoflurane,Inhalation,Demo Pharmacy 4,26.455,80.355,29.82,27.98,6.2,True
Sevoflurane,Inhalation,Demo Pharmacy 1,26.4499,80.3319,29.82,28.12,5.7,True
Sevoflurane,Inhalation,Demo Pharmacy 3,26.47,80.34,29.82,23.58,20.9,True
Silver Sulphadiazine,Cream 1%,Demo Pharmacy 5,26.448,80.31,0.51,0.47,7.1,True
Silver Sulphadiazine,Cream 1%,Demo Pharmacy 3,26.47,80.34,0.51,0.5,1.5,True
Silver Sulphadiazine,Cream 1%,Demo Pharmacy 4,26.455,80.355,0.51,0.42,17.2,True
Silver Sulphadiazine,Cream 1%,Demo Pharmacy 2,26.461,80.32,0.51,0.38,25.2,True
Silver Sulphadiazine,Cream 1%,Demo Pharmacy 1,26.4499,80.3319,0.51,0.49,4.6,True
"Snake venom antiserum- 
Lyophilized polyvalent",Powder for Injection,Demo Pharmacy 1,26.4499,80.3319,555.59,418.27,24.7,True
"Snake venom antiserum- 
Lyophilized polyvalent",Powder for Injection,Demo Pharmacy 4,26.455,80.355,555.59,451.4,18.8,True
"Snake venom antiserum- 
Lyophilized polyvalent",Powder for Injection,Demo Pharmacy 5,26.448,80.31,555.59,475.53,14.4,True
"Snake venom antiserum- 
Lyophilized polyvalent",Powder for Injection,Demo Pharmacy 2,26.461,80.32,555.59,539.42,2.9,True
"Snake Venom Antiserum-
Soluble/ Liquid Polyvalent",Injection,Demo Pharmacy 2,26.461,80.32,431.45,370.15,14.2,True
"Snake Venom Antiserum-
Soluble/ Liquid Polyvalent",Injection,Demo Pharmacy 3,26.47,80.34,431.45,416.5,3.5,True
"Snake Venom Antiserum-
Soluble/ Liquid Polyvalent",Injection,Demo Pharmacy 1,26.4499,80.3319,431.45,329.86,23.5,True
Sodium Bicarbonate,Injection 7.5%,Demo Pharmacy 4,26.455,80.355,1.4,1.32,5.5,True
Sodium Bicarbonate,Injection 7.5%,Demo Pharmacy 3,26.47,80.34,1.4,1.03,26.6,True
Sodium Bicarbonate,Injection 7.5%,Demo Pharmacy 1,26.4499,80.3319,1.4,1.24,11.1,True
Sodium Bicarbonate,Injection 7.5%,Demo Pharmacy 2,26.461,80.32,1.4,1.21,13.4,True
Sodium Bicarbonate,Injection 8.4%,Demo Pharmacy 4,26.455,80.355,1.28,0.96,25.1,True
Sodium Bicarbonate,Injection 8.4%,Demo Pharmacy 5,26.448,80.31,1.28,1.06,16.9,True
Sodium Bicarbonate,Injection 8.4%,Demo Pharmacy 2,26.461,80.32,1.28,1.22,4.5,True
Sodium Bicarbonate,Injection 8.4%,Demo Pharmacy 1,26.4499,80.3319,1.28,1.01,20.9,True
Sodium Chloride,Injection 0.9%,Demo Pharmacy 1,26.4499,80.3319,59.17,51.82,12.4,True
Sodium Chloride,Injection 0.9%,Demo Pharmacy 3,26.47,80.34,59.17,45.74,22.7,True
Sodium Chloride,Injection 0.9%,Demo Pharmacy 4,26.455,80.355,59.17,55.13,6.8,True
Sodium Nitroprusside,Injection 10 mg/ml,Demo Pharmacy 4,26.455,80.355,25.74,20.43,20.6,True
Sodium Nitroprusside,Injection 10 mg/ml,Demo Pharmacy 5,26.448,80.31,25.74,18.51,28.1,True
Sodium Nitroprusside,Injection 10 mg/ml,Demo Pharmacy 3,26.47,80.34,25.74,21.32,17.2,True
Sodium Valproate,Injection 100 mg/ml,Demo Pharmacy 4,26.455,80.355,5.75,5.07,11.8,True
Sodium Valproate,Injection 100 mg/ml,Demo Pharmacy 3,26.47,80.34,5.75,4.28,25.6,True
Sodium Valproate,Injection 100 mg/ml,Demo Pharmacy 1,26.4499,80.3319,5.75,5.69,1.0,True
Sodium Valproate,Oral Liquid 200 mg/5ml,Demo Pharmacy 5,26.448,80.31,0.58,0.41,28.5,True
Sodium Valproate,Oral Liquid 200 mg/5ml,Demo Pharmacy 2,26.461,80.32,0.58,0.55,5.0,True
Sodium Valproate,Oral Liquid 200 mg/5ml,Demo Pharmacy 1,26.4499,80.3319,0.58,0.54,6.4,True
Sodium Valproate,Oral Liquid 200 mg/5ml,Demo Pharmacy 4,26.455,80.355,0.58,0.55,5.8,True
Sodium Valproate,Oral Liquid 200 mg/5ml,Demo Pharmacy 3,26.47,80.34,0.58,0.57,1.3,True
Sodium Valproate,CR Tablets 300mg,Demo Pharmacy 4,26.455,80.355,6.28,6.0,4.4,True
Sodium Valproate,CR Tablets 300mg,Demo Pharmacy 2,26.461,80.32,6.28,5.16,17.9,True
Sodium Valproate,CR Tablets 300mg,Demo Pharmacy 3,26.47,80.34,6.28,5.68,9.6,True
Sodium Valproate,CR Tablets 500mg,Demo Pharmacy 1,26.4499,80.3319,9.72,7.22,25.7,True
Sodium Valproate,CR Tablets 500mg,Demo Pharmacy 5,26.448,80.31,9.72,8.2,15.6,True
Sodium Valproate,CR Tablets 500mg,Demo Pharmacy 2,26.461,80.32,9.72,7.05,27.5,True
Sodium Valproate,CR Tablets 500mg,Demo Pharmacy 3,26.47,80.34,9.72,9.68,0.4,True
Sodium Valproate,CR Tablets 500mg,Demo Pharmacy 4,26.455,80.355,9.72,7.68,21.0,True
Sodium Valproate,Tablet 200 mg,Demo Pharmacy 5,26.448,80.31,3.09,2.95,4.4,True
Sodium Valproate,Tablet 200 mg,Demo Pharmacy 4,26.455,80.355,3.09,2.54,17.6,True
Sodium Valproate,Tablet 200 mg,Demo Pharmacy 1,26.4499,80.3319,3.09,2.39,22.8,True
Sodium Valproate,Tablet 200 mg,Demo Pharmacy 2,26.461,80.32,3.09,2.22,28.2,True
Sodium Valproate,Tablet 200 mg,Demo Pharmacy 3,26.47,80.34,3.09,2.23,27.7,True
Sodium Valproate,Tablet 300 mg,Demo Pharmacy 1,26.4499,80.3319,3.96,3.65,7.9,True
Sodium Valproate,Tablet 300 mg,Demo Pharmacy 3,26.47,80.34,3.96,3.18,19.6,True
Sodium Valproate,Tablet 300 mg,Demo Pharmacy 4,26.455,80.355,3.96,3.28,17.2,True
Sodium Valproate,Tablet 300 mg,Demo Pharmacy 2,26.461,80.32,3.96,3.4,14.2,True
Sodium Valproate,Tablet 300 mg,Demo Pharmacy 5,26.448,80.31,3.96,3.76,5.2,True
Sodium Valproate,Tablet 500 mg,Demo Pharmacy 2,26.461,80.32,6.92,5.07,26.7,True
Sodium Valproate,Tablet 500 mg,Demo Pharmacy 4,26.455,80.355,6.92,6.23,9.9,True
Sodium Valproate,Tablet 500 mg,Demo Pharmacy 1,26.4499,80.3319,6.92,6.43,7.1,True
Sodium Valproate,Tablet 500 mg,Demo Pharmacy 5,26.448,80.31,6.92,5.37,22.4,True
Sofosbuvir,Tablet 400 mg,Demo Pharmacy 3,26.47,80.34,665.52,603.44,9.3,True
Sofosbuvir,Tablet 400 mg,Demo Pharmacy 1,26.4499,80.3319,665.52,497.24,25.3,True
Sofosbuvir,Tablet 400 mg,Demo Pharmacy 2,26.461,80.32,665.52,494.17,25.7,True
Sofosbuvir,Tablet 400 mg,Demo Pharmacy 5,26.448,80.31,665.52,528.79,20.5,True
Somatostatin,Powder for Injection 3 mg,Demo Pharmacy 2,26.461,80.32,1580.17,1370.11,13.3,True
Somatostatin,Powder for Injection 3 mg,Demo Pharmacy 3,26.47,80.34,1580.17,1188.69,24.8,True
Somatostatin,Powder for Injection 3 mg,Demo Pharmacy 4,26.455,80.355,1580.17,1452.45,8.1,True
Spironolactone,Tablet 25 mg,Demo Pharmacy 5,26.448,80.31,1.91,1.79,6.3,True
Spironolactone,Tablet 25 mg,Demo Pharmacy 1,26.4499,80.3319,1.91,1.44,24.7,True
Spironolactone,Tablet 25 mg,Demo Pharmacy 4,26.455,80.355,1.91,1.49,22.2,True
Spironolactone,Tablet 25 mg,Demo Pharmacy 2,26.461,80.32,1.91,1.47,22.8,True
Spironolactone,Tablet 50 mg,Demo Pharmacy 1,26.4499,80.3319,3.79,2.98,21.3,True
Spironolactone,Tablet 50 mg,Demo Pharmacy 2,26.461,80.32,3.79,3.33,12.1,True
Spironolactone,Tablet 50 mg,Demo Pharmacy 5,26.448,80.31,3.79,2.9,23.4,True
Spironolactone,Tablet 50 mg,Demo Pharmacy 4,26.455,80.355,3.79,3.19,15.7,True
"Stavudine (A) + Lamivudine 
(B)",Tablet 30 mg(A) +150 mg(B),Demo Pharmacy 1,26.4499,80.3319,9.52,8.81,7.5,True
"Stavudine (A) + Lamivudine 
(B)",Tablet 30 mg(A) +150 mg(B),Demo Pharmacy 2,26.461,80.32,9.52,8.22,13.7,True
"Stavudine (A) + Lamivudine 
(B)",Tablet 30 mg(A) +150 mg(B),Demo Pharmacy 5,26.448,80.31,9.52,6.9,27.5,True
"Stavudine (A) + Lamivudine 
(B)",Tablet 30 mg(A) +150 mg(B),Demo Pharmacy 3,26.47,80.34,9.52,7.51,21.1,True
"Stavudine (A) + Lamivudine 
(B)",Tablet 30 mg(A) +150 mg(B),Demo Pharmacy 4,26.455,80.355,9.52,8.74,8.2,True
Streptokinase,"Injection 15,00,000 IU",Demo Pharmacy 5,26.448,80.31,1784.78,1420.06,20.4,True
Streptokinase,"Injection 15,00,000 IU",Demo Pharmacy 4,26.455,80.355,1784.78,1655.24,7.3,True
Streptokinase,"Injection 15,00,000 IU",Demo Pharmacy 3,26.47,80.34,1784.78,1523.07,14.7,True
Streptokinase,"Injection 15,00,000 IU",Demo Pharmacy 1,26.4499,80.3319,1784.78,1545.92,13.4,True
Streptokinase,"Injection 7,50,000 IU",Demo Pharmacy 5,26.448,80.31,1255.28,939.83,25.1,True
Streptokinase,"Injection 7,50,000 IU",Demo Pharmacy 3,26.47,80.34,1255.28,1157.87,7.8,True
Streptokinase,"Injection 7,50,000 IU",Demo Pharmacy 2,26.461,80.32,1255.28,942.39,24.9,True
Streptokinase,"Injection 7,50,000 IU",Demo Pharmacy 1,26.4499,80.3319,1255.28,1221.24,2.7,True
Streptomycin,Powder for Injection 750 mg,Demo Pharmacy 4,26.455,80.355,8.75,6.51,25.6,True
Streptomycin,Powder for Injection 750 mg,Demo Pharmacy 1,26.4499,80.3319,8.75,6.7,23.4,True
Streptomycin,Powder for Injection 750 mg,Demo Pharmacy 5,26.448,80.31,8.75,8.19,6.4,True
Streptomycin,Powder for Injection 1 gm,Demo Pharmacy 2,26.461,80.32,10.4,8.37,19.5,True
Streptomycin,Powder for Injection 1 gm,Demo Pharmacy 5,26.448,80.31,10.4,8.8,15.4,True
Streptomycin,Powder for Injection 1 gm,Demo Pharmacy 4,26.455,80.355,10.4,7.7,25.9,True
Succinyl Choline,Injection 50 mg/ml,Demo Pharmacy 1,26.4499,80.3319,4.82,4.5,6.7,True
Succinyl Choline,Injection 50 mg/ml,Demo Pharmacy 4,26.455,80.355,4.82,3.94,18.3,True
Succinyl Choline,Injection 50 mg/ml,Demo Pharmacy 5,26.448,80.31,4.82,3.46,28.3,True
Succinyl Choline,Injection 50 mg/ml,Demo Pharmacy 3,26.47,80.34,4.82,3.79,21.4,True
Succinyl Choline,Injection 50 mg/ml,Demo Pharmacy 2,26.461,80.32,4.82,3.79,21.3,True
Sucralfate,Oral Liquid 1 g,Demo Pharmacy 4,26.455,80.355,0.7,0.65,7.6,True
Sucralfate,Oral Liquid 1 g,Demo Pharmacy 5,26.448,80.31,0.7,0.6,14.0,True
Sucralfate,Oral Liquid 1 g,Demo Pharmacy 2,26.461,80.32,0.7,0.56,20.3,True
Sucralfate,Oral Liquid 1 g,Demo Pharmacy 3,26.47,80.34,0.7,0.53,24.7,True
Sulfasalazine,Tablet 500 mg,Demo Pharmacy 5,26.448,80.31,3.97,3.3,16.8,True
Sulfasalazine,Tablet 500 mg,Demo Pharmacy 1,26.4499,80.3319,3.97,3.26,17.8,True
Sulfasalazine,Tablet 500 mg,Demo Pharmacy 4,26.455,80.355,3.97,3.63,8.5,True
Sulfasalazine,Tablet 500 mg,Demo Pharmacy 2,26.461,80.32,3.97,3.15,20.5,True
Sumatriptan,Tablet 25mg,Demo Pharmacy 1,26.4499,80.3319,33.19,24.61,25.8,True
Sumatriptan,Tablet 25mg,Demo Pharmacy 3,26.47,80.34,33.19,30.59,7.8,True
Sumatriptan,Tablet 25mg,Demo Pharmacy 2,26.461,80.32,33.19,26.11,21.3,True
Sumatriptan,Tablet 25mg,Demo Pharmacy 4,26.455,80.355,33.19,24.3,26.8,True
Sumatriptan,Tablet 50mg,Demo Pharmacy 2,26.461,80.32,51.38,37.51,27.0,True
Sumatriptan,Tablet 50mg,Demo Pharmacy 5,26.448,80.31,51.38,38.97,24.2,True
Sumatriptan,Tablet 50mg,Demo Pharmacy 3,26.47,80.34,51.38,39.01,24.1,True
Sumatriptan,Tablet 50mg,Demo Pharmacy 1,26.4499,80.3319,51.38,42.13,18.0,True
Surfactant,"Suspension for intratracheal 
instillation (As liensed)",Demo Pharmacy 3,26.47,80.34,66.69,46.73,29.9,True
Surfactant,"Suspension for intratracheal 
instillation (As liensed)",Demo Pharmacy 2,26.461,80.32,66.69,61.5,7.8,True
Surfactant,"Suspension for intratracheal 
instillation (As liensed)",Demo Pharmacy 5,26.448,80.31,66.69,58.32,12.6,True
Surfactant,"Suspension for intratracheal 
instillation (As liensed)",Demo Pharmacy 1,26.4499,80.3319,66.69,58.92,11.6,True
Surfactant,"Suspension for intratracheal 
instillation (As liensed)",Demo Pharmacy 4,26.455,80.355,66.69,65.98,1.1,True
Tacrolimus,Capsule 0.5 mg,Demo Pharmacy 5,26.448,80.31,22.05,16.05,27.2,True
Tacrolimus,Capsule 0.5 mg,Demo Pharmacy 2,26.461,80.32,22.05,17.61,20.2,True
Tacrolimus,Capsule 0.5 mg,Demo Pharmacy 4,26.455,80.355,22.05,18.69,15.2,True
Tacrolimus,Capsule 0.5 mg,Demo Pharmacy 1,26.4499,80.3319,22.05,16.46,25.4,True
Tacrolimus,Capsule 0.5 mg,Demo Pharmacy 3,26.47,80.34,22.05,16.49,25.2,True
Tacrolimus,Capsule 1 mg,Demo Pharmacy 2,26.461,80.32,38.95,30.29,22.2,True
Tacrolimus,Capsule 1 mg,Demo Pharmacy 3,26.47,80.34,38.95,30.48,21.8,True
Tacrolimus,Capsule 1 mg,Demo Pharmacy 1,26.4499,80.3319,38.95,32.42,16.8,True
Tacrolimus,Capsule 1 mg,Demo Pharmacy 5,26.448,80.31,38.95,28.29,27.4,True
Tacrolimus,Capsule 1 mg,Demo Pharmacy 4,26.455,80.355,38.95,27.89,28.4,True
Tacrolimus,Capsule 2 mg,Demo Pharmacy 1,26.4499,80.3319,76.3,59.27,22.3,True
Tacrolimus,Capsule 2 mg,Demo Pharmacy 2,26.461,80.32,76.3,69.27,9.2,True
Tacrolimus,Capsule 2 mg,Demo Pharmacy 4,26.455,80.355,76.3,58.26,23.6,True
Tacrolimus,Capsule 2 mg,Demo Pharmacy 5,26.448,80.31,76.3,68.72,9.9,True
Tamoxifen,Tablet 10 mg,Demo Pharmacy 5,26.448,80.31,2.57,2.21,14.1,True
Tamoxifen,Tablet 10 mg,Demo Pharmacy 3,26.47,80.34,2.57,1.9,26.0,True
Tamoxifen,Tablet 10 mg,Demo Pharmacy 2,26.461,80.32,2.57,2.12,17.5,True
Tamoxifen,Tablet 10 mg,Demo Pharmacy 1,26.4499,80.3319,2.57,1.84,28.3,True
Tamoxifen,Tablet 20 mg,Demo Pharmacy 4,26.455,80.355,2.9,2.8,3.6,True
Tamoxifen,Tablet 20 mg,Demo Pharmacy 2,26.461,80.32,2.9,2.31,20.4,True
Tamoxifen,Tablet 20 mg,Demo Pharmacy 3,26.47,80.34,2.9,2.44,15.9,True
Telmisartan,Tablet 20 mg,Demo Pharmacy 1,26.4499,80.3319,3.64,3.27,10.3,True
Telmisartan,Tablet 20 mg,Demo Pharmacy 2,26.461,80.32,3.64,2.56,29.6,True
Telmisartan,Tablet 20 mg,Demo Pharmacy 5,26.448,80.31,3.64,2.67,26.8,True
Telmisartan,Tablet 20 mg,Demo Pharmacy 3,26.47,80.34,3.64,2.56,29.6,True
Telmisartan,Tablet 40 mg,Demo Pharmacy 3,26.47,80.34,6.57,5.61,14.6,True
Telmisartan,Tablet 40 mg,Demo Pharmacy 2,26.461,80.32,6.57,5.33,18.9,True
Telmisartan,Tablet 40 mg,Demo Pharmacy 1,26.4499,80.3319,6.57,6.22,5.3,True
Telmisartan,Tablet 80 mg,Demo Pharmacy 1,26.4499,80.3319,10.02,7.73,22.8,True
Telmisartan,Tablet 80 mg,Demo Pharmacy 5,26.448,80.31,10.02,9.51,5.1,True
Telmisartan,Tablet 80 mg,Demo Pharmacy 2,26.461,80.32,10.02,7.72,22.9,True
Telmisartan,Tablet 80 mg,Demo Pharmacy 3,26.47,80.34,10.02,8.55,14.7,True
Telmisartan,Tablet 80 mg,Demo Pharmacy 4,26.455,80.355,10.02,7.72,22.9,True
Temozolomide,Capsule 100 mg,Demo Pharmacy 2,26.461,80.32,2077.53,1809.9,12.9,True
Temozolomide,Capsule 100 mg,Demo Pharmacy 4,26.455,80.355,2077.53,1810.14,12.9,True
Temozolomide,Capsule 100 mg,Demo Pharmacy 3,26.47,80.34,2077.53,1779.99,14.3,True
Temozolomide,Capsule 20 mg,Demo Pharmacy 1,26.4499,80.3319,594.68,528.12,11.2,True
Temozolomide,Capsule 20 mg,Demo Pharmacy 2,26.461,80.32,594.68,592.17,0.4,True
Temozolomide,Capsule 20 mg,Demo Pharmacy 3,26.47,80.34,594.68,537.2,9.7,True
Temozolomide,Capsule 250 mg,Demo Pharmacy 2,26.461,80.32,4672.75,4355.57,6.8,True
Temozolomide,Capsule 250 mg,Demo Pharmacy 1,26.4499,80.3319,4672.75,3443.37,26.3,True
Temozolomide,Capsule 250 mg,Demo Pharmacy 3,26.47,80.34,4672.75,4235.25,9.4,True
Temozolomide,Capsule 250 mg,Demo Pharmacy 4,26.455,80.355,4672.75,4528.77,3.1,True
Temozolomide,Capsule 250 mg,Demo Pharmacy 5,26.448,80.31,4672.75,3967.16,15.1,True
Temozolomide,Tablet 100 mg,Demo Pharmacy 2,26.461,80.32,1542.12,1103.33,28.5,True
Temozolomide,Tablet 100 mg,Demo Pharmacy 1,26.4499,80.3319,1542.12,1331.19,13.7,True
Temozolomide,Tablet 100 mg,Demo Pharmacy 4,26.455,80.355,1542.12,1301.42,15.6,True
Temozolomide,Tablet 100 mg,Demo Pharmacy 5,26.448,80.31,1542.12,1299.64,15.7,True
Temozolomide,Tablet 20 mg,Demo Pharmacy 2,26.461,80.32,373.62,289.54,22.5,True
Temozolomide,Tablet 20 mg,Demo Pharmacy 3,26.47,80.34,373.62,355.14,4.9,True
Temozolomide,Tablet 20 mg,Demo Pharmacy 5,26.448,80.31,373.62,271.97,27.2,True
Temozolomide,Tablet 20 mg,Demo Pharmacy 4,26.455,80.355,373.62,282.61,24.4,True
Temozolomide,Tablet 250 mg,Demo Pharmacy 2,26.461,80.32,3816.9,2689.14,29.5,True
Temozolomide,Tablet 250 mg,Demo Pharmacy 5,26.448,80.31,3816.9,3575.07,6.3,True
Temozolomide,Tablet 250 mg,Demo Pharmacy 3,26.47,80.34,3816.9,3791.81,0.7,True
Tenofovir,Tablet 300 mg,Demo Pharmacy 2,26.461,80.32,47.05,34.68,26.3,True
Tenofovir,Tablet 300 mg,Demo Pharmacy 1,26.4499,80.3319,47.05,43.44,7.7,True
Tenofovir,Tablet 300 mg,Demo Pharmacy 5,26.448,80.31,47.05,39.5,16.0,True
Tenofovir,Tablet 300 mg,Demo Pharmacy 4,26.455,80.355,47.05,46.36,1.5,True
Tenofovir,Tablet 300 mg,Demo Pharmacy 3,26.47,80.34,47.05,33.01,29.8,True
"Tenofovir (A) + Lamivudine 
(B)","Tablet 300 mg(A) + 300 
mg(B)",Demo Pharmacy 1,26.4499,80.3319,44.76,38.79,13.3,True
"Tenofovir (A) + Lamivudine 
(B)","Tablet 300 mg(A) + 300 
mg(B)",Demo Pharmacy 5,26.448,80.31,44.76,43.1,3.7,True
"Tenofovir (A) + Lamivudine 
(B)","Tablet 300 mg(A) + 300 
mg(B)",Demo Pharmacy 4,26.455,80.355,44.76,41.37,7.6,True
"Tenofovir (A) + Lamivudine 
(B)","Tablet 300 mg(A) + 300 
mg(B)",Demo Pharmacy 3,26.47,80.34,44.76,35.34,21.1,True
"Tenofovir (A) + Lamivudine 
(B)","Tablet 300 mg(A) + 300 
mg(B)",Demo Pharmacy 2,26.461,80.32,44.76,42.0,6.2,True
"Tenofovir (A) + Lamivudine 
(B) + Efavirenz (C)","Tablet 300 mg(A) + 300 
mg(B) + 600 mg(C)",Demo Pharmacy 1,26.4499,80.3319,102.77,83.57,18.7,True
"Tenofovir (A) + Lamivudine 
(B) + Efavirenz (C)","Tablet 300 mg(A) + 300 
mg(B) + 600 mg(C)",Demo Pharmacy 3,26.47,80.34,102.77,81.17,21.0,True
"Tenofovir (A) + Lamivudine 
(B) + Efavirenz (C)","Tablet 300 mg(A) + 300 
mg(B) + 600 mg(C)",Demo Pharmacy 2,26.461,80.32,102.77,89.86,12.6,True
"Tenofovir (A) + Lamivudine 
(B) + Efavirenz (C)","Tablet 300 mg(A) + 300 
mg(B) + 600 mg(C)",Demo Pharmacy 5,26.448,80.31,102.77,75.06,27.0,True
"Tenofovir (A) + Lamivudine 
(B) + Efavirenz (C)","Tablet 300 mg(A) + 300 
mg(B) + 600 mg(C)",Demo Pharmacy 4,26.455,80.355,102.77,87.0,15.3,True
Tetanus Toxoid,Injection,Demo Pharmacy 1,26.4499,80.3319,10.81,10.17,6.0,True
Tetanus Toxoid,Injection,Demo Pharmacy 3,26.47,80.34,10.81,10.16,6.0,True
Tetanus Toxoid,Injection,Demo Pharmacy 5,26.448,80.31,10.81,9.96,7.9,True
Tetanus Toxoid,Injection,Demo Pharmacy 4,26.455,80.355,10.81,9.11,15.7,True
Tetanus Toxoid,Injection,Demo Pharmacy 2,26.461,80.32,10.81,10.16,6.1,True
Thalidomide,Capsule 100 mg,Demo Pharmacy 4,26.455,80.355,60.92,44.28,27.3,True
Thalidomide,Capsule 100 mg,Demo Pharmacy 3,26.47,80.34,60.92,48.34,20.6,True
Thalidomide,Capsule 100 mg,Demo Pharmacy 1,26.4499,80.3319,60.92,52.14,14.4,True
Thalidomide,Capsule 100 mg,Demo Pharmacy 5,26.448,80.31,60.92,56.63,7.0,True
Thalidomide,Capsule 100 mg,Demo Pharmacy 2,26.461,80.32,60.92,60.69,0.4,True
Thalidomide,Capsule 50 mg,Demo Pharmacy 1,26.4499,80.3319,35.19,25.17,28.5,True
Thalidomide,Capsule 50 mg,Demo Pharmacy 4,26.455,80.355,35.19,26.96,23.4,True
Thalidomide,Capsule 50 mg,Demo Pharmacy 5,26.448,80.31,35.19,34.4,2.3,True
Thiamine,Injection 100 mg/ml,Demo Pharmacy 1,26.4499,80.3319,24.73,17.4,29.7,True
Thiamine,Injection 100 mg/ml,Demo Pharmacy 3,26.47,80.34,24.73,22.53,8.9,True
Thiamine,Injection 100 mg/ml,Demo Pharmacy 4,26.455,80.355,24.73,21.29,13.9,True
Thiamine,Injection 100 mg/ml,Demo Pharmacy 5,26.448,80.31,24.73,23.99,3.0,True
Thiamine,Injection 100 mg/ml,Demo Pharmacy 2,26.461,80.32,24.73,23.43,5.2,True
Thiamine,Tablet 100 mg,Demo Pharmacy 3,26.47,80.34,3.74,3.39,9.4,True
Thiamine,Tablet 100 mg,Demo Pharmacy 5,26.448,80.31,3.74,2.91,22.2,True
Thiamine,Tablet 100 mg,Demo Pharmacy 4,26.455,80.355,3.74,3.63,2.8,True
Thiopentone,Powder for Injection 0.5 gm,Demo Pharmacy 1,26.4499,80.3319,40.61,32.73,19.4,True
Thiopentone,Powder for Injection 0.5 gm,Demo Pharmacy 2,26.461,80.32,40.61,36.61,9.9,True
Thiopentone,Powder for Injection 0.5 gm,Demo Pharmacy 3,26.47,80.34,40.61,29.71,26.8,True
Thiopentone,Powder for Injection 1 gm,Demo Pharmacy 3,26.47,80.34,49.28,47.6,3.4,True
Thiopentone,Powder for Injection 1 gm,Demo Pharmacy 1,26.4499,80.3319,49.28,43.36,12.0,True
Thiopentone,Powder for Injection 1 gm,Demo Pharmacy 2,26.461,80.32,49.28,42.53,13.7,True
Thiopentone,Powder for Injection 1 gm,Demo Pharmacy 5,26.448,80.31,49.28,36.92,25.1,True
Thiopentone,Powder for Injection 1 gm,Demo Pharmacy 4,26.455,80.355,49.28,39.08,20.7,True
Timolol,Drops 0.25%,Demo Pharmacy 4,26.455,80.355,5.15,4.07,20.9,True
Timolol,Drops 0.25%,Demo Pharmacy 2,26.461,80.32,5.15,5.06,1.8,True
Timolol,Drops 0.25%,Demo Pharmacy 1,26.4499,80.3319,5.15,3.69,28.3,True
Timolol,Drops 0.25%,Demo Pharmacy 3,26.47,80.34,5.15,4.9,4.8,True
Timolol,Drops 0.5%,Demo Pharmacy 5,26.448,80.31,11.89,11.24,5.4,True
Timolol,Drops 0.5%,Demo Pharmacy 4,26.455,80.355,11.89,10.54,11.4,True
Timolol,Drops 0.5%,Demo Pharmacy 3,26.47,80.34,11.89,10.61,10.8,True
Timolol,Drops 0.5%,Demo Pharmacy 2,26.461,80.32,11.89,11.79,0.9,True
Tiotropium,Inhalation (MDI) 9 mcg/dose,Demo Pharmacy 2,26.461,80.32,2.4,2.08,13.2,True
Tiotropium,Inhalation (MDI) 9 mcg/dose,Demo Pharmacy 4,26.455,80.355,2.4,2.35,1.9,True
Tiotropium,Inhalation (MDI) 9 mcg/dose,Demo Pharmacy 5,26.448,80.31,2.4,1.93,19.6,True
Tiotropium,Inhalation (MDI) 9 mcg/dose,Demo Pharmacy 1,26.4499,80.3319,2.4,2.39,0.4,True
Tiotropium,Inhalation (MDI) 9 mcg/dose,Demo Pharmacy 3,26.47,80.34,2.4,1.77,26.0,True
Tiotropium,"Inhalation (DPI) 18 
mcg/dose",Demo Pharmacy 5,26.448,80.31,9.26,8.06,13.0,True
Tiotropium,"Inhalation (DPI) 18 
mcg/dose",Demo Pharmacy 2,26.461,80.32,9.26,7.24,21.8,True
Tiotropium,"Inhalation (DPI) 18 
mcg/dose",Demo Pharmacy 3,26.47,80.34,9.26,7.92,14.5,True
Tiotropium,"Inhalation (DPI) 18 
mcg/dose",Demo Pharmacy 4,26.455,80.355,9.26,7.42,19.9,True
Tiotropium,"Inhalation (DPI) 18 
mcg/dose",Demo Pharmacy 1,26.4499,80.3319,9.26,7.48,19.2,True
Tramadol,Capsule 50 mg,Demo Pharmacy 5,26.448,80.31,4.5,3.63,19.3,True
Tramadol,Capsule 50 mg,Demo Pharmacy 1,26.4499,80.3319,4.5,4.29,4.7,True
Tramadol,Capsule 50 mg,Demo Pharmacy 4,26.455,80.355,4.5,3.35,25.5,True
Tramadol,"Injection 50 mg/ml (20 ml 
Pack)",Demo Pharmacy 2,26.461,80.32,1.24,1.15,7.2,True
Tramadol,"Injection 50 mg/ml (20 ml 
Pack)",Demo Pharmacy 1,26.4499,80.3319,1.24,0.88,29.1,True
Tramadol,"Injection 50 mg/ml (20 ml 
Pack)",Demo Pharmacy 5,26.448,80.31,1.24,1.22,1.5,True
Tramadol,"Injection 50 mg/ml (20 ml 
Pack)",Demo Pharmacy 3,26.47,80.34,1.24,1.16,6.7,True
Tramadol,"Injection 50 mg/ml (upto 2 
ml Pack)",Demo Pharmacy 4,26.455,80.355,10.44,9.05,13.3,True
Tramadol,"Injection 50 mg/ml (upto 2 
ml Pack)",Demo Pharmacy 5,26.448,80.31,10.44,8.65,17.2,True
Tramadol,"Injection 50 mg/ml (upto 2 
ml Pack)",Demo Pharmacy 1,26.4499,80.3319,10.44,10.16,2.6,True
Tramadol,"Injection 50 mg/ml (upto 2 
ml Pack)",Demo Pharmacy 3,26.47,80.34,10.44,8.88,15.0,True
Tramadol,"Injection 50 mg/ml (upto 2 
ml Pack)",Demo Pharmacy 2,26.461,80.32,10.44,9.45,9.5,True
Tramadol,Tablet 100 mg,Demo Pharmacy 1,26.4499,80.3319,19.61,19.4,1.1,True
Tramadol,Tablet 100 mg,Demo Pharmacy 5,26.448,80.31,19.61,16.38,16.5,True
Tramadol,Tablet 100 mg,Demo Pharmacy 2,26.461,80.32,19.61,14.75,24.8,True
Tramadol,Tablet 100 mg,Demo Pharmacy 3,26.47,80.34,19.61,14.95,23.8,True
Tramadol,Tablet 50 mg,Demo Pharmacy 3,26.47,80.34,8.04,7.16,10.9,True
Tramadol,Tablet 50 mg,Demo Pharmacy 2,26.461,80.32,8.04,7.91,1.6,True
Tramadol,Tablet 50 mg,Demo Pharmacy 5,26.448,80.31,8.04,7.5,6.7,True
Tramadol,Tablet 50 mg,Demo Pharmacy 4,26.455,80.355,8.04,6.94,13.6,True
Tramadol,Tablet 50 mg,Demo Pharmacy 1,26.4499,80.3319,8.04,6.69,16.8,True
Tramadol,Capsule 100 mg,Demo Pharmacy 5,26.448,80.31,9.57,9.24,3.4,True
Tramadol,Capsule 100 mg,Demo Pharmacy 4,26.455,80.355,9.57,7.39,22.8,True
Tramadol,Capsule 100 mg,Demo Pharmacy 3,26.47,80.34,9.57,8.93,6.7,True
Tramadol,Capsule 100 mg,Demo Pharmacy 2,26.461,80.32,9.57,8.59,10.2,True
Tramadol,Capsule 100 mg,Demo Pharmacy 1,26.4499,80.3319,9.57,7.19,24.9,True
Tranexamic acid,Injection 100 mg/ml,Demo Pharmacy 5,26.448,80.31,14.9,14.7,1.4,True
Tranexamic acid,Injection 100 mg/ml,Demo Pharmacy 3,26.47,80.34,14.9,14.17,4.9,True
Tranexamic acid,Injection 100 mg/ml,Demo Pharmacy 4,26.455,80.355,14.9,14.27,4.2,True
Tranexamic acid,Injection 100 mg/ml,Demo Pharmacy 1,26.4499,80.3319,14.9,11.7,21.5,True
Tranexamic acid,Tablet 500 mg,Demo Pharmacy 4,26.455,80.355,17.32,16.69,3.6,True
Tranexamic acid,Tablet 500 mg,Demo Pharmacy 1,26.4499,80.3319,17.32,12.89,25.6,True
Tranexamic acid,Tablet 500 mg,Demo Pharmacy 2,26.461,80.32,17.32,16.2,6.5,True
Tranexamic acid,Tablet 500 mg,Demo Pharmacy 5,26.448,80.31,17.32,13.04,24.7,True
Tranexamic acid,Tablet 500 mg,Demo Pharmacy 3,26.47,80.34,17.32,16.33,5.7,True
Trastuzumab,Injection 440 mg/50 ml,Demo Pharmacy 1,26.4499,80.3319,59976.96,46083.68,23.2,True
Trastuzumab,Injection 440 mg/50 ml,Demo Pharmacy 4,26.455,80.355,59976.96,51870.99,13.5,True
Trastuzumab,Injection 440 mg/50 ml,Demo Pharmacy 5,26.448,80.31,59976.96,48129.29,19.8,True
Trastuzumab,Injection 440 mg/50 ml,Demo Pharmacy 3,26.47,80.34,59976.96,42772.14,28.7,True
Trihexyphenidyl,Tablet 2 mg,Demo Pharmacy 4,26.455,80.355,1.21,0.94,22.1,True
Trihexyphenidyl,Tablet 2 mg,Demo Pharmacy 1,26.4499,80.3319,1.21,1.01,16.6,True
Trihexyphenidyl,Tablet 2 mg,Demo Pharmacy 3,26.47,80.34,1.21,1.05,13.0,True
Tropicamide,Eye Drop 1%,Demo Pharmacy 4,26.455,80.355,10.03,9.72,3.1,True
Tropicamide,Eye Drop 1%,Demo Pharmacy 2,26.461,80.32,10.03,8.05,19.7,True
Tropicamide,Eye Drop 1%,Demo Pharmacy 3,26.47,80.34,10.03,8.21,18.2,True
Tropicamide,Eye Drop 1%,Demo Pharmacy 1,26.4499,80.3319,10.03,9.06,9.7,True
Tropicamide,Eye Drop 1%,Demo Pharmacy 5,26.448,80.31,10.03,7.38,26.4,True
Vancomycin,Powder for Injection 1 gm,Demo Pharmacy 5,26.448,80.31,474.52,337.35,28.9,True
Vancomycin,Powder for Injection 1 gm,Demo Pharmacy 2,26.461,80.32,474.52,336.36,29.1,True
Vancomycin,Powder for Injection 1 gm,Demo Pharmacy 4,26.455,80.355,474.52,410.05,13.6,True
Vancomycin,Powder for Injection 1 gm,Demo Pharmacy 3,26.47,80.34,474.52,455.53,4.0,True
Vancomycin,Powder for Injection 250 mg,Demo Pharmacy 5,26.448,80.31,221.09,173.87,21.4,True
Vancomycin,Powder for Injection 250 mg,Demo Pharmacy 3,26.47,80.34,221.09,159.04,28.1,True
Vancomycin,Powder for Injection 250 mg,Demo Pharmacy 4,26.455,80.355,221.09,179.13,19.0,True
Vancomycin,Powder for Injection 250 mg,Demo Pharmacy 2,26.461,80.32,221.09,207.77,6.0,True
Vancomycin,Powder for Injection 500 mg,Demo Pharmacy 3,26.47,80.34,285.41,242.27,15.1,True
Vancomycin,Powder for Injection 500 mg,Demo Pharmacy 5,26.448,80.31,285.41,225.96,20.8,True
Vancomycin,Powder for Injection 500 mg,Demo Pharmacy 4,26.455,80.355,285.41,257.81,9.7,True
Vancomycin,Powder for Injection 500 mg,Demo Pharmacy 1,26.4499,80.3319,285.41,275.53,3.5,True
Vancomycin,Powder for Injection 500 mg,Demo Pharmacy 2,26.461,80.32,285.41,255.25,10.6,True
Vecuronium,Powder for Injection 10 mg,Demo Pharmacy 5,26.448,80.31,188.52,138.89,26.3,True
Vecuronium,Powder for Injection 10 mg,Demo Pharmacy 4,26.455,80.355,188.52,164.63,12.7,True
Vecuronium,Powder for Injection 10 mg,Demo Pharmacy 3,26.47,80.34,188.52,187.8,0.4,True
Vecuronium,Powder for Injection 10 mg,Demo Pharmacy 2,26.461,80.32,188.52,182.5,3.2,True
Vecuronium,Powder for Injection 4 mg,Demo Pharmacy 2,26.461,80.32,90.98,85.52,6.0,True
Vecuronium,Powder for Injection 4 mg,Demo Pharmacy 1,26.4499,80.3319,90.98,70.5,22.5,True
Vecuronium,Powder for Injection 4 mg,Demo Pharmacy 3,26.47,80.34,90.98,86.59,4.8,True
Vecuronium,Powder for Injection 4 mg,Demo Pharmacy 4,26.455,80.355,90.98,83.16,8.6,True
Verapamil,Injection 2.5 mg/ml,Demo Pharmacy 2,26.461,80.32,1.16,1.09,6.1,True
Verapamil,Injection 2.5 mg/ml,Demo Pharmacy 1,26.4499,80.3319,1.16,0.97,16.2,True
Verapamil,Injection 2.5 mg/ml,Demo Pharmacy 3,26.47,80.34,1.16,1.04,10.8,True
Verapamil,Injection 2.5 mg/ml,Demo Pharmacy 5,26.448,80.31,1.16,1.0,13.6,True
Verapamil,Tablet 40 mg,Demo Pharmacy 5,26.448,80.31,0.74,0.63,15.3,True
Verapamil,Tablet 40 mg,Demo Pharmacy 2,26.461,80.32,0.74,0.56,23.9,True
Verapamil,Tablet 40 mg,Demo Pharmacy 3,26.47,80.34,0.74,0.59,20.9,True
Verapamil,Tablet 40 mg,Demo Pharmacy 4,26.455,80.355,0.74,0.59,20.8,True
Verapamil,Tablet 40 mg,Demo Pharmacy 1,26.4499,80.3319,0.74,0.73,1.4,True
Verapamil,Tablet 80 mg,Demo Pharmacy 4,26.455,80.355,1.39,0.99,29.0,True
Verapamil,Tablet 80 mg,Demo Pharmacy 5,26.448,80.31,1.39,1.37,1.6,True
Verapamil,Tablet 80 mg,Demo Pharmacy 3,26.47,80.34,1.39,1.08,22.3,True
Verapamil,Tablet 80 mg,Demo Pharmacy 2,26.461,80.32,1.39,1.31,6.1,True
Vinblastine,Injection 1mg/ml,Demo Pharmacy 2,26.461,80.32,20.46,15.7,23.3,True
Vinblastine,Injection 1mg/ml,Demo Pharmacy 3,26.47,80.34,20.46,14.54,28.9,True
Vinblastine,Injection 1mg/ml,Demo Pharmacy 4,26.455,80.355,20.46,18.65,8.8,True
Vinblastine,Injection 1mg/ml,Demo Pharmacy 1,26.4499,80.3319,20.46,19.37,5.3,True
Vincristine,Injection 1 mg/ml,Demo Pharmacy 1,26.4499,80.3319,51.96,51.33,1.2,True
Vincristine,Injection 1 mg/ml,Demo Pharmacy 2,26.461,80.32,51.96,47.61,8.4,True
Vincristine,Injection 1 mg/ml,Demo Pharmacy 5,26.448,80.31,51.96,47.84,7.9,True
Vincristine,Injection 1 mg/ml,Demo Pharmacy 3,26.47,80.34,51.96,49.45,4.8,True
Vincristine,Injection 1 mg/ml,Demo Pharmacy 4,26.455,80.355,51.96,38.77,25.4,True
Vitamin A,Capsule 50000 IU,Demo Pharmacy 3,26.47,80.34,0.55,0.4,28.1,True
Vitamin A,Capsule 50000 IU,Demo Pharmacy 4,26.455,80.355,0.55,0.54,1.2,True
Vitamin A,Capsule 50000 IU,Demo Pharmacy 5,26.448,80.31,0.55,0.4,27.9,True
Vitamin A,Injection 50000 IU/ml,Demo Pharmacy 1,26.4499,80.3319,1.91,1.46,23.5,True
Vitamin A,Injection 50000 IU/ml,Demo Pharmacy 3,26.47,80.34,1.91,1.73,9.5,True
Vitamin A,Injection 50000 IU/ml,Demo Pharmacy 2,26.461,80.32,1.91,1.78,6.6,True
Vitamin A,Injection 50000 IU/ml,Demo Pharmacy 4,26.455,80.355,1.91,1.8,5.5,True
Vitamin A,Injection 50000 IU/ml,Demo Pharmacy 5,26.448,80.31,1.91,1.87,2.0,True
Vitamin A,Tablet 50000 IU,Demo Pharmacy 2,26.461,80.32,0.7,0.63,10.5,True
Vitamin A,Tablet 50000 IU,Demo Pharmacy 4,26.455,80.355,0.7,0.51,26.5,True
Vitamin A,Tablet 50000 IU,Demo Pharmacy 3,26.47,80.34,0.7,0.56,19.9,True
Vitamin A,Tablet 50000 IU,Demo Pharmacy 5,26.448,80.31,0.7,0.63,9.9,True
Vitamin A,Tablet 50000 IU,Demo Pharmacy 1,26.4499,80.3319,0.7,0.64,8.8,True
Warfarin,Tablet 1 mg,Demo Pharmacy 5,26.448,80.31,2.41,1.93,20.1,True
Warfarin,Tablet 1 mg,Demo Pharmacy 4,26.455,80.355,2.41,2.09,13.4,True
Warfarin,Tablet 1 mg,Demo Pharmacy 3,26.47,80.34,2.41,1.76,27.1,True
Warfarin,Tablet 1 mg,Demo Pharmacy 1,26.4499,80.3319,2.41,1.97,18.4,True
Warfarin,Tablet 1 mg,Demo Pharmacy 2,26.461,80.32,2.41,1.96,18.6,True
Warfarin,Tablet 2 mg,Demo Pharmacy 3,26.47,80.34,2.66,2.35,11.6,True
Warfarin,Tablet 2 mg,Demo Pharmacy 4,26.455,80.355,2.66,2.23,16.2,True
Warfarin,Tablet 2 mg,Demo Pharmacy 1,26.4499,80.3319,2.66,2.43,8.5,True
Warfarin,Tablet 3 mg,Demo Pharmacy 3,26.47,80.34,3.11,2.27,26.9,True
Warfarin,Tablet 3 mg,Demo Pharmacy 4,26.455,80.355,3.11,2.93,5.8,True
Warfarin,Tablet 3 mg,Demo Pharmacy 2,26.461,80.32,3.11,2.63,15.4,True
Warfarin,Tablet 3 mg,Demo Pharmacy 1,26.4499,80.3319,3.11,2.23,28.4,True
Warfarin,Tablet 3 mg,Demo Pharmacy 5,26.448,80.31,3.11,2.95,5.0,True
Warfarin,Tablet 5 mg,Demo Pharmacy 5,26.448,80.31,2.35,1.88,20.1,True
Warfarin,Tablet 5 mg,Demo Pharmacy 1,26.4499,80.3319,2.35,1.8,23.2,True
Warfarin,Tablet 5 mg,Demo Pharmacy 3,26.47,80.34,2.35,1.74,25.9,True
Warfarin,Tablet 5 mg,Demo Pharmacy 4,26.455,80.355,2.35,2.05,12.7,True
Warfarin,Tablet 5 mg,Demo Pharmacy 2,26.461,80.32,2.35,2.28,3.1,True
Water for Injection,Injection,Demo Pharmacy 4,26.455,80.355,2.32,2.0,13.8,True
Water for Injection,Injection,Demo Pharmacy 1,26.4499,80.3319,2.32,2.09,10.0,True
Water for Injection,Injection,Demo Pharmacy 3,26.47,80.34,2.32,2.26,2.6,True
Water for Injection,Injection,Demo Pharmacy 5,26.448,80.31,2.32,2.28,1.6,True
Water for Injection,Injection,Demo Pharmacy 2,26.461,80.32,2.32,1.77,23.8,True
White Petrolatum,Jelly 100%,Demo Pharmacy 1,26.4499,80.3319,0.09,0.08,13.5,True
White Petrolatum,Jelly 100%,Demo Pharmacy 2,26.461,80.32,0.09,0.08,12.1,True
White Petrolatum,Jelly 100%,Demo Pharmacy 4,26.455,80.355,0.09,0.08,9.5,True
White Petrolatum,Jelly 100%,Demo Pharmacy 3,26.47,80.34,0.09,0.08,11.7,True
White Petrolatum,Jelly 100%,Demo Pharmacy 5,26.448,80.31,0.09,0.09,3.5,True
Xylometazoline,Nasal Drops 0.05%,Demo Pharmacy 5,26.448,80.31,3.92,3.23,17.6,True
Xylometazoline,Nasal Drops 0.05%,Demo Pharmacy 1,26.4499,80.3319,3.92,3.1,21.0,True
Xylometazoline,Nasal Drops 0.05%,Demo Pharmacy 3,26.47,80.34,3.92,3.83,2.2,True
Xylometazoline,Nasal Drops 0.1%,Demo Pharmacy 1,26.4499,80.3319,5.19,4.75,8.4,True
Xylometazoline,Nasal Drops 0.1%,Demo Pharmacy 3,26.47,80.34,5.19,3.75,27.8,True
Xylometazoline,Nasal Drops 0.1%,Demo Pharmacy 4,26.455,80.355,5.19,4.6,11.4,True
Xylometazoline,Nasal Drops 0.1%,Demo Pharmacy 2,26.461,80.32,5.19,3.91,24.7,True
Xylometazoline,Nasal Drops 0.1%,Demo Pharmacy 5,26.448,80.31,5.19,5.14,0.9,True
Zidovudine,Capsule 300 mg,Demo Pharmacy 5,26.448,80.31,2.06,1.6,22.4,True
Zidovudine,Capsule 300 mg,Demo Pharmacy 2,26.461,80.32,2.06,1.57,23.9,True
Zidovudine,Capsule 300 mg,Demo Pharmacy 1,26.4499,80.3319,2.06,1.54,25.5,True
Zidovudine,Tablet 300 mg,Demo Pharmacy 2,26.461,80.32,14.21,10.13,28.7,True
Zidovudine,Tablet 300 mg,Demo Pharmacy 3,26.47,80.34,14.21,14.16,0.3,True
Zidovudine,Tablet 300 mg,Demo Pharmacy 4,26.455,80.355,14.21,10.48,26.2,True
Zidovudine,Tablet 300 mg,Demo Pharmacy 5,26.448,80.31,14.21,13.61,4.2,True
"Zidovudine (A) + Lamivudine 
(B) + Nevirapine (C)","Tablet 300 mg(A) + 150 
mg(B) + 200 mg(C)",Demo Pharmacy 1,26.4499,80.3319,20.09,16.79,16.4,True
"Zidovudine (A) + Lamivudine 
(B) + Nevirapine (C)","Tablet 300 mg(A) + 150 
mg(B) + 200 mg(C)",Demo Pharmacy 4,26.455,80.355,20.09,19.58,2.6,True
"Zidovudine (A) + Lamivudine 
(B) + Nevirapine (C)","Tablet 300 mg(A) + 150 
mg(B) + 200 mg(C)",Demo Pharmacy 3,26.47,80.34,20.09,18.82,6.3,True
Zinc sulphate,Dispersible Tablet 20mg,Demo Pharmacy 3,26.47,80.34,3.13,2.96,5.5,True
Zinc sulphate,Dispersible Tablet 20mg,Demo Pharmacy 2,26.461,80.32,3.13,2.55,18.5,True
Zinc sulphate,Dispersible Tablet 20mg,Demo Pharmacy 4,26.455,80.355,3.13,2.89,7.6,True
Zinc sulphate,Dispersible Tablet 20mg,Demo Pharmacy 1,26.4499,80.3319,3.13,3.02,3.4,True
Zinc sulphate,Dispersible Tablet 20mg,Demo Pharmacy 5,26.448,80.31,3.13,2.5,20.1,True
Zoledronic Acid,Powder for Injection 4 mg,Demo Pharmacy 1,26.4499,80.3319,4188.87,3344.79,20.2,True
Zoledronic Acid,Powder for Injection 4 mg,Demo Pharmacy 4,26.455,80.355,4188.87,3873.84,7.5,True
Zoledronic Acid,Powder for Injection 4 mg,Demo Pharmacy 3,26.47,80.34,4188.87,3940.78,5.9,True
Zoledronic Acid,Powder for Injection 4 mg,Demo Pharmacy 5,26.448,80.31,4188.87,3459.26,17.4,True
Zoledronic Acid,Powder for Injection 4 mg,Demo Pharmacy 2,26.461,80.32,4188.87,2993.11,28.5,True
Zolpidem,Capsule 5 mg,Demo Pharmacy 2,26.461,80.32,7.33,5.97,18.6,True
Zolpidem,Capsule 5 mg,Demo Pharmacy 5,26.448,80.31,7.33,5.35,27.0,True
Zolpidem,Capsule 5 mg,Demo Pharmacy 1,26.4499,80.3319,7.33,6.63,9.5,True
Zolpidem,Capsule 5 mg,Demo Pharmacy 4,26.455,80.355,7.33,6.34,13.5,True
Zolpidem,Tablet 10 mg,Demo Pharmacy 3,26.47,80.34,8.42,6.0,28.8,True
Zolpidem,Tablet 10 mg,Demo Pharmacy 2,26.461,80.32,8.42,7.99,5.1,True
Zolpidem,Tablet 10 mg,Demo Pharmacy 5,26.448,80.31,8.42,7.63,9.4,True
Zolpidem,Tablet 10 mg,Demo Pharmacy 4,26.455,80.355,8.42,6.44,23.6,True
Zolpidem,Tablet 10 mg,Demo Pharmacy 1,26.4499,80.3319,8.42,6.62,21.4,True
Zolpidem,Tablet 5 mg,Demo Pharmacy 4,26.455,80.355,5.37,3.96,26.3,True
Zolpidem,Tablet 5 mg,Demo Pharmacy 3,26.47,80.34,5.37,4.62,13.9,True
Zolpidem,Tablet 5 mg,Demo Pharmacy 2,26.461,80.32,5.37,4.79,10.8,True
Zolpidem,Tablet 5 mg,Demo Pharmacy 1,26.4499,80.3319,5.37,4.88,9.2,True
Zolpidem,Tablet 5 mg,Demo Pharmacy 5,26.448,80.31,5.37,4.48,16.6,True
"Human Normal 
Immunoglobulin",Solution for infusion 16.5%,Demo Pharmacy 5,26.448,80.31,379.83,281.98,25.8,True
"Human Normal 
Immunoglobulin",Solution for infusion 16.5%,Demo Pharmacy 1,26.4499,80.3319,379.83,363.88,4.2,True
"Human Normal 
Immunoglobulin",Solution for infusion 16.5%,Demo Pharmacy 2,26.461,80.32,379.83,318.46,16.2,True
Glucose,Injection 5%,Demo Pharmacy 1,26.4499,80.3319,76.17,57.6,24.4,True
Glucose,Injection 5%,Demo Pharmacy 5,26.448,80.31,76.17,62.94,17.4,True
Glucose,Injection 5%,Demo Pharmacy 4,26.455,80.355,76.17,58.59,23.1,True
Glucose,Injection 5%,Demo Pharmacy 3,26.47,80.34,76.17,71.31,6.4,True
"Glucose (A) + Sodium 
Chloride (B)",Injection 5% (A) + 0.9% (B),Demo Pharmacy 5,26.448,80.31,80.04,58.57,26.8,True
"Glucose (A) + Sodium 
Chloride (B)",Injection 5% (A) + 0.9% (B),Demo Pharmacy 3,26.47,80.34,80.04,67.08,16.2,True
"Glucose (A) + Sodium 
Chloride (B)",Injection 5% (A) + 0.9% (B),Demo Pharmacy 4,26.455,80.355,80.04,64.34,19.6,True
Ringer lactate,Injection100 ml,Demo Pharmacy 3,26.47,80.34,23.95,17.55,26.7,True
Ringer lactate,Injection100 ml,Demo Pharmacy 4,26.455,80.355,23.95,19.71,17.7,True
Ringer lactate,Injection100 ml,Demo Pharmacy 1,26.4499,80.3319,23.95,17.79,25.7,True
Ringer lactate,Injection 250 ml,Demo Pharmacy 4,26.455,80.355,40.84,36.38,10.9,True
Ringer lactate,Injection 250 ml,Demo Pharmacy 1,26.4499,80.3319,40.84,40.71,0.3,True
Ringer lactate,Injection 250 ml,Demo Pharmacy 2,26.461,80.32,40.84,37.91,7.2,True
Ringer lactate,Injection 500 ml,Demo Pharmacy 2,26.461,80.32,52.03,43.19,17.0,True
Ringer lactate,Injection 500 ml,Demo Pharmacy 5,26.448,80.31,52.03,43.2,17.0,True
Ringer lactate,Injection 500 ml,Demo Pharmacy 4,26.455,80.355,52.03,38.42,26.2,True
Ringer lactate,Injection 500 ml,Demo Pharmacy 1,26.4499,80.3319,52.03,49.75,4.4,True
Ringer lactate,Injection 500 ml,Demo Pharmacy 3,26.47,80.34,52.03,40.6,22.0,True
Ringer lactate,Injection 1000 ml,Demo Pharmacy 1,26.4499,80.3319,91.46,89.74,1.9,True
Ringer lactate,Injection 1000 ml,Demo Pharmacy 2,26.461,80.32,91.46,81.32,11.1,True
Ringer lactate,Injection 1000 ml,Demo Pharmacy 4,26.455,80.355,91.46,90.29,1.3,True
Ringer lactate,Injection 1000 ml,Demo Pharmacy 5,26.448,80.31,91.46,85.79,6.2,True
"Atazanavir (A) + Ritonavir 
(B)","Tablet 300 mg(A) + 100 
mg(B)",Demo Pharmacy 4,26.455,80.355,98.43,97.25,1.2,True
"Atazanavir (A) + Ritonavir 
(B)","Tablet 300 mg(A) + 100 
mg(B)",Demo Pharmacy 5,26.448,80.31,98.43,79.28,19.5,True
"Atazanavir (A) + Ritonavir 
(B)","Tablet 300 mg(A) + 100 
mg(B)",Demo Pharmacy 2,26.461,80.32,98.43,95.38,3.1,True
"Atazanavir (A) + Ritonavir 
(B)","Tablet 300 mg(A) + 100 
mg(B)",Demo Pharmacy 1,26.4499,80.3319,98.43,69.83,29.1,True
Atenolol,Tablet 100 mg,Demo Pharmacy 3,26.47,80.34,3.47,2.79,19.6,True
Atenolol,Tablet 100 mg,Demo Pharmacy 5,26.448,80.31,3.47,3.09,11.0,True
Atenolol,Tablet 100 mg,Demo Pharmacy 4,26.455,80.355,3.47,2.79,19.6,True
Atenolol,Tablet 100 mg,Demo Pharmacy 1,26.4499,80.3319,3.47,2.6,25.1,True
Atenolol,Tablet 100 mg,Demo Pharmacy 2,26.461,80.32,3.47,2.93,15.5,True
Atenolol,Tablet 50 mg,Demo Pharmacy 2,26.461,80.32,1.78,1.52,14.6,True
Atenolol,Tablet 50 mg,Demo Pharmacy 4,26.455,80.355,1.78,1.52,14.5,True
Atenolol,Tablet 50 mg,Demo Pharmacy 5,26.448,80.31,1.78,1.46,18.1,True
Atenolol,Tablet 50 mg,Demo Pharmacy 3,26.47,80.34,1.78,1.51,15.1,True
Atorvastatin,Tablet 10 mg,Demo Pharmacy 4,26.455,80.355,5.47,5.34,2.3,True
Atorvastatin,Tablet 10 mg,Demo Pharmacy 2,26.461,80.32,5.47,4.41,19.3,True
Atorvastatin,Tablet 10 mg,Demo Pharmacy 1,26.4499,80.3319,5.47,5.12,6.3,True
Atorvastatin,Tablet 20 mg,Demo Pharmacy 2,26.461,80.32,13.25,10.4,21.5,True
Atorvastatin,Tablet 20 mg,Demo Pharmacy 3,26.47,80.34,13.25,12.78,3.5,True
Atorvastatin,Tablet 20 mg,Demo Pharmacy 4,26.455,80.355,13.25,12.33,6.9,True
Atorvastatin,Tablet 40 mg,Demo Pharmacy 1,26.4499,80.3319,19.24,16.48,14.4,True
Atorvastatin,Tablet 40 mg,Demo Pharmacy 4,26.455,80.355,19.24,15.83,17.7,True
Atorvastatin,Tablet 40 mg,Demo Pharmacy 3,26.47,80.34,19.24,15.5,19.4,True
Atorvastatin,Tablet 40 mg,Demo Pharmacy 2,26.461,80.32,19.24,16.87,12.3,True
Atracurium,Injection 10 mg/ml,Demo Pharmacy 1,26.4499,80.3319,52.27,42.98,17.8,True
Atracurium,Injection 10 mg/ml,Demo Pharmacy 2,26.461,80.32,52.27,50.16,4.0,True
Atracurium,Injection 10 mg/ml,Demo Pharmacy 3,26.47,80.34,52.27,44.23,15.4,True
Atropine,Ointment 1%,Demo Pharmacy 2,26.461,80.32,3.77,3.19,15.5,True
Atropine,Ointment 1%,Demo Pharmacy 1,26.4499,80.3319,3.77,3.31,12.2,True
Atropine,Ointment 1%,Demo Pharmacy 4,26.455,80.355,3.77,2.67,29.1,True
Atropine,Ointment 1%,Demo Pharmacy 5,26.448,80.31,3.77,3.05,19.1,True
Atropine,Ointment 1%,Demo Pharmacy 3,26.47,80.34,3.77,2.78,26.4,True
Atropine,Injection 0.6 mg/ml,Demo Pharmacy 3,26.47,80.34,4.18,3.09,26.0,True
Atropine,Injection 0.6 mg/ml,Demo Pharmacy 1,26.4499,80.3319,4.18,3.97,5.1,True
Atropine,Injection 0.6 mg/ml,Demo Pharmacy 4,26.455,80.355,4.18,3.14,24.9,True
Atropine,Injection 0.6 mg/ml,Demo Pharmacy 2,26.461,80.32,4.18,3.43,18.0,True
Atropine,Injection 0.6 mg/ml,Demo Pharmacy 5,26.448,80.31,4.18,3.18,23.8,True
Atropine,Drops 1%,Demo Pharmacy 5,26.448,80.31,3.42,2.68,21.7,True
Atropine,Drops 1%,Demo Pharmacy 3,26.47,80.34,3.42,3.07,10.3,True
Atropine,Drops 1%,Demo Pharmacy 1,26.4499,80.3319,3.42,2.95,13.6,True
Azathioprine,Tablet 50 mg,Demo Pharmacy 1,26.4499,80.3319,10.12,9.79,3.3,True
Azathioprine,Tablet 50 mg,Demo Pharmacy 2,26.461,80.32,10.12,9.51,6.1,True
Azathioprine,Tablet 50 mg,Demo Pharmacy 4,26.455,80.355,10.12,7.51,25.8,True
Azathioprine,Tablet 50 mg,Demo Pharmacy 3,26.47,80.34,10.12,8.59,15.1,True
Azathioprine,Tablet 50 mg,Demo Pharmacy 5,26.448,80.31,10.12,8.85,12.6,True
Azithromycin,Capsule 250 mg,Demo Pharmacy 5,26.448,80.31,10.47,8.98,14.3,True
Azithromycin,Capsule 250 mg,Demo Pharmacy 1,26.4499,80.3319,10.47,8.54,18.4,True
Azithromycin,Capsule 250 mg,Demo Pharmacy 4,26.455,80.355,10.47,10.35,1.2,True
Azithromycin,Capsule 500 mg,Demo Pharmacy 5,26.448,80.31,16.53,12.06,27.1,True
Azithromycin,Capsule 500 mg,Demo Pharmacy 1,26.4499,80.3319,16.53,13.86,16.2,True
Azithromycin,Capsule 500 mg,Demo Pharmacy 4,26.455,80.355,16.53,16.52,0.0,True
Azithromycin,Capsule 500 mg,Demo Pharmacy 2,26.461,80.32,16.53,11.88,28.1,True
Azithromycin,Capsule 500 mg,Demo Pharmacy 3,26.47,80.34,16.53,13.17,20.4,True
Azithromycin,Oral Liquid 200 mg/5ml,Demo Pharmacy 5,26.448,80.31,3.07,2.43,20.9,True
Azithromycin,Oral Liquid 200 mg/5ml,Demo Pharmacy 4,26.455,80.355,3.07,2.67,12.9,True
Azithromycin,Oral Liquid 200 mg/5ml,Demo Pharmacy 2,26.461,80.32,3.07,2.21,28.2,True
Azithromycin,Oral Liquid 200 mg/5ml,Demo Pharmacy 1,26.4499,80.3319,3.07,2.63,14.5,True
Azithromycin,Tablet 250mg,Demo Pharmacy 3,26.47,80.34,10.52,9.72,7.6,True
Azithromycin,Tablet 250mg,Demo Pharmacy 1,26.4499,80.3319,10.52,8.1,23.0,True
Azithromycin,Tablet 250mg,Demo Pharmacy 2,26.461,80.32,10.52,7.65,27.3,True
Azithromycin,Tablet 250mg,Demo Pharmacy 4,26.455,80.355,10.52,10.26,2.5,True
Azithromycin,Tablet 500mg,Demo Pharmacy 5,26.448,80.31,21.23,16.71,21.3,True
Azithromycin,Tablet 500mg,Demo Pharmacy 4,26.455,80.355,21.23,16.2,23.7,True
Azithromycin,Tablet 500mg,Demo Pharmacy 2,26.461,80.32,21.23,17.55,17.3,True
Azithromycin,Tablet 500mg,Demo Pharmacy 1,26.4499,80.3319,21.23,20.48,3.5,True
Azithromycin,Tablet 500mg,Demo Pharmacy 3,26.47,80.34,21.23,21.18,0.2,True
Azithromycin,Powder for Injection 500mg,Demo Pharmacy 2,26.461,80.32,191.7,182.8,4.6,True
Azithromycin,Powder for Injection 500mg,Demo Pharmacy 3,26.47,80.34,191.7,154.23,19.5,True
Azithromycin,Powder for Injection 500mg,Demo Pharmacy 5,26.448,80.31,191.7,177.11,7.6,True
Azithromycin,Powder for Injection 500mg,Demo Pharmacy 4,26.455,80.355,191.7,142.53,25.6,True
Azithromycin,Powder for Injection 500mg,Demo Pharmacy 1,26.4499,80.3319,191.7,167.34,12.7,True
Baclofen,Tablet 10 mg,Demo Pharmacy 5,26.448,80.31,10.72,8.29,22.6,True
Baclofen,Tablet 10 mg,Demo Pharmacy 3,26.47,80.34,10.72,9.39,12.4,True
Baclofen,Tablet 10 mg,Demo Pharmacy 4,26.455,80.355,10.72,8.2,23.5,True
Baclofen,Tablet 10 mg,Demo Pharmacy 2,26.461,80.32,10.72,9.17,14.5,True
Baclofen,Tablet 20 mg,Demo Pharmacy 5,26.448,80.31,14.75,12.19,17.3,True
Baclofen,Tablet 20 mg,Demo Pharmacy 4,26.455,80.355,14.75,11.32,23.2,True
Baclofen,Tablet 20 mg,Demo Pharmacy 2,26.461,80.32,14.75,12.99,11.9,True
Baclofen,Tablet 20 mg,Demo Pharmacy 3,26.47,80.34,14.75,14.14,4.1,True
Baclofen,Tablet 5 mg,Demo Pharmacy 1,26.4499,80.3319,5.52,5.16,6.4,True
Baclofen,Tablet 5 mg,Demo Pharmacy 2,26.461,80.32,5.52,4.86,12.0,True
Baclofen,Tablet 5 mg,Demo Pharmacy 4,26.455,80.355,5.52,4.96,10.2,True
Baclofen,Tablet 5 mg,Demo Pharmacy 5,26.448,80.31,5.52,4.61,16.5,True
Baclofen,Tablet 5 mg,Demo Pharmacy 3,26.47,80.34,5.52,4.37,20.9,True
BCG vaccine,,Demo Pharmacy 1,26.4499,80.3319,8.91,6.71,24.7,True
BCG vaccine,,Demo Pharmacy 2,26.461,80.32,8.91,7.65,14.2,True
BCG vaccine,,Demo Pharmacy 4,26.455,80.355,8.91,7.31,18.0,True
BCG vaccine,,Demo Pharmacy 5,26.448,80.31,8.91,8.67,2.6,True
BCG vaccine,,Demo Pharmacy 3,26.47,80.34,8.91,8.21,7.9,True
Benzathine benzylpenicillin,"Powder for Injection 12 lac 
units",Demo Pharmacy 1,26.4499,80.3319,18.18,13.1,27.9,True
Benzathine benzylpenicillin,"Powder for Injection 12 lac 
units",Demo Pharmacy 5,26.448,80.31,18.18,15.99,12.0,True
Benzathine benzylpenicillin,"Powder for Injection 12 lac 
units",Demo Pharmacy 3,26.47,80.34,18.18,14.6,19.7,True
Benzathine benzylpenicillin,"Powder for Injection 12 lac 
units",Demo Pharmacy 2,26.461,80.32,18.18,16.62,8.6,True
Benzathine benzylpenicillin,"Powder for Injection 6 lac 
units",Demo Pharmacy 1,26.4499,80.3319,12.03,11.99,0.3,True
Benzathine benzylpenicillin,"Powder for Injection 6 lac 
units",Demo Pharmacy 2,26.461,80.32,12.03,8.96,25.5,True
Benzathine benzylpenicillin,"Powder for Injection 6 lac 
units",Demo Pharmacy 3,26.47,80.34,12.03,8.67,27.9,True
Benzathine benzylpenicillin,"Powder for Injection 6 lac 
units",Demo Pharmacy 4,26.455,80.355,12.03,10.16,15.5,True
Benzathine benzylpenicillin,"Powder for Injection 6 lac 
units",Demo Pharmacy 5,26.448,80.31,12.03,11.33,5.8,True
Benzoyl Peroxide,Cream 2.5%,Demo Pharmacy 5,26.448,80.31,2.33,2.08,10.8,True
Benzoyl Peroxide,Cream 2.5%,Demo Pharmacy 2,26.461,80.32,2.33,1.87,19.7,True
Benzoyl Peroxide,Cream 2.5%,Demo Pharmacy 3,26.47,80.34,2.33,1.65,29.3,True
Benzoyl Peroxide,Cream 2.5%,Demo Pharmacy 1,26.4499,80.3319,2.33,2.27,2.6,True
Benzoyl Peroxide,Cream 2.5%,Demo Pharmacy 4,26.455,80.355,2.33,2.14,8.3,True
Benzoyl Peroxide,Gel 2.5%,Demo Pharmacy 3,26.47,80.34,3.74,3.16,15.5,True
Benzoyl Peroxide,Gel 2.5%,Demo Pharmacy 4,26.455,80.355,3.74,2.91,22.1,True
Benzoyl Peroxide,Gel 2.5%,Demo Pharmacy 2,26.461,80.32,3.74,3.66,2.1,True
Benzoyl Peroxide,Gel 2.5%,Demo Pharmacy 1,26.4499,80.3319,3.74,3.64,2.7,True
Benzyl penicillin,"Powder for Injection 10 Lac 
Units",Demo Pharmacy 5,26.448,80.31,7.78,7.25,6.8,True
Benzyl penicillin,"Powder for Injection 10 Lac 
Units",Demo Pharmacy 3,26.47,80.34,7.78,5.53,28.9,True
Benzyl penicillin,"Powder for Injection 10 Lac 
Units",Demo Pharmacy 2,26.461,80.32,7.78,6.72,13.6,True
Benzyl penicillin,"Powder for Injection 10 Lac 
Units",Demo Pharmacy 4,26.455,80.355,7.78,6.84,12.1,True
Betamethasone,Cream 0.05%,Demo Pharmacy 3,26.47,80.34,0.58,0.49,15.2,True
Betamethasone,Cream 0.05%,Demo Pharmacy 2,26.461,80.32,0.58,0.48,16.8,True
Betamethasone,Cream 0.05%,Demo Pharmacy 4,26.455,80.355,0.58,0.49,15.1,True
Betamethasone,Cream 0.1%,Demo Pharmacy 1,26.4499,80.3319,0.84,0.67,20.8,True
Betamethasone,Cream 0.1%,Demo Pharmacy 3,26.47,80.34,0.84,0.6,29.0,True
Betamethasone,Cream 0.1%,Demo Pharmacy 4,26.455,80.355,0.84,0.7,16.9,True
Betamethasone,Cream 0.1%,Demo Pharmacy 2,26.461,80.32,0.84,0.65,23.1,True
Betamethasone,Gel 0.05%,Demo Pharmacy 4,26.455,80.355,0.53,0.45,14.5,True
Betamethasone,Gel 0.05%,Demo Pharmacy 5,26.448,80.31,0.53,0.49,7.7,True
Betamethasone,Gel 0.05%,Demo Pharmacy 3,26.47,80.34,0.53,0.47,11.5,True
Betamethasone,Gel 0.05%,Demo Pharmacy 1,26.4499,80.3319,0.53,0.4,23.7,True
Betamethasone,Lotion 0.1%,Demo Pharmacy 2,26.461,80.32,0.82,0.58,28.7,True
Betamethasone,Lotion 0.1%,Demo Pharmacy 3,26.47,80.34,0.82,0.69,15.5,True
Betamethasone,Lotion 0.1%,Demo Pharmacy 5,26.448,80.31,0.82,0.82,0.3,True
Betamethasone,Lotion 0.5%,Demo Pharmacy 2,26.461,80.32,0.53,0.42,20.2,True
Betamethasone,Lotion 0.5%,Demo Pharmacy 3,26.47,80.34,0.53,0.4,24.6,True
Betamethasone,Lotion 0.5%,Demo Pharmacy 1,26.4499,80.3319,0.53,0.52,2.3,True
Betamethasone,Lotion 0.5%,Demo Pharmacy 5,26.448,80.31,0.53,0.38,27.9,True
Betamethasone,Injection 4 mg/ml,Demo Pharmacy 3,26.47,80.34,4.19,3.96,5.5,True
Betamethasone,Injection 4 mg/ml,Demo Pharmacy 5,26.448,80.31,4.19,3.25,22.4,True
Betamethasone,Injection 4 mg/ml,Demo Pharmacy 1,26.4499,80.3319,4.19,3.02,27.9,True
Betamethasone,Injection 4 mg/ml,Demo Pharmacy 2,26.461,80.32,4.19,3.95,5.7,True
Bicalutamide,Tablet 50 mg,Demo Pharmacy 2,26.461,80.32,68.41,64.17,6.2,True
Bicalutamide,Tablet 50 mg,Demo Pharmacy 5,26.448,80.31,68.41,64.25,6.1,True
Bicalutamide,Tablet 50 mg,Demo Pharmacy 3,26.47,80.34,68.41,63.29,7.5,True
Bicalutamide,Tablet 50 mg,Demo Pharmacy 1,26.4499,80.3319,68.41,55.71,18.6,True
Bicalutamide,Tablet 50 mg,Demo Pharmacy 4,26.455,80.355,68.41,65.21,4.7,True
Bisacodyl,Suppository 5 mg,Demo Pharmacy 1,26.4499,80.3319,8.41,6.0,28.7,True
Bisacodyl,Suppository 5 mg,Demo Pharmacy 5,26.448,80.31,8.41,7.17,14.8,True
Bisacodyl,Suppository 5 mg,Demo Pharmacy 3,26.47,80.34,8.41,8.39,0.2,True
Bisacodyl,Tablet 5 mg,Demo Pharmacy 1,26.4499,80.3319,1.0,0.73,26.9,True
Bisacodyl,Tablet 5 mg,Demo Pharmacy 4,26.455,80.355,1.0,0.74,26.4,True
Bisacodyl,Tablet 5 mg,Demo Pharmacy 2,26.461,80.32,1.0,0.83,17.2,True
Bisacodyl,Tablet 5 mg,Demo Pharmacy 3,26.47,80.34,1.0,0.92,8.2,True
Bisacodyl,Tablet 5 mg,Demo Pharmacy 5,26.448,80.31,1.0,0.95,5.5,True
Bleomycin,Powder for Injection 15 Units,Demo Pharmacy 3,26.47,80.34,618.94,521.32,15.8,True
Bleomycin,Powder for Injection 15 Units,Demo Pharmacy 4,26.455,80.355,618.94,540.36,12.7,True
Bleomycin,Powder for Injection 15 Units,Demo Pharmacy 1,26.4499,80.3319,618.94,444.46,28.2,True
Bleomycin,Powder for Injection 15 Units,Demo Pharmacy 5,26.448,80.31,618.94,612.89,1.0,True
Bleomycin,Powder for Injection 15 Units,Demo Pharmacy 2,26.461,80.32,618.94,554.45,10.4,True
Bortezomib,Powder for Injection 2 mg,Demo Pharmacy 2,26.461,80.32,12263.1,9727.54,20.7,True
Bortezomib,Powder for Injection 2 mg,Demo Pharmacy 4,26.455,80.355,12263.1,12219.62,0.4,True
Bortezomib,Powder for Injection 2 mg,Demo Pharmacy 1,26.4499,80.3319,12263.1,11487.76,6.3,True
Bortezomib,Powder for Injection 2 mg,Demo Pharmacy 5,26.448,80.31,12263.1,10125.61,17.4,True
Bortezomib,Powder for Injection 2 mg,Demo Pharmacy 3,26.47,80.34,12263.1,11065.84,9.8,True
Budesonide,Nasal Spray 100 mcg/dose,Demo Pharmacy 3,26.47,80.34,0.91,0.84,8.1,True
Budesonide,Nasal Spray 100 mcg/dose,Demo Pharmacy 2,26.461,80.32,0.91,0.65,28.8,True
Budesonide,Nasal Spray 100 mcg/dose,Demo Pharmacy 5,26.448,80.31,0.91,0.82,10.3,True
Budesonide,Nasal Spray 100 mcg/dose,Demo Pharmacy 4,26.455,80.355,0.91,0.86,5.5,True
Budesonide,Nasal Spray 100 mcg/dose,Demo Pharmacy 1,26.4499,80.3319,0.91,0.79,12.7,True
Budesonide,Nasal Spray 50 mcg/dose,Demo Pharmacy 3,26.47,80.34,1.01,0.87,13.5,True
Budesonide,Nasal Spray 50 mcg/dose,Demo Pharmacy 5,26.448,80.31,1.01,0.84,17.1,True
Budesonide,Nasal Spray 50 mcg/dose,Demo Pharmacy 2,26.461,80.32,1.01,0.71,29.4,True
Budesonide,Nasal Spray 50 mcg/dose,Demo Pharmacy 4,26.455,80.355,1.01,0.8,20.6,True
Budesonide,"Respiratory Solution for use 
in Nebulizer 0.5 mg/ml",Demo Pharmacy 3,26.47,80.34,10.68,9.3,13.0,True
Budesonide,"Respiratory Solution for use 
in Nebulizer 0.5 mg/ml",Demo Pharmacy 2,26.461,80.32,10.68,9.46,11.4,True
Budesonide,"Respiratory Solution for use 
in Nebulizer 0.5 mg/ml",Demo Pharmacy 5,26.448,80.31,10.68,10.21,4.4,True
Budesonide,"Respiratory Solution for use 
in Nebulizer 1 mg/ml",Demo Pharmacy 2,26.461,80.32,12.88,10.95,15.0,True
Budesonide,"Respiratory Solution for use 
in Nebulizer 1 mg/ml",Demo Pharmacy 4,26.455,80.355,12.88,9.03,29.9,True
Budesonide,"Respiratory Solution for use 
in Nebulizer 1 mg/ml",Demo Pharmacy 1,26.4499,80.3319,12.88,9.6,25.5,True
Budesonide,"Respiratory Solution for use 
in Nebulizer 1 mg/ml",Demo Pharmacy 3,26.47,80.34,12.88,10.88,15.5,True
Budesonide,"Respiratory Solution for use 
in Nebulizer 1 mg/ml",Demo Pharmacy 5,26.448,80.31,12.88,10.1,21.6,True
Budesonide,"Inhalation (MDI) 100 
mcg/dose",Demo Pharmacy 3,26.47,80.34,1.26,1.11,12.0,True
Budesonide,"Inhalation (MDI) 100 
mcg/dose",Demo Pharmacy 5,26.448,80.31,1.26,1.0,20.7,True
Budesonide,"Inhalation (MDI) 100 
mcg/dose",Demo Pharmacy 4,26.455,80.355,1.26,1.24,1.8,True
Budesonide,"Inhalation (MDI) 100 
mcg/dose",Demo Pharmacy 1,26.4499,80.3319,1.26,0.95,24.4,True
Budesonide,"Inhalation (MDI) 200 
mcg/dose",Demo Pharmacy 1,26.4499,80.3319,1.57,1.45,7.8,True
Budesonide,"Inhalation (MDI) 200 
mcg/dose",Demo Pharmacy 4,26.455,80.355,1.57,1.4,10.8,True
Budesonide,"Inhalation (MDI) 200 
mcg/dose",Demo Pharmacy 3,26.47,80.34,1.57,1.31,16.7,True
Budesonide,"Inhalation (MDI) 200 
mcg/dose",Demo Pharmacy 2,26.461,80.32,1.57,1.19,24.3,True
Budesonide,"Inhalation (DPI) 100 
mcg/dose",Demo Pharmacy 1,26.4499,80.3319,1.99,1.47,26.0,True
Budesonide,"Inhalation (DPI) 100 
mcg/dose",Demo Pharmacy 4,26.455,80.355,1.99,1.42,28.9,True
Budesonide,"Inhalation (DPI) 100 
mcg/dose",Demo Pharmacy 5,26.448,80.31,1.99,1.87,6.0,True
Budesonide,"Inhalation (DPI) 100 
mcg/dose",Demo Pharmacy 2,26.461,80.32,1.99,1.65,17.3,True
Acetyl Salicylic Acid,Tablet 300mg,Demo Pharmacy 5,26.448,80.31,0.23,0.18,20.2,True
Acetyl Salicylic Acid,Tablet 300mg,Demo Pharmacy 2,26.461,80.32,0.23,0.19,14.6,True
Acetyl Salicylic Acid,Tablet 300mg,Demo Pharmacy 4,26.455,80.355,0.23,0.18,22.1,True
Acetyl Salicylic Acid,Tablet 300mg,Demo Pharmacy 3,26.47,80.34,0.23,0.17,26.7,True
Acetyl Salicylic Acid,Tablet 300mg,Demo Pharmacy 1,26.4499,80.3319,0.23,0.2,11.4,True
Calcium carbonate,Tablet 250 mg,Demo Pharmacy 4,26.455,80.355,1.95,1.7,12.7,True
Calcium carbonate,Tablet 250 mg,Demo Pharmacy 2,26.461,80.32,1.95,1.59,18.4,True
Calcium carbonate,Tablet 250 mg,Demo Pharmacy 1,26.4499,80.3319,1.95,1.71,12.1,True
Calcium carbonate,Tablet 250 mg,Demo Pharmacy 5,26.448,80.31,1.95,1.42,27.2,True
Condoms,,Demo Pharmacy 2,26.461,80.32,9.1,8.24,9.4,True
Condoms,,Demo Pharmacy 3,26.47,80.34,9.1,7.32,19.6,True
Condoms,,Demo Pharmacy 1,26.4499,80.3319,9.1,7.16,21.3,True
Dapsone,Tablet 50 mg,Demo Pharmacy 4,26.455,80.355,0.24,0.21,12.4,True
Dapsone,Tablet 50 mg,Demo Pharmacy 3,26.47,80.34,0.24,0.22,5.5,True
Dapsone,Tablet 50 mg,Demo Pharmacy 2,26.461,80.32,0.24,0.23,0.7,True
Dapsone,Tablet 50 mg,Demo Pharmacy 5,26.448,80.31,0.24,0.18,21.8,True
Dapsone,Tablet 50 mg,Demo Pharmacy 1,26.4499,80.3319,0.24,0.19,19.9,True
Etoposide,Capsules 100 mg,Demo Pharmacy 1,26.4499,80.3319,60.37,58.64,2.9,True
Etoposide,Capsules 100 mg,Demo Pharmacy 2,26.461,80.32,60.37,43.4,28.1,True
Etoposide,Capsules 100 mg,Demo Pharmacy 5,26.448,80.31,60.37,51.8,14.2,True
Etoposide,Capsules 100 mg,Demo Pharmacy 4,26.455,80.355,60.37,59.4,1.6,True
Etoposide,Capsules 100 mg,Demo Pharmacy 3,26.47,80.34,60.37,46.41,23.1,True
Framycetin Sulphate,Cream 0.50%,Demo Pharmacy 1,26.4499,80.3319,0.87,0.7,19.6,True
Framycetin Sulphate,Cream 0.50%,Demo Pharmacy 5,26.448,80.31,0.87,0.64,26.6,True
Framycetin Sulphate,Cream 0.50%,Demo Pharmacy 2,26.461,80.32,0.87,0.79,9.3,True
Framycetin Sulphate,Cream 0.50%,Demo Pharmacy 4,26.455,80.355,0.87,0.81,7.4,True
Framycetin Sulphate,Cream 0.50%,Demo Pharmacy 3,26.47,80.34,0.87,0.8,8.5,True
Gentian Violet Paint,1%,Demo Pharmacy 2,26.461,80.32,0.07,0.06,1.1,True
Gentian Violet Paint,1%,Demo Pharmacy 5,26.448,80.31,0.07,0.06,10.7,True
Gentian Violet Paint,1%,Demo Pharmacy 3,26.47,80.34,0.07,0.05,27.5,True
Gentian Violet Paint,1%,Demo Pharmacy 1,26.4499,80.3319,0.07,0.05,25.9,True
Gentian Violet Paint,1%,Demo Pharmacy 4,26.455,80.355,0.07,0.06,14.0,True
Isoniazid,Syrup 100 mg/5ml,Demo Pharmacy 3,26.47,80.34,0.26,0.21,18.9,True
Isoniazid,Syrup 100 mg/5ml,Demo Pharmacy 4,26.455,80.355,0.26,0.21,19.1,True
Isoniazid,Syrup 100 mg/5ml,Demo Pharmacy 1,26.4499,80.3319,0.26,0.21,16.9,True
Isoniazid,Syrup 100 mg/5ml,Demo Pharmacy 5,26.448,80.31,0.26,0.22,15.7,True
Isoniazid,Syrup 100 mg/5ml,Demo Pharmacy 2,26.461,80.32,0.26,0.21,19.2,True
"Medroxy 
Progesterone Acetate",Tablet 5mg,Demo Pharmacy 3,26.47,80.34,2.98,2.26,24.1,True
"Medroxy 
Progesterone Acetate",Tablet 5mg,Demo Pharmacy 4,26.455,80.355,2.98,2.58,13.3,True
"Medroxy 
Progesterone Acetate",Tablet 5mg,Demo Pharmacy 5,26.448,80.31,2.98,2.65,11.0,True
"Medroxy 
Progesterone Acetate",Tablet 5mg,Demo Pharmacy 1,26.4499,80.3319,2.98,2.75,7.8,True
"Oral Poliomyelitis 
vaccine (LA)",Solution,Demo Pharmacy 1,26.4499,80.3319,120.24,107.84,10.3,True
"Oral Poliomyelitis 
vaccine (LA)",Solution,Demo Pharmacy 5,26.448,80.31,120.24,103.32,14.1,True
"Oral Poliomyelitis 
vaccine (LA)",Solution,Demo Pharmacy 3,26.47,80.34,120.24,119.94,0.2,True
"Oral Poliomyelitis 
vaccine (LA)",Solution,Demo Pharmacy 4,26.455,80.355,120.24,86.98,27.7,True
Praziquantel,Tablet 600 mg,Demo Pharmacy 3,26.47,80.34,28.74,23.59,17.9,True
Praziquantel,Tablet 600 mg,Demo Pharmacy 1,26.4499,80.3319,28.74,21.87,23.9,True
Praziquantel,Tablet 600 mg,Demo Pharmacy 2,26.461,80.32,28.74,24.01,16.4,True
Praziquantel,Tablet 600 mg,Demo Pharmacy 5,26.448,80.31,28.74,27.11,5.7,True
Rifampicin,Tablet 450mg,Demo Pharmacy 4,26.455,80.355,4.42,3.32,24.9,True
Rifampicin,Tablet 450mg,Demo Pharmacy 5,26.448,80.31,4.42,4.13,6.6,True
Rifampicin,Tablet 450mg,Demo Pharmacy 1,26.4499,80.3319,4.42,4.31,2.4,True
Rifampicin,Tablet 450mg,Demo Pharmacy 3,26.47,80.34,4.42,3.59,18.8,True
Rifampicin,Tablet 450mg,Demo Pharmacy 2,26.461,80.32,4.42,3.73,15.5,True
Sodium Nitrite,Injection 30mg/ml,Demo Pharmacy 3,26.47,80.34,21.51,20.3,5.6,True
Sodium Nitrite,Injection 30mg/ml,Demo Pharmacy 5,26.448,80.31,21.51,21.07,2.1,True
Sodium Nitrite,Injection 30mg/ml,Demo Pharmacy 4,26.455,80.355,21.51,20.63,4.1,True
Sodium Nitrite,Injection 30mg/ml,Demo Pharmacy 2,26.461,80.32,21.51,20.8,3.3,True
Sodium Nitrite,Injection 30mg/ml,Demo Pharmacy 1,26.4499,80.3319,21.51,18.57,13.7,True
Budesonide,"Inhalation (DPI) 200 
mcg/dose",Demo Pharmacy 3,26.47,80.34,2.88,2.86,0.6,True
Budesonide,"Inhalation (DPI) 200 
mcg/dose",Demo Pharmacy 4,26.455,80.355,2.88,2.84,1.5,True
Budesonide,"Inhalation (DPI) 200 
mcg/dose",Demo Pharmacy 1,26.4499,80.3319,2.88,2.42,16.0,True
Budesonide,"Inhalation (DPI) 200 
mcg/dose",Demo Pharmacy 2,26.461,80.32,2.88,2.72,5.6,True
"Budesonide (A)+ Formoterol 
(B)","Inhalation (MDI) 100 mcg 
(A) + 6 mcg (B)",Demo Pharmacy 3,26.47,80.34,1.88,1.48,21.5,True
"Budesonide (A)+ Formoterol 
(B)","Inhalation (MDI) 100 mcg 
(A) + 6 mcg (B)",Demo Pharmacy 5,26.448,80.31,1.88,1.47,21.8,True
"Budesonide (A)+ Formoterol 
(B)","Inhalation (MDI) 100 mcg 
(A) + 6 mcg (B)",Demo Pharmacy 1,26.4499,80.3319,1.88,1.75,7.0,True
"Budesonide (A)+ Formoterol 
(B)","Inhalation (MDI) 200 mcg 
(A) + 6 mcg (B)",Demo Pharmacy 1,26.4499,80.3319,2.67,2.4,10.3,True
"Budesonide (A)+ Formoterol 
(B)","Inhalation (MDI) 200 mcg 
(A) + 6 mcg (B)",Demo Pharmacy 4,26.455,80.355,2.67,2.42,9.3,True
"Budesonide (A)+ Formoterol 
(B)","Inhalation (MDI) 200 mcg 
(A) + 6 mcg (B)",Demo Pharmacy 5,26.448,80.31,2.67,2.03,24.0,True
"Budesonide (A)+ Formoterol 
(B)","Inhalation (MDI) 400 mcg 
(A) + 6 mcg (B)",Demo Pharmacy 4,26.455,80.355,3.04,2.27,25.3,True
"Budesonide (A)+ Formoterol 
(B)","Inhalation (MDI) 400 mcg 
(A) + 6 mcg (B)",Demo Pharmacy 1,26.4499,80.3319,3.04,2.17,28.5,True
"Budesonide (A)+ Formoterol 
(B)","Inhalation (MDI) 400 mcg 
(A) + 6 mcg (B)",Demo Pharmacy 2,26.461,80.32,3.04,2.99,1.7,True
"Budesonide (A)+ Formoterol 
(B)","Inhalation (MDI) 400 mcg 
(A) + 6 mcg (B)",Demo Pharmacy 5,26.448,80.31,3.04,2.33,23.3,True
"Budesonide (A)+ Formoterol 
(B)","Inhalation (DPI) 100 mcg (A) 
+ 6 mcg (B)",Demo Pharmacy 5,26.448,80.31,3.78,3.56,5.8,True
"Budesonide (A)+ Formoterol 
(B)","Inhalation (DPI) 100 mcg (A) 
+ 6 mcg (B)",Demo Pharmacy 4,26.455,80.355,3.78,2.83,25.2,True
"Budesonide (A)+ Formoterol 
(B)","Inhalation (DPI) 100 mcg (A) 
+ 6 mcg (B)",Demo Pharmacy 1,26.4499,80.3319,3.78,2.85,24.5,True
"Budesonide (A)+ Formoterol 
(B)","Inhalation (DPI) 200 mcg (A) 
+ 6 mcg (B)",Demo Pharmacy 1,26.4499,80.3319,5.02,3.86,23.1,True
"Budesonide (A)+ Formoterol 
(B)","Inhalation (DPI) 200 mcg (A) 
+ 6 mcg (B)",Demo Pharmacy 2,26.461,80.32,5.02,4.35,13.3,True
"Budesonide (A)+ Formoterol 
(B)","Inhalation (DPI) 200 mcg (A) 
+ 6 mcg (B)",Demo Pharmacy 4,26.455,80.355,5.02,3.91,22.1,True
"Budesonide (A)+ Formoterol 
(B)","Inhalation (DPI) 400 mcg (A) 
+ 6 mcg (B)",Demo Pharmacy 2,26.461,80.32,6.42,4.94,23.1,True
"Budesonide (A)+ Formoterol 
(B)","Inhalation (DPI) 400 mcg (A) 
+ 6 mcg (B)",Demo Pharmacy 4,26.455,80.355,6.42,5.42,15.6,True
"Budesonide (A)+ Formoterol 
(B)","Inhalation (DPI) 400 mcg (A) 
+ 6 mcg (B)",Demo Pharmacy 3,26.47,80.34,6.42,4.53,29.5,True
Bupivacaine,Injection 0.25%,Demo Pharmacy 4,26.455,80.355,2.45,1.99,18.9,True
Bupivacaine,Injection 0.25%,Demo Pharmacy 3,26.47,80.34,2.45,2.42,1.3,True
Bupivacaine,Injection 0.25%,Demo Pharmacy 2,26.461,80.32,2.45,1.76,28.1,True
Bupivacaine,Injection 0.25%,Demo Pharmacy 1,26.4499,80.3319,2.45,2.07,15.6,True
Bupivacaine,"Injection 0.5% with 7.5% 
glucose",Demo Pharmacy 4,26.455,80.355,6.19,4.54,26.6,True
Bupivacaine,"Injection 0.5% with 7.5% 
glucose",Demo Pharmacy 3,26.47,80.34,6.19,4.59,25.9,True
Bupivacaine,"Injection 0.5% with 7.5% 
glucose",Demo Pharmacy 1,26.4499,80.3319,6.19,5.79,6.5,True
Bupivacaine,"Injection 0.5% with 7.5% 
glucose",Demo Pharmacy 2,26.461,80.32,6.19,5.98,3.4,True
Bupivacaine,Injection 0.50%,Demo Pharmacy 4,26.455,80.355,3.91,3.22,17.5,True
Bupivacaine,Injection 0.50%,Demo Pharmacy 3,26.47,80.34,3.91,3.45,11.9,True
Bupivacaine,Injection 0.50%,Demo Pharmacy 1,26.4499,80.3319,3.91,3.62,7.3,True
Bupivacaine,Injection 0.50%,Demo Pharmacy 5,26.448,80.31,3.91,2.77,29.1,True
Bupivacaine,Injection 0.50%,Demo Pharmacy 2,26.461,80.32,3.91,3.23,17.4,True
Caffeine,Injection 20 mg/ml,Demo Pharmacy 4,26.455,80.355,250.27,238.43,4.7,True
Caffeine,Injection 20 mg/ml,Demo Pharmacy 2,26.461,80.32,250.27,243.41,2.7,True
Caffeine,Injection 20 mg/ml,Demo Pharmacy 5,26.448,80.31,250.27,203.82,18.6,True
Caffeine,Injection 20 mg/ml,Demo Pharmacy 1,26.4499,80.3319,250.27,180.38,27.9,True
Caffeine,Injection 20 mg/ml,Demo Pharmacy 3,26.47,80.34,250.27,175.42,29.9,True
Caffeine,Oral Liquid 20 mg/ml,Demo Pharmacy 1,26.4499,80.3319,212.56,204.54,3.8,True
Caffeine,Oral Liquid 20 mg/ml,Demo Pharmacy 5,26.448,80.31,212.56,197.72,7.0,True
Caffeine,Oral Liquid 20 mg/ml,Demo Pharmacy 2,26.461,80.32,212.56,149.96,29.5,True
Caffeine,Oral Liquid 20 mg/ml,Demo Pharmacy 4,26.455,80.355,212.56,162.27,23.7,True
Caffeine,Oral Liquid 20 mg/ml,Demo Pharmacy 3,26.47,80.34,212.56,164.31,22.7,True
Calamine,Lotion (As per IP),Demo Pharmacy 2,26.461,80.32,0.85,0.76,10.7,True
Calamine,Lotion (As per IP),Demo Pharmacy 1,26.4499,80.3319,0.85,0.82,4.0,True
Calamine,Lotion (As per IP),Demo Pharmacy 3,26.47,80.34,0.85,0.62,27.0,True
Calamine,Lotion (As per IP),Demo Pharmacy 5,26.448,80.31,0.85,0.73,14.6,True
Calcium Carbonate,Tablet 500mg,Demo Pharmacy 5,26.448,80.31,1.72,1.62,5.7,True
Calcium Carbonate,Tablet 500mg,Demo Pharmacy 3,26.47,80.34,1.72,1.62,5.6,True
Calcium Carbonate,Tablet 500mg,Demo Pharmacy 4,26.455,80.355,1.72,1.54,10.4,True
Calcium Carbonate,Tablet 500mg,Demo Pharmacy 2,26.461,80.32,1.72,1.34,22.0,True
Calcium folinate,Tablet 15 mg,Demo Pharmacy 5,26.448,80.31,40.67,35.19,13.5,True
Calcium folinate,Tablet 15 mg,Demo Pharmacy 2,26.461,80.32,40.67,30.67,24.6,True
Calcium folinate,Tablet 15 mg,Demo Pharmacy 1,26.4499,80.3319,40.67,34.06,16.2,True
Calcium folinate,Tablet 15 mg,Demo Pharmacy 3,26.47,80.34,40.67,35.13,13.6,True
Calcium gluconate,Injection 100 mg/ml,Demo Pharmacy 5,26.448,80.31,0.55,0.45,18.6,True
Calcium gluconate,Injection 100 mg/ml,Demo Pharmacy 4,26.455,80.355,0.55,0.49,10.9,True
Calcium gluconate,Injection 100 mg/ml,Demo Pharmacy 3,26.47,80.34,0.55,0.45,18.6,True
Calcium gluconate,Injection 100 mg/ml,Demo Pharmacy 1,26.4499,80.3319,0.55,0.5,9.6,True
Calcium gluconate,Injection 100 mg/ml,Demo Pharmacy 2,26.461,80.32,0.55,0.54,1.9,True
Capecitabine,Tablet 500 mg,Demo Pharmacy 4,26.455,80.355,126.01,102.84,18.4,True
Capecitabine,Tablet 500 mg,Demo Pharmacy 2,26.461,80.32,126.01,113.81,9.7,True
Capecitabine,Tablet 500 mg,Demo Pharmacy 3,26.47,80.34,126.01,101.78,19.2,True
Capecitabine,Tablet 500 mg,Demo Pharmacy 5,26.448,80.31,126.01,121.83,3.3,True
Capecitabine,Tablet 500 mg,Demo Pharmacy 1,26.4499,80.3319,126.01,106.23,15.7,True
Capreomycin,Powder for Injection 1 gm,Demo Pharmacy 1,26.4499,80.3319,345.37,254.87,26.2,True
Capreomycin,Powder for Injection 1 gm,Demo Pharmacy 2,26.461,80.32,345.37,324.43,6.1,True
Capreomycin,Powder for Injection 1 gm,Demo Pharmacy 5,26.448,80.31,345.37,295.08,14.6,True
Carbamazepine,Oral Liquid 100 mg/5ml,Demo Pharmacy 1,26.4499,80.3319,0.19,0.16,14.7,True
Carbamazepine,Oral Liquid 100 mg/5ml,Demo Pharmacy 4,26.455,80.355,0.19,0.15,18.7,True
Carbamazepine,Oral Liquid 100 mg/5ml,Demo Pharmacy 3,26.47,80.34,0.19,0.16,17.7,True
Carbamazepine,CR Tablet 200 mg,Demo Pharmacy 3,26.47,80.34,1.55,1.22,21.5,True
Carbamazepine,CR Tablet 200 mg,Demo Pharmacy 2,26.461,80.32,1.55,1.54,0.4,True
Carbamazepine,CR Tablet 200 mg,Demo Pharmacy 5,26.448,80.31,1.55,1.12,27.6,True
Carbamazepine,CR Tablet 400 mg,Demo Pharmacy 4,26.455,80.355,3.05,2.54,16.7,True
Carbamazepine,CR Tablet 400 mg,Demo Pharmacy 1,26.4499,80.3319,3.05,2.19,28.1,True
Carbamazepine,CR Tablet 400 mg,Demo Pharmacy 2,26.461,80.32,3.05,2.67,12.5,True
Carbamazepine,CR Tablet 400 mg,Demo Pharmacy 5,26.448,80.31,3.05,2.71,11.1,True
Carbamazepine,CR Tablet 400 mg,Demo Pharmacy 3,26.47,80.34,3.05,2.4,21.3,True
Carbamazepine,Tablet 100 mg,Demo Pharmacy 3,26.47,80.34,0.68,0.66,2.3,True
Carbamazepine,Tablet 100 mg,Demo Pharmacy 1,26.4499,80.3319,0.68,0.64,6.5,True
Carbamazepine,Tablet 100 mg,Demo Pharmacy 5,26.448,80.31,0.68,0.57,15.6,True
Carbamazepine,Tablet 100 mg,Demo Pharmacy 4,26.455,80.355,0.68,0.66,3.0,True
Carbamazepine,Tablet 100 mg,Demo Pharmacy 2,26.461,80.32,0.68,0.63,6.9,True
Carbamazepine,Tablet 200 mg,Demo Pharmacy 2,26.461,80.32,1.39,1.15,17.1,True
Carbamazepine,Tablet 200 mg,Demo Pharmacy 5,26.448,80.31,1.39,0.99,28.4,True
Carbamazepine,Tablet 200 mg,Demo Pharmacy 3,26.47,80.34,1.39,1.16,16.8,True
Carbamazepine,Tablet 200 mg,Demo Pharmacy 1,26.4499,80.3319,1.39,1.16,16.7,True
Carbamazepine,Tablet 400 mg,Demo Pharmacy 1,26.4499,80.3319,3.29,2.42,26.5,True
Carbamazepine,Tablet 400 mg,Demo Pharmacy 3,26.47,80.34,3.29,3.13,5.0,True
Carbamazepine,Tablet 400 mg,Demo Pharmacy 4,26.455,80.355,3.29,3.11,5.4,True
Carbamazepine,Tablet 400 mg,Demo Pharmacy 2,26.461,80.32,3.29,2.89,12.0,True
Carbamazepine,Tablet 400 mg,Demo Pharmacy 5,26.448,80.31,3.29,2.96,10.1,True
Carbimazole,Tablet 10 mg,Demo Pharmacy 5,26.448,80.31,3.69,2.69,27.1,True
Carbimazole,Tablet 10 mg,Demo Pharmacy 4,26.455,80.355,3.69,3.08,16.5,True
Carbimazole,Tablet 10 mg,Demo Pharmacy 2,26.461,80.32,3.69,2.59,29.9,True
Carbimazole,Tablet 5 mg,Demo Pharmacy 4,26.455,80.355,1.9,1.55,18.3,True
Carbimazole,Tablet 5 mg,Demo Pharmacy 5,26.448,80.31,1.9,1.58,16.9,True
Carbimazole,Tablet 5 mg,Demo Pharmacy 3,26.47,80.34,1.9,1.78,6.4,True
Carbimazole,Tablet 5 mg,Demo Pharmacy 2,26.461,80.32,1.9,1.46,23.0,True
Carboplatin,Injection 10 mg/ml,Demo Pharmacy 3,26.47,80.34,53.06,53.06,0.0,True
Carboplatin,Injection 10 mg/ml,Demo Pharmacy 5,26.448,80.31,53.06,52.51,1.0,True
Carboplatin,Injection 10 mg/ml,Demo Pharmacy 2,26.461,80.32,53.06,48.53,8.5,True
Carboplatin,Injection 10 mg/ml,Demo Pharmacy 4,26.455,80.355,53.06,52.8,0.5,True
Carboplatin,Injection 10 mg/ml,Demo Pharmacy 1,26.4499,80.3319,53.06,50.91,4.1,True
Carboxymethylcellulose,Drops 0.5%,Demo Pharmacy 1,26.4499,80.3319,12.74,9.47,25.7,True
Carboxymethylcellulose,Drops 0.5%,Demo Pharmacy 3,26.47,80.34,12.74,12.66,0.7,True
Carboxymethylcellulose,Drops 0.5%,Demo Pharmacy 5,26.448,80.31,12.74,9.6,24.7,True
Carboxymethylcellulose,Drops 0.5%,Demo Pharmacy 4,26.455,80.355,12.74,10.1,20.7,True
Carboxymethylcellulose,Drops 1%,Demo Pharmacy 5,26.448,80.31,17.66,15.22,13.8,True
Carboxymethylcellulose,Drops 1%,Demo Pharmacy 2,26.461,80.32,17.66,16.83,4.7,True
Carboxymethylcellulose,Drops 1%,Demo Pharmacy 1,26.4499,80.3319,17.66,16.26,7.9,True
Carboxymethylcellulose,Drops 1%,Demo Pharmacy 3,26.47,80.34,17.66,12.95,26.7,True
Cefadroxil,Capsule 500 mg,Demo Pharmacy 2,26.461,80.32,7.13,6.93,2.8,True
Cefadroxil,Capsule 500 mg,Demo Pharmacy 3,26.47,80.34,7.13,6.27,12.0,True
Cefadroxil,Capsule 500 mg,Demo Pharmacy 5,26.448,80.31,7.13,5.17,27.5,True
Cefadroxil,Oral Liquid 125 mg/5ml,Demo Pharmacy 1,26.4499,80.3319,0.63,0.47,24.8,True
Cefadroxil,Oral Liquid 125 mg/5ml,Demo Pharmacy 3,26.47,80.34,0.63,0.5,20.7,True
Cefadroxil,Oral Liquid 125 mg/5ml,Demo Pharmacy 2,26.461,80.32,0.63,0.52,17.3,True
Cefadroxil,Oral Liquid 125 mg/5ml,Demo Pharmacy 5,26.448,80.31,0.63,0.46,27.2,True
Cefadroxil,Oral Liquid 125 mg/5ml,Demo Pharmacy 4,26.455,80.355,0.63,0.52,17.9,True
Cefadroxil,Tablet 1 gm,Demo Pharmacy 1,26.4499,80.3319,6.27,4.54,27.7,True
Cefadroxil,Tablet 1 gm,Demo Pharmacy 4,26.455,80.355,6.27,5.64,10.0,True
Cefadroxil,Tablet 1 gm,Demo Pharmacy 5,26.448,80.31,6.27,4.62,26.4,True
Cefadroxil,Tablet 1 gm,Demo Pharmacy 3,26.47,80.34,6.27,5.45,13.0,True
Cefadroxil,Tablet 500 mg,Demo Pharmacy 2,26.461,80.32,4.02,3.08,23.3,True
Cefadroxil,Tablet 500 mg,Demo Pharmacy 1,26.4499,80.3319,4.02,3.56,11.5,True
Cefadroxil,Tablet 500 mg,Demo Pharmacy 3,26.47,80.34,4.02,3.65,9.1,True
Cefazolin,Powder for Injection 1 gm,Demo Pharmacy 3,26.47,80.34,24.48,20.79,15.1,True
Cefazolin,Powder for Injection 1 gm,Demo Pharmacy 2,26.461,80.32,24.48,22.86,6.6,True
Cefazolin,Powder for Injection 1 gm,Demo Pharmacy 4,26.455,80.355,24.48,24.11,1.5,True
Cefazolin,Powder for Injection 500 mg,Demo Pharmacy 4,26.455,80.355,15.52,13.51,13.0,True
Cefazolin,Powder for Injection 500 mg,Demo Pharmacy 5,26.448,80.31,15.52,11.86,23.6,True
Cefazolin,Powder for Injection 500 mg,Demo Pharmacy 3,26.47,80.34,15.52,14.83,4.4,True
Cefazolin,Powder for Injection 500 mg,Demo Pharmacy 1,26.4499,80.3319,15.52,13.95,10.1,True
Cefazolin,Powder for Injection 500 mg,Demo Pharmacy 2,26.461,80.32,15.52,13.3,14.3,True
Cefixime,Capsule 200 mg,Demo Pharmacy 1,26.4499,80.3319,14.39,12.22,15.1,True
Cefixime,Capsule 200 mg,Demo Pharmacy 4,26.455,80.355,14.39,11.05,23.2,True
Cefixime,Capsule 200 mg,Demo Pharmacy 2,26.461,80.32,14.39,13.83,3.9,True
Cefixime,Capsule 200 mg,Demo Pharmacy 5,26.448,80.31,14.39,13.81,4.0,True
Cefixime,Capsule 200 mg,Demo Pharmacy 3,26.47,80.34,14.39,11.98,16.8,True
Cefixime,Capsule 400 mg,Demo Pharmacy 4,26.455,80.355,29.15,27.03,7.3,True
Cefixime,Capsule 400 mg,Demo Pharmacy 2,26.461,80.32,29.15,26.82,8.0,True
Cefixime,Capsule 400 mg,Demo Pharmacy 3,26.47,80.34,29.15,25.39,12.9,True
Cefixime,Capsule 400 mg,Demo Pharmacy 1,26.4499,80.3319,29.15,23.16,20.5,True
Cefixime,Oral Liquid 100 mg/5ml,Demo Pharmacy 1,26.4499,80.3319,2.15,1.91,11.0,True
Cefixime,Oral Liquid 100 mg/5ml,Demo Pharmacy 5,26.448,80.31,2.15,2.03,5.7,True
Cefixime,Oral Liquid 100 mg/5ml,Demo Pharmacy 3,26.47,80.34,2.15,1.93,10.3,True
Cefixime,Oral Liquid 100 mg/5ml,Demo Pharmacy 2,26.461,80.32,2.15,1.73,19.7,True
Cefixime,Oral Liquid 100 mg/5ml,Demo Pharmacy 4,26.455,80.355,2.15,1.65,23.1,True
Cefixime,Oral Liquid 50 mg/5ml,Demo Pharmacy 3,26.47,80.34,1.45,1.39,4.4,True
Cefixime,Oral Liquid 50 mg/5ml,Demo Pharmacy 4,26.455,80.355,1.45,1.43,1.3,True
Cefixime,Oral Liquid 50 mg/5ml,Demo Pharmacy 5,26.448,80.31,1.45,1.09,24.5,True
Cefixime,Tablet 400 mg,Demo Pharmacy 3,26.47,80.34,22.0,16.37,25.6,True
Cefixime,Tablet 400 mg,Demo Pharmacy 2,26.461,80.32,22.0,21.26,3.4,True
Cefixime,Tablet 400 mg,Demo Pharmacy 5,26.448,80.31,22.0,21.64,1.6,True
Cefixime,Tablet 200mg,Demo Pharmacy 2,26.461,80.32,9.57,8.69,9.2,True
Cefixime,Tablet 200mg,Demo Pharmacy 3,26.47,80.34,9.57,8.22,14.1,True
Cefixime,Tablet 200mg,Demo Pharmacy 1,26.4499,80.3319,9.57,8.62,10.0,True
Cefixime,Tablet 200mg,Demo Pharmacy 5,26.448,80.31,9.57,7.45,22.2,True
Cefixime,Tablet 200mg,Demo Pharmacy 4,26.455,80.355,9.57,8.96,6.4,True
Cefotaxime,Powder for Injection 1 gm,Demo Pharmacy 5,26.448,80.31,34.22,27.08,20.9,True
Cefotaxime,Powder for Injection 1 gm,Demo Pharmacy 3,26.47,80.34,34.22,27.36,20.0,True
Cefotaxime,Powder for Injection 1 gm,Demo Pharmacy 4,26.455,80.355,34.22,30.35,11.3,True
Cefotaxime,Powder for Injection 1 gm,Demo Pharmacy 2,26.461,80.32,34.22,24.92,27.2,True
Cefotaxime,Powder for Injection 1 gm,Demo Pharmacy 1,26.4499,80.3319,34.22,28.81,15.8,True
Cefotaxime,Powder for Injection 250 mg,Demo Pharmacy 2,26.461,80.32,15.56,11.88,23.7,True
Cefotaxime,Powder for Injection 250 mg,Demo Pharmacy 1,26.4499,80.3319,15.56,12.68,18.5,True
Cefotaxime,Powder for Injection 250 mg,Demo Pharmacy 5,26.448,80.31,15.56,15.31,1.6,True
Cefotaxime,Powder for Injection 250 mg,Demo Pharmacy 4,26.455,80.355,15.56,12.5,19.6,True
Cefotaxime,Powder for Injection 500 mg,Demo Pharmacy 1,26.4499,80.3319,20.46,18.79,8.1,True
Cefotaxime,Powder for Injection 500 mg,Demo Pharmacy 4,26.455,80.355,20.46,15.23,25.6,True
Cefotaxime,Powder for Injection 500 mg,Demo Pharmacy 3,26.47,80.34,20.46,16.41,19.8,True
Ceftazidime,Powder for Injection 1 gm,Demo Pharmacy 1,26.4499,80.3319,208.68,184.48,11.6,True
Ceftazidime,Powder for Injection 1 gm,Demo Pharmacy 3,26.47,80.34,208.68,147.34,29.4,True
Ceftazidime,Powder for Injection 1 gm,Demo Pharmacy 4,26.455,80.355,208.68,176.84,15.3,True
Ceftazidime,Powder for Injection 250 mg,Demo Pharmacy 1,26.4499,80.3319,64.9,61.03,6.0,True
Ceftazidime,Powder for Injection 250 mg,Demo Pharmacy 3,26.47,80.34,64.9,46.08,29.0,True
Ceftazidime,Powder for Injection 250 mg,Demo Pharmacy 2,26.461,80.32,64.9,53.98,16.8,True
Ceftazidime,Powder for Injection 250 mg,Demo Pharmacy 5,26.448,80.31,64.9,51.03,21.4,True
Ceftazidime,Powder for Injection 250 mg,Demo Pharmacy 4,26.455,80.355,64.9,64.13,1.2,True
Ceftriaxone,Powder for Injection 1gm,Demo Pharmacy 3,26.47,80.34,53.75,53.45,0.6,True
Ceftriaxone,Powder for Injection 1gm,Demo Pharmacy 5,26.448,80.31,53.75,42.72,20.5,True
Ceftriaxone,Powder for Injection 1gm,Demo Pharmacy 2,26.461,80.32,53.75,48.02,10.7,True
Ceftriaxone,Powder for Injection 1gm,Demo Pharmacy 4,26.455,80.355,53.75,48.87,9.1,True
Ceftriaxone,Powder for Injection 1gm,Demo Pharmacy 1,26.4499,80.3319,53.75,37.69,29.9,True
Ceftriaxone,Powder for Injection 2 gm,Demo Pharmacy 3,26.47,80.34,127.77,93.64,26.7,True
Ceftriaxone,Powder for Injection 2 gm,Demo Pharmacy 1,26.4499,80.3319,127.77,96.54,24.4,True
Ceftriaxone,Powder for Injection 2 gm,Demo Pharmacy 5,26.448,80.31,127.77,126.64,0.9,True
Ceftriaxone,Powder for Injection 2 gm,Demo Pharmacy 2,26.461,80.32,127.77,106.5,16.6,True
Ceftriaxone,Powder for Injection 2 gm,Demo Pharmacy 4,26.455,80.355,127.77,117.03,8.4,True
Ceftriaxone,Powder for Injection 250 mg,Demo Pharmacy 3,26.47,80.34,24.61,23.6,4.1,True
Ceftriaxone,Powder for Injection 250 mg,Demo Pharmacy 4,26.455,80.355,24.61,19.22,21.9,True
Ceftriaxone,Powder for Injection 250 mg,Demo Pharmacy 5,26.448,80.31,24.61,20.77,15.6,True
Ceftriaxone,Powder for Injection 500 mg,Demo Pharmacy 5,26.448,80.31,44.95,39.2,12.8,True
Ceftriaxone,Powder for Injection 500 mg,Demo Pharmacy 2,26.461,80.32,44.95,40.74,9.4,True
Ceftriaxone,Powder for Injection 500 mg,Demo Pharmacy 4,26.455,80.355,44.95,36.79,18.2,True
Ceftriaxone,Powder for Injection 500 mg,Demo Pharmacy 1,26.4499,80.3319,44.95,38.89,13.5,True
Ceftriaxone,Powder for Injection 500 mg,Demo Pharmacy 3,26.47,80.34,44.95,43.17,4.0,True
Cetirizine,Capsule 10 mg,Demo Pharmacy 2,26.461,80.32,2.37,2.06,12.9,True
Cetirizine,Capsule 10 mg,Demo Pharmacy 5,26.448,80.31,2.37,1.72,27.3,True
Cetirizine,Capsule 10 mg,Demo Pharmacy 1,26.4499,80.3319,2.37,1.82,23.1,True
Cetirizine,Capsule 10 mg,Demo Pharmacy 4,26.455,80.355,2.37,1.9,19.7,True
Cetirizine,Capsule 10 mg,Demo Pharmacy 3,26.47,80.34,2.37,1.97,16.9,True
Cetirizine,Oral Liquid 5 mg/5ml,Demo Pharmacy 3,26.47,80.34,0.59,0.5,16.0,True
Cetirizine,Oral Liquid 5 mg/5ml,Demo Pharmacy 1,26.4499,80.3319,0.59,0.46,21.6,True
Cetirizine,Oral Liquid 5 mg/5ml,Demo Pharmacy 5,26.448,80.31,0.59,0.56,5.5,True
Cetirizine,Tablet 10 mg,Demo Pharmacy 1,26.4499,80.3319,1.65,1.17,28.8,True
Cetirizine,Tablet 10 mg,Demo Pharmacy 3,26.47,80.34,1.65,1.5,9.1,True
Cetirizine,Tablet 10 mg,Demo Pharmacy 2,26.461,80.32,1.65,1.28,22.4,True
Cetrimide,"Solution 20% (concentrate 
for dilution)",Demo Pharmacy 3,26.47,80.34,0.32,0.3,5.5,True
Cetrimide,"Solution 20% (concentrate 
for dilution)",Demo Pharmacy 2,26.461,80.32,0.32,0.25,22.9,True
Cetrimide,"Solution 20% (concentrate 
for dilution)",Demo Pharmacy 1,26.4499,80.3319,0.32,0.26,18.4,True
Cetrimide,"Solution 20% (concentrate 
for dilution)",Demo Pharmacy 5,26.448,80.31,0.32,0.29,8.0,True
Cetrimide,"Solution 20% (concentrate 
for dilution)",Demo Pharmacy 4,26.455,80.355,0.32,0.27,17.0,True
Chlorambucil,Tablet 2 mg,Demo Pharmacy 5,26.448,80.31,36.8,29.21,20.6,True
Chlorambucil,Tablet 2 mg,Demo Pharmacy 2,26.461,80.32,36.8,32.83,10.8,True
Chlorambucil,Tablet 2 mg,Demo Pharmacy 1,26.4499,80.3319,36.8,29.2,20.6,True
Chlorambucil,Tablet 5 mg,Demo Pharmacy 2,26.461,80.32,82.7,78.14,5.5,True
Chlorambucil,Tablet 5 mg,Demo Pharmacy 4,26.455,80.355,82.7,73.09,11.6,True
Chlorambucil,Tablet 5 mg,Demo Pharmacy 3,26.47,80.34,82.7,70.94,14.2,True
Chlorambucil,Tablet 5 mg,Demo Pharmacy 5,26.448,80.31,82.7,78.64,4.9,True
Chlorhexidine,"Solution 5% (Concentrate for 
dilution)",Demo Pharmacy 1,26.4499,80.3319,0.15,0.11,27.8,True
Chlorhexidine,"Solution 5% (Concentrate for 
dilution)",Demo Pharmacy 4,26.455,80.355,0.15,0.11,28.5,True
Chlorhexidine,"Solution 5% (Concentrate for 
dilution)",Demo Pharmacy 5,26.448,80.31,0.15,0.14,6.7,True
Chloroquine,Oral Liquid 50 mg/5ml,Demo Pharmacy 2,26.461,80.32,0.3,0.22,26.0,True
Chloroquine,Oral Liquid 50 mg/5ml,Demo Pharmacy 5,26.448,80.31,0.3,0.26,14.7,True
Chloroquine,Oral Liquid 50 mg/5ml,Demo Pharmacy 1,26.4499,80.3319,0.3,0.27,9.7,True
Chloroquine,Oral Liquid 50 mg/5ml,Demo Pharmacy 3,26.47,80.34,0.3,0.26,13.7,True
Chloroquine,Oral Liquid 50 mg/5ml,Demo Pharmacy 4,26.455,80.355,0.3,0.28,7.4,True
Chloroquine,Tablet 150mg,Demo Pharmacy 1,26.4499,80.3319,1.18,1.04,11.8,True
Chloroquine,Tablet 150mg,Demo Pharmacy 4,26.455,80.355,1.18,0.85,28.2,True
Chloroquine,Tablet 150mg,Demo Pharmacy 3,26.47,80.34,1.18,0.98,17.2,True
Chloroquine,Tablet 150mg,Demo Pharmacy 2,26.461,80.32,1.18,0.99,16.1,True
Chlorpheniramine,Tablet 4 mg,Demo Pharmacy 1,26.4499,80.3319,0.09,0.07,26.3,True
Chlorpheniramine,Tablet 4 mg,Demo Pharmacy 5,26.448,80.31,0.09,0.08,7.4,True
Chlorpheniramine,Tablet 4 mg,Demo Pharmacy 2,26.461,80.32,0.09,0.08,16.1,True
Chlorpheniramine,Tablet 4 mg,Demo Pharmacy 3,26.47,80.34,0.09,0.06,29.5,True
Chlorpheniramine,Tablet 4 mg,Demo Pharmacy 4,26.455,80.355,0.09,0.09,1.2,True
Cholecalciferol,Capsule 1000 IU,Demo Pharmacy 5,26.448,80.31,4.76,4.13,13.2,True
Cholecalciferol,Capsule 1000 IU,Demo Pharmacy 1,26.4499,80.3319,4.76,3.5,26.5,True
Cholecalciferol,Capsule 1000 IU,Demo Pharmacy 4,26.455,80.355,4.76,3.66,23.2,True
Cholecalciferol,Capsule 1000 IU,Demo Pharmacy 2,26.461,80.32,4.76,4.35,8.6,True
Cholecalciferol,Capsule 60000 IU,Demo Pharmacy 4,26.455,80.355,29.44,21.32,27.6,True
Cholecalciferol,Capsule 60000 IU,Demo Pharmacy 3,26.47,80.34,29.44,23.35,20.7,True
Cholecalciferol,Capsule 60000 IU,Demo Pharmacy 5,26.448,80.31,29.44,21.46,27.1,True
Cholecalciferol,Oral Liquid 400 IU/ml,Demo Pharmacy 4,26.455,80.355,2.34,2.21,5.4,True
Cholecalciferol,Oral Liquid 400 IU/ml,Demo Pharmacy 1,26.4499,80.3319,2.34,1.93,17.6,True
Cholecalciferol,Oral Liquid 400 IU/ml,Demo Pharmacy 3,26.47,80.34,2.34,1.71,26.8,True
Cholecalciferol,Oral Liquid 400 IU/ml,Demo Pharmacy 5,26.448,80.31,2.34,1.96,16.4,True
Cholecalciferol,Tablet 1000 IU,Demo Pharmacy 4,26.455,80.355,3.74,3.54,5.4,True
Cholecalciferol,Tablet 1000 IU,Demo Pharmacy 3,26.47,80.34,3.74,3.08,17.7,True
Cholecalciferol,Tablet 1000 IU,Demo Pharmacy 2,26.461,80.32,3.74,2.94,21.4,True
Cholecalciferol,Tablet 1000 IU,Demo Pharmacy 1,26.4499,80.3319,3.74,3.51,6.1,True
Cholecalciferol,Tablet 60000 IU,Demo Pharmacy 1,26.4499,80.3319,24.18,18.97,21.6,True
Cholecalciferol,Tablet 60000 IU,Demo Pharmacy 3,26.47,80.34,24.18,23.28,3.7,True
Cholecalciferol,Tablet 60000 IU,Demo Pharmacy 2,26.461,80.32,24.18,23.35,3.4,True
Cholecalciferol,Tablet 60000 IU,Demo Pharmacy 5,26.448,80.31,24.18,20.92,13.5,True
Ciprofloxacin,Ointment 0.3%,Demo Pharmacy 1,26.4499,80.3319,1.13,1.0,11.4,True
Ciprofloxacin,Ointment 0.3%,Demo Pharmacy 4,26.455,80.355,1.13,1.0,11.4,True
Ciprofloxacin,Ointment 0.3%,Demo Pharmacy 3,26.47,80.34,1.13,0.87,23.0,True
Ciprofloxacin,Ointment 0.3%,Demo Pharmacy 5,26.448,80.31,1.13,0.82,27.4,True
Ciprofloxacin,Drops 0.30%,Demo Pharmacy 2,26.461,80.32,1.52,1.33,12.6,True
Ciprofloxacin,Drops 0.30%,Demo Pharmacy 5,26.448,80.31,1.52,1.38,9.3,True
Ciprofloxacin,Drops 0.30%,Demo Pharmacy 1,26.4499,80.3319,1.52,1.17,23.1,True
Ciprofloxacin,Drops 0.30%,Demo Pharmacy 3,26.47,80.34,1.52,1.32,13.4,True
Ciprofloxacin,Drops 0.30%,Demo Pharmacy 4,26.455,80.355,1.52,1.23,18.8,True
Ciprofloxacin,Injection 200 mg/100ml,Demo Pharmacy 2,26.461,80.32,0.17,0.14,18.7,True
Ciprofloxacin,Injection 200 mg/100ml,Demo Pharmacy 5,26.448,80.31,0.17,0.16,7.6,True
Ciprofloxacin,Injection 200 mg/100ml,Demo Pharmacy 1,26.4499,80.3319,0.17,0.15,13.8,True
Ciprofloxacin,Oral Liquid 250 mg/5ml,Demo Pharmacy 5,26.448,80.31,0.63,0.59,7.1,True
Ciprofloxacin,Oral Liquid 250 mg/5ml,Demo Pharmacy 1,26.4499,80.3319,0.63,0.52,17.7,True
Ciprofloxacin,Oral Liquid 250 mg/5ml,Demo Pharmacy 3,26.47,80.34,0.63,0.54,14.3,True
Ciprofloxacin,Oral Liquid 250 mg/5ml,Demo Pharmacy 2,26.461,80.32,0.63,0.55,12.3,True
Ciprofloxacin,Tablet 250mg,Demo Pharmacy 5,26.448,80.31,2.07,1.52,26.5,True
Ciprofloxacin,Tablet 250mg,Demo Pharmacy 1,26.4499,80.3319,2.07,1.9,8.3,True
Ciprofloxacin,Tablet 250mg,Demo Pharmacy 4,26.455,80.355,2.07,1.68,18.9,True
Ciprofloxacin,Tablet 500mg,Demo Pharmacy 1,26.4499,80.3319,3.64,3.58,1.7,True
Ciprofloxacin,Tablet 500mg,Demo Pharmacy 2,26.461,80.32,3.64,3.26,10.5,True
Ciprofloxacin,Tablet 500mg,Demo Pharmacy 5,26.448,80.31,3.64,3.48,4.4,True
Cisplatin,Injection 1 mg/ml,Demo Pharmacy 5,26.448,80.31,6.87,4.97,27.6,True
Cisplatin,Injection 1 mg/ml,Demo Pharmacy 3,26.47,80.34,6.87,6.77,1.5,True
Cisplatin,Injection 1 mg/ml,Demo Pharmacy 2,26.461,80.32,6.87,6.01,12.5,True
Clarithromycin,Oral Liquid 125 mg/5ml,Demo Pharmacy 2,26.461,80.32,4.3,3.45,19.8,True
Clarithromycin,Oral Liquid 125 mg/5ml,Demo Pharmacy 3,26.47,80.34,4.3,3.4,21.0,True
Clarithromycin,Oral Liquid 125 mg/5ml,Demo Pharmacy 4,26.455,80.355,4.3,3.56,17.2,True
Clarithromycin,Tablet 250 mg,Demo Pharmacy 2,26.461,80.32,27.92,27.14,2.8,True
Clarithromycin,Tablet 250 mg,Demo Pharmacy 4,26.455,80.355,27.92,25.41,9.0,True
Clarithromycin,Tablet 250 mg,Demo Pharmacy 3,26.47,80.34,27.92,24.83,11.1,True
Clarithromycin,Tablet 250 mg,Demo Pharmacy 5,26.448,80.31,27.92,24.75,11.4,True
Clarithromycin,Tablet 250 mg,Demo Pharmacy 1,26.4499,80.3319,27.92,27.35,2.0,True
Clarithromycin,Tablet 500 mg,Demo Pharmacy 5,26.448,80.31,49.21,47.22,4.0,True
Clarithromycin,Tablet 500 mg,Demo Pharmacy 1,26.4499,80.3319,49.21,38.96,20.8,True
Clarithromycin,Tablet 500 mg,Demo Pharmacy 2,26.461,80.32,49.21,45.16,8.2,True
Clarithromycin,Tablet 500 mg,Demo Pharmacy 3,26.47,80.34,49.21,41.43,15.8,True
Clindamycin,Capsule 150 mg,Demo Pharmacy 2,26.461,80.32,14.43,11.96,17.1,True
Clindamycin,Capsule 150 mg,Demo Pharmacy 5,26.448,80.31,14.43,10.19,29.4,True
Clindamycin,Capsule 150 mg,Demo Pharmacy 3,26.47,80.34,14.43,12.14,15.9,True
Clindamycin,Capsule 150 mg,Demo Pharmacy 1,26.4499,80.3319,14.43,14.05,2.6,True
Clindamycin,Capsule 150 mg,Demo Pharmacy 4,26.455,80.355,14.43,11.3,21.7,True
Clindamycin,Capsule 300 mg,Demo Pharmacy 3,26.47,80.34,23.56,19.85,15.8,True
Clindamycin,Capsule 300 mg,Demo Pharmacy 4,26.455,80.355,23.56,16.53,29.9,True
Clindamycin,Capsule 300 mg,Demo Pharmacy 5,26.448,80.31,23.56,21.06,10.6,True
Clindamycin,Capsule 300 mg,Demo Pharmacy 2,26.461,80.32,23.56,22.64,3.9,True
Clindamycin,Capsule 300 mg,Demo Pharmacy 1,26.4499,80.3319,23.56,19.58,16.9,True
Clindamycin,Tablet 300 mg,Demo Pharmacy 4,26.455,80.355,15.2,10.73,29.4,True
Clindamycin,Tablet 300 mg,Demo Pharmacy 5,26.448,80.31,15.2,15.19,0.0,True
Clindamycin,Tablet 300 mg,Demo Pharmacy 1,26.4499,80.3319,15.2,15.09,0.7,True
Clindamycin,Tablet 300 mg,Demo Pharmacy 3,26.47,80.34,15.2,12.35,18.8,True
Clindamycin,Tablet 300 mg,Demo Pharmacy 2,26.461,80.32,15.2,14.66,3.5,True
Clobazam,Tablet 10 mg,Demo Pharmacy 5,26.448,80.31,9.01,8.89,1.4,True
Clobazam,Tablet 10 mg,Demo Pharmacy 4,26.455,80.355,9.01,8.06,10.5,True
Clobazam,Tablet 10 mg,Demo Pharmacy 2,26.461,80.32,9.01,6.83,24.2,True
Clobazam,Tablet 5 mg,Demo Pharmacy 1,26.4499,80.3319,5.12,4.69,8.4,True
Clobazam,Tablet 5 mg,Demo Pharmacy 2,26.461,80.32,5.12,3.91,23.7,True
Clobazam,Tablet 5 mg,Demo Pharmacy 3,26.47,80.34,5.12,4.65,9.2,True
Clofaziminea,Capsule 100 mg,Demo Pharmacy 5,26.448,80.31,3.7,3.32,10.2,True
Clofaziminea,Capsule 100 mg,Demo Pharmacy 3,26.47,80.34,3.7,2.9,21.7,True
Clofaziminea,Capsule 100 mg,Demo Pharmacy 1,26.4499,80.3319,3.7,3.02,18.5,True
Clofaziminea,Capsule 100 mg,Demo Pharmacy 4,26.455,80.355,3.7,3.67,0.9,True
Clofaziminea,Capsule 100 mg,Demo Pharmacy 2,26.461,80.32,3.7,3.51,5.3,True
Clofazimine,Capsule 50 mg,Demo Pharmacy 3,26.47,80.34,2.17,1.75,19.4,True
Clofazimine,Capsule 50 mg,Demo Pharmacy 4,26.455,80.355,2.17,1.86,14.4,True
Clofazimine,Capsule 50 mg,Demo Pharmacy 2,26.461,80.32,2.17,1.76,18.8,True
Clofazimine,Capsule 50 mg,Demo Pharmacy 1,26.4499,80.3319,2.17,1.59,26.8,True
Clomiphene,Capsule 100 mg,Demo Pharmacy 3,26.47,80.34,55.5,46.09,16.9,True
Clomiphene,Capsule 100 mg,Demo Pharmacy 4,26.455,80.355,55.5,44.21,20.3,True
Clomiphene,Capsule 100 mg,Demo Pharmacy 2,26.461,80.32,55.5,46.26,16.7,True
Clomiphene,Capsule 100 mg,Demo Pharmacy 1,26.4499,80.3319,55.5,55.19,0.6,True
Clomiphene,Capsule 100 mg,Demo Pharmacy 5,26.448,80.31,55.5,45.89,17.3,True
Clomiphene,Capsule 50 mg,Demo Pharmacy 3,26.47,80.34,30.53,22.83,25.2,True
Clomiphene,Capsule 50 mg,Demo Pharmacy 1,26.4499,80.3319,30.53,27.42,10.2,True
Clomiphene,Capsule 50 mg,Demo Pharmacy 4,26.455,80.355,30.53,27.09,11.3,True
Clomiphene,Capsule 50 mg,Demo Pharmacy 2,26.461,80.32,30.53,25.64,16.0,True
Clomiphene,Tablet 100mg,Demo Pharmacy 5,26.448,80.31,12.18,10.01,17.9,True
Clomiphene,Tablet 100mg,Demo Pharmacy 4,26.455,80.355,12.18,9.02,25.9,True
Clomiphene,Tablet 100mg,Demo Pharmacy 1,26.4499,80.3319,12.18,9.43,22.5,True
Clomiphene,Tablet 50mg,Demo Pharmacy 3,26.47,80.34,8.3,7.06,14.9,True
Clomiphene,Tablet 50mg,Demo Pharmacy 1,26.4499,80.3319,8.3,7.71,7.1,True
Clomiphene,Tablet 50mg,Demo Pharmacy 2,26.461,80.32,8.3,7.17,13.6,True
Clomiphene,Tablet 50mg,Demo Pharmacy 5,26.448,80.31,8.3,5.93,28.5,True
Clomiphene,Tablet 50mg,Demo Pharmacy 4,26.455,80.355,8.3,7.76,6.5,True
Clomipramine,Tablet 10 mg,Demo Pharmacy 2,26.461,80.32,2.51,1.92,23.3,True
Clomipramine,Tablet 10 mg,Demo Pharmacy 1,26.4499,80.3319,2.51,1.82,27.4,True
Clomipramine,Tablet 10 mg,Demo Pharmacy 5,26.448,80.31,2.51,2.18,13.3,True
Clomipramine,Tablet 10 mg,Demo Pharmacy 4,26.455,80.355,2.51,2.49,0.7,True
Clomipramine,Tablet 25 mg,Demo Pharmacy 5,26.448,80.31,5.53,4.0,27.7,True
Clomipramine,Tablet 25 mg,Demo Pharmacy 2,26.461,80.32,5.53,4.31,22.0,True
Clomipramine,Tablet 25 mg,Demo Pharmacy 1,26.4499,80.3319,5.53,4.66,15.7,True
Clomipramine,Tablet 25 mg,Demo Pharmacy 4,26.455,80.355,5.53,4.24,23.3,True
Clomipramine,Tablet 75 mg,Demo Pharmacy 1,26.4499,80.3319,14.3,11.19,21.7,True
Clomipramine,Tablet 75 mg,Demo Pharmacy 2,26.461,80.32,14.3,12.33,13.8,True
Clomipramine,Tablet 75 mg,Demo Pharmacy 5,26.448,80.31,14.3,11.24,21.4,True
Clonazepam,Tablet 0.25 mg,Demo Pharmacy 1,26.4499,80.3319,1.82,1.64,10.0,True
Clonazepam,Tablet 0.25 mg,Demo Pharmacy 5,26.448,80.31,1.82,1.33,26.7,True
Clonazepam,Tablet 0.25 mg,Demo Pharmacy 2,26.461,80.32,1.82,1.76,3.1,True
Clonazepam,Tablet 0.25 mg,Demo Pharmacy 4,26.455,80.355,1.82,1.4,23.0,True
Clonazepam,Tablet 0.25 mg,Demo Pharmacy 3,26.47,80.34,1.82,1.41,22.4,True
Clonazepam,Tablet 0.5 mg,Demo Pharmacy 5,26.448,80.31,3.1,2.27,26.8,True
Clonazepam,Tablet 0.5 mg,Demo Pharmacy 3,26.47,80.34,3.1,2.8,9.6,True
Clonazepam,Tablet 0.5 mg,Demo Pharmacy 4,26.455,80.355,3.1,2.92,5.8,True
Clonazepam,Tablet 1 mg,Demo Pharmacy 5,26.448,80.31,4.22,3.87,8.2,True
Clonazepam,Tablet 1 mg,Demo Pharmacy 3,26.47,80.34,4.22,4.02,4.7,True
Clonazepam,Tablet 1 mg,Demo Pharmacy 2,26.461,80.32,4.22,4.08,3.4,True
Clonazepam,Tablet 1 mg,Demo Pharmacy 1,26.4499,80.3319,4.22,3.01,28.7,True
Clopidogrel,Tablet 75 mg,Demo Pharmacy 5,26.448,80.31,6.93,6.37,8.1,True
Clopidogrel,Tablet 75 mg,Demo Pharmacy 1,26.4499,80.3319,6.93,4.97,28.3,True
Clopidogrel,Tablet 75 mg,Demo Pharmacy 4,26.455,80.355,6.93,5.26,24.1,True
Clopidogrel,Tablet 75 mg,Demo Pharmacy 2,26.461,80.32,6.93,5.74,17.2,True
Clopidogrel,Tablet 75 mg,Demo Pharmacy 3,26.47,80.34,6.93,6.57,5.1,True
Clotrimazole,Cream 1%,Demo Pharmacy 5,26.448,80.31,2.9,2.86,1.5,True
Clotrimazole,Cream 1%,Demo Pharmacy 3,26.47,80.34,2.9,2.87,0.9,True
Clotrimazole,Cream 1%,Demo Pharmacy 4,26.455,80.355,2.9,2.11,27.1,True
Clotrimazole,Cream 1%,Demo Pharmacy 2,26.461,80.32,2.9,2.86,1.5,True
Clotrimazole,Drops 1%,Demo Pharmacy 1,26.4499,80.3319,3.02,2.86,5.4,True
Clotrimazole,Drops 1%,Demo Pharmacy 5,26.448,80.31,3.02,2.48,17.9,True
Clotrimazole,Drops 1%,Demo Pharmacy 2,26.461,80.32,3.02,2.48,17.8,True
Clotrimazole,Drops 1%,Demo Pharmacy 3,26.47,80.34,3.02,2.26,25.1,True
Clotrimazole,Lotion 1%,Demo Pharmacy 4,26.455,80.355,3.57,2.81,21.4,True
Clotrimazole,Lotion 1%,Demo Pharmacy 3,26.47,80.34,3.57,2.85,20.1,True
Clotrimazole,Lotion 1%,Demo Pharmacy 2,26.461,80.32,3.57,3.0,16.0,True
Clotrimazole,Lotion 1%,Demo Pharmacy 5,26.448,80.31,3.57,2.53,29.2,True
Clotrimazole,Lotion 1%,Demo Pharmacy 1,26.4499,80.3319,3.57,2.76,22.7,True
Clotrimazole,Pessary 100 mg,Demo Pharmacy 5,26.448,80.31,8.66,8.41,2.9,True
Clotrimazole,Pessary 100 mg,Demo Pharmacy 2,26.461,80.32,8.66,7.85,9.3,True
Clotrimazole,Pessary 100 mg,Demo Pharmacy 1,26.4499,80.3319,8.66,6.99,19.3,True
Clotrimazole,Pessary 100 mg,Demo Pharmacy 4,26.455,80.355,8.66,6.67,23.0,True
Cloxacillin,Capsule 250mg,Demo Pharmacy 2,26.461,80.32,1.13,0.82,27.4,True
Cloxacillin,Capsule 250mg,Demo Pharmacy 5,26.448,80.31,1.13,1.0,11.8,True
Cloxacillin,Capsule 250mg,Demo Pharmacy 1,26.4499,80.3319,1.13,0.89,21.0,True
Cloxacillin,Capsule 250mg,Demo Pharmacy 4,26.455,80.355,1.13,0.9,20.0,True
Cloxacillin,Capsule 500mg,Demo Pharmacy 4,26.455,80.355,1.9,1.63,14.3,True
Cloxacillin,Capsule 500mg,Demo Pharmacy 5,26.448,80.31,1.9,1.7,10.5,True
Cloxacillin,Capsule 500mg,Demo Pharmacy 1,26.4499,80.3319,1.9,1.64,13.8,True
Cloxacillin,Capsule 500mg,Demo Pharmacy 3,26.47,80.34,1.9,1.8,5.1,True
Cloxacillin,Tablet 250mg,Demo Pharmacy 5,26.448,80.31,1.72,1.51,12.2,True
Cloxacillin,Tablet 250mg,Demo Pharmacy 2,26.461,80.32,1.72,1.35,21.4,True
Cloxacillin,Tablet 250mg,Demo Pharmacy 3,26.47,80.34,1.72,1.66,3.2,True
Cloxacillin,Tablet 250mg,Demo Pharmacy 1,26.4499,80.3319,1.72,1.43,16.7,True
Cloxacillin,Powder for Injection250mg,Demo Pharmacy 3,26.47,80.34,4.43,3.65,17.7,True
Cloxacillin,Powder for Injection250mg,Demo Pharmacy 4,26.455,80.355,4.43,4.11,7.2,True
Cloxacillin,Powder for Injection250mg,Demo Pharmacy 2,26.461,80.32,4.43,4.11,7.3,True
Clozapine,Tablet 100 mg,Demo Pharmacy 4,26.455,80.355,7.72,6.93,10.2,True
Clozapine,Tablet 100 mg,Demo Pharmacy 5,26.448,80.31,7.72,5.83,24.4,True
Clozapine,Tablet 100 mg,Demo Pharmacy 1,26.4499,80.3319,7.72,6.35,17.7,True
Clozapine,Tablet 25 mg,Demo Pharmacy 5,26.448,80.31,2.51,2.38,5.2,True
Clozapine,Tablet 25 mg,Demo Pharmacy 3,26.47,80.34,2.51,2.01,20.1,True
Clozapine,Tablet 25 mg,Demo Pharmacy 4,26.455,80.355,2.51,1.95,22.2,True
Clozapine,Tablet 25 mg,Demo Pharmacy 1,26.4499,80.3319,2.51,1.97,21.4,True
Clozapine,Tablet 50 mg,Demo Pharmacy 1,26.4499,80.3319,4.79,3.61,24.7,True
Clozapine,Tablet 50 mg,Demo Pharmacy 4,26.455,80.355,4.79,4.54,5.3,True
Clozapine,Tablet 50 mg,Demo Pharmacy 2,26.461,80.32,4.79,3.42,28.7,True
Clozapine,Tablet 50 mg,Demo Pharmacy 5,26.448,80.31,4.79,4.69,2.1,True
Coagulation factor IX,Powder for Injection 600 IU,Demo Pharmacy 5,26.448,80.31,12284.99,10463.27,14.8,True
Coagulation factor IX,Powder for Injection 600 IU,Demo Pharmacy 4,26.455,80.355,12284.99,9851.95,19.8,True
Coagulation factor IX,Powder for Injection 600 IU,Demo Pharmacy 2,26.461,80.32,12284.99,11951.33,2.7,True
Coagulation factor VIII,Powder for Injection 250 IU,Demo Pharmacy 5,26.448,80.31,3724.11,2985.75,19.8,True
Coagulation factor VIII,Powder for Injection 250 IU,Demo Pharmacy 1,26.4499,80.3319,3724.11,3218.03,13.6,True
Coagulation factor VIII,Powder for Injection 250 IU,Demo Pharmacy 4,26.455,80.355,3724.11,3398.43,8.7,True
Coagulation factor VIII,Powder for Injection 500 IU,Demo Pharmacy 5,26.448,80.31,9138.7,8316.94,9.0,True
Coagulation factor VIII,Powder for Injection 500 IU,Demo Pharmacy 4,26.455,80.355,9138.7,6960.91,23.8,True
Coagulation factor VIII,Powder for Injection 500 IU,Demo Pharmacy 1,26.4499,80.3319,9138.7,7275.61,20.4,True
Coagulation factor VIII,Powder for Injection 500 IU,Demo Pharmacy 3,26.47,80.34,9138.7,6620.53,27.6,True
Coagulation factor VIII,Powder for Injection 500 IU,Demo Pharmacy 2,26.461,80.32,9138.7,6570.7,28.1,True
Colchicine,Tablet 0.5 mg,Demo Pharmacy 3,26.47,80.34,3.1,2.31,25.4,True
Colchicine,Tablet 0.5 mg,Demo Pharmacy 1,26.4499,80.3319,3.1,2.31,25.6,True
Colchicine,Tablet 0.5 mg,Demo Pharmacy 5,26.448,80.31,3.1,3.04,1.9,True
Colchicine,Tablet 0.5 mg,Demo Pharmacy 4,26.455,80.355,3.1,2.26,27.0,True
Colchicine,Tablet 0.5 mg,Demo Pharmacy 2,26.461,80.32,3.1,2.2,29.0,True
"Co-trimoxazole 
(Sulphamethoxazole 
(A)+Trimethoprim (B)]","Oral Liquid 200 mg(A)+40 
mg(B)/5ml",Demo Pharmacy 5,26.448,80.31,0.33,0.24,25.8,True
"Co-trimoxazole 
(Sulphamethoxazole 
(A)+Trimethoprim (B)]","Oral Liquid 200 mg(A)+40 
mg(B)/5ml",Demo Pharmacy 3,26.47,80.34,0.33,0.24,26.0,True
"Co-trimoxazole 
(Sulphamethoxazole 
(A)+Trimethoprim (B)]","Oral Liquid 200 mg(A)+40 
mg(B)/5ml",Demo Pharmacy 1,26.4499,80.3319,0.33,0.31,7.1,True
"Co-trimoxazole 
(Sulphamethoxazole 
(A)+Trimethoprim (B)]",Tablet 400 mg(A)+80 mg(B),Demo Pharmacy 5,26.448,80.31,0.78,0.68,12.2,True
"Co-trimoxazole 
(Sulphamethoxazole 
(A)+Trimethoprim (B)]",Tablet 400 mg(A)+80 mg(B),Demo Pharmacy 4,26.455,80.355,0.78,0.68,13.1,True
"Co-trimoxazole 
(Sulphamethoxazole 
(A)+Trimethoprim (B)]",Tablet 400 mg(A)+80 mg(B),Demo Pharmacy 3,26.47,80.34,0.78,0.73,6.3,True
"Co-trimoxazole 
(Sulphamethoxazole 
(A)+Trimethoprim (B)]",Tablet 400 mg(A)+80 mg(B),Demo Pharmacy 2,26.461,80.32,0.78,0.74,5.2,True
"Co-trimoxazole 
(Sulphamethoxazole 
(A)+Trimethoprim (B)]",Tablet 400 mg(A)+80 mg(B),Demo Pharmacy 1,26.4499,80.3319,0.78,0.75,4.2,True
"Co-trimoxazole 
(Sulphamethoxazole 
(A)+Trimethoprim (B)]","Tablet 800 mg(A)+160 
mg(B)",Demo Pharmacy 4,26.455,80.355,2.02,1.42,29.9,True
"Co-trimoxazole 
(Sulphamethoxazole 
(A)+Trimethoprim (B)]","Tablet 800 mg(A)+160 
mg(B)",Demo Pharmacy 3,26.47,80.34,2.02,1.61,20.1,True
"Co-trimoxazole 
(Sulphamethoxazole 
(A)+Trimethoprim (B)]","Tablet 800 mg(A)+160 
mg(B)",Demo Pharmacy 2,26.461,80.32,2.02,1.94,4.0,True
"Co-trimoxazole 
(Sulphamethoxazole 
(A)+Trimethoprim (B)]","Tablet 800 mg(A)+160 
mg(B)",Demo Pharmacy 1,26.4499,80.3319,2.02,1.98,2.2,True
"Co-trimoxazole 
(Sulphamethoxazole 
(A)+Trimethoprim (B)]","Tablet 800 mg(A)+160 
mg(B)",Demo Pharmacy 5,26.448,80.31,2.02,2.01,0.5,True
Cyclophosphamide,Tablet 50 mg,Demo Pharmacy 4,26.455,80.355,4.04,3.26,19.3,True
Cyclophosphamide,Tablet 50 mg,Demo Pharmacy 5,26.448,80.31,4.04,3.54,12.5,True
Cyclophosphamide,Tablet 50 mg,Demo Pharmacy 1,26.4499,80.3319,4.04,3.49,13.7,True
Cyclophosphamide,Tablet 50 mg,Demo Pharmacy 3,26.47,80.34,4.04,3.08,23.7,True
Cyclophosphamide,Tablet 50 mg,Demo Pharmacy 2,26.461,80.32,4.04,3.31,18.1,True
Cyclophosphamide,Powder for Injection 500 mg,Demo Pharmacy 5,26.448,80.31,79.58,66.4,16.6,True
Cyclophosphamide,Powder for Injection 500 mg,Demo Pharmacy 2,26.461,80.32,79.58,68.84,13.5,True
Cyclophosphamide,Powder for Injection 500 mg,Demo Pharmacy 4,26.455,80.355,79.58,71.1,10.7,True
Cyclophosphamide,Powder for Injection 500 mg,Demo Pharmacy 3,26.47,80.34,79.58,75.14,5.6,True
Cycloserine,Capsule 250 mg,Demo Pharmacy 1,26.4499,80.3319,54.13,47.46,12.3,True
Cycloserine,Capsule 250 mg,Demo Pharmacy 4,26.455,80.355,54.13,45.26,16.4,True
Cycloserine,Capsule 250 mg,Demo Pharmacy 3,26.47,80.34,54.13,48.17,11.0,True
Cycloserine,Capsule 250 mg,Demo Pharmacy 5,26.448,80.31,54.13,38.24,29.3,True
Cycloserine,Capsule 250 mg,Demo Pharmacy 2,26.461,80.32,54.13,44.9,17.0,True
Cycloserine,Tablet 250 mg,Demo Pharmacy 3,26.47,80.34,46.54,44.56,4.3,True
Cycloserine,Tablet 250 mg,Demo Pharmacy 1,26.4499,80.3319,46.54,36.33,21.9,True
Cycloserine,Tablet 250 mg,Demo Pharmacy 5,26.448,80.31,46.54,32.81,29.5,True
Cycloserine,Tablet 250 mg,Demo Pharmacy 2,26.461,80.32,46.54,32.81,29.5,True
Cycloserine,Tablet 250 mg,Demo Pharmacy 4,26.455,80.355,46.54,35.67,23.4,True
Cyclosporine,Capsule 100 mg,Demo Pharmacy 5,26.448,80.31,102.2,94.68,7.4,True
Cyclosporine,Capsule 100 mg,Demo Pharmacy 1,26.4499,80.3319,102.2,82.86,18.9,True
Cyclosporine,Capsule 100 mg,Demo Pharmacy 3,26.47,80.34,102.2,81.85,19.9,True
Cyclosporine,Capsule 100 mg,Demo Pharmacy 4,26.455,80.355,102.2,81.7,20.1,True
Cyclosporine,Capsule 25 mg,Demo Pharmacy 5,26.448,80.31,27.43,23.03,16.1,True
Cyclosporine,Capsule 25 mg,Demo Pharmacy 3,26.47,80.34,27.43,27.34,0.3,True
Cyclosporine,Capsule 25 mg,Demo Pharmacy 4,26.455,80.355,27.43,23.69,13.6,True
Cyclosporine,Capsule 25 mg,Demo Pharmacy 1,26.4499,80.3319,27.43,19.97,27.2,True
Cyclosporine,Capsule 25 mg,Demo Pharmacy 2,26.461,80.32,27.43,22.71,17.2,True
Cyclosporine,Capsule 50 mg,Demo Pharmacy 4,26.455,80.355,52.49,49.85,5.0,True
Cyclosporine,Capsule 50 mg,Demo Pharmacy 3,26.47,80.34,52.49,41.55,20.9,True
Cyclosporine,Capsule 50 mg,Demo Pharmacy 2,26.461,80.32,52.49,43.08,17.9,True
Cyclosporine,Capsule 50 mg,Demo Pharmacy 5,26.448,80.31,52.49,47.7,9.1,True
Cyclosporine,Injection 50 mg/ml,Demo Pharmacy 3,26.47,80.34,268.93,222.71,17.2,True
Cyclosporine,Injection 50 mg/ml,Demo Pharmacy 1,26.4499,80.3319,268.93,215.98,19.7,True
Cyclosporine,Injection 50 mg/ml,Demo Pharmacy 5,26.448,80.31,268.93,245.39,8.8,True
Cyclosporine,Injection 50 mg/ml,Demo Pharmacy 2,26.461,80.32,268.93,209.44,22.1,True
Cyclosporine,Injection 50 mg/ml,Demo Pharmacy 4,26.455,80.355,268.93,266.73,0.8,True
Cyclosporine,Oral Liquid 100 mg/ml,Demo Pharmacy 1,26.4499,80.3319,94.24,70.17,25.5,True
Cyclosporine,Oral Liquid 100 mg/ml,Demo Pharmacy 2,26.461,80.32,94.24,86.38,8.3,True
Cyclosporine,Oral Liquid 100 mg/ml,Demo Pharmacy 3,26.47,80.34,94.24,90.49,4.0,True
Cyclosporine,Oral Liquid 100 mg/ml,Demo Pharmacy 5,26.448,80.31,94.24,86.3,8.4,True
Cytosine arabinoside,Injection 100 mg/ml,Demo Pharmacy 1,26.4499,80.3319,198.09,144.0,27.3,True
Cytosine arabinoside,Injection 100 mg/ml,Demo Pharmacy 5,26.448,80.31,198.09,154.18,22.2,True
Cytosine arabinoside,Injection 100 mg/ml,Demo Pharmacy 3,26.47,80.34,198.09,158.92,19.8,True
Cytosine arabinoside,Injection 100 mg/ml,Demo Pharmacy 4,26.455,80.355,198.09,176.12,11.1,True
Cytosine arabinoside,"Powder for Injection 1000 
mg",Demo Pharmacy 3,26.47,80.34,1068.41,1010.46,5.4,True
Cytosine arabinoside,"Powder for Injection 1000 
mg",Demo Pharmacy 2,26.461,80.32,1068.41,899.37,15.8,True
Cytosine arabinoside,"Powder for Injection 1000 
mg",Demo Pharmacy 4,26.455,80.355,1068.41,1057.8,1.0,True
Cytosine arabinoside,Powder for Injection 500 mg,Demo Pharmacy 2,26.461,80.32,510.65,395.33,22.6,True
Cytosine arabinoside,Powder for Injection 500 mg,Demo Pharmacy 5,26.448,80.31,510.65,447.39,12.4,True
Cytosine arabinoside,Powder for Injection 500 mg,Demo Pharmacy 4,26.455,80.355,510.65,451.95,11.5,True
Dacarbazine,Powder for Injection 200 mg,Demo Pharmacy 4,26.455,80.355,438.03,353.63,19.3,True
Dacarbazine,Powder for Injection 200 mg,Demo Pharmacy 2,26.461,80.32,438.03,338.75,22.7,True
Dacarbazine,Powder for Injection 200 mg,Demo Pharmacy 1,26.4499,80.3319,438.03,422.79,3.5,True
Dacarbazine,Powder for Injection 200 mg,Demo Pharmacy 5,26.448,80.31,438.03,416.01,5.0,True
Dacarbazine,Powder for Injection 200 mg,Demo Pharmacy 3,26.47,80.34,438.03,385.63,12.0,True
Dacarbazine,Powder for Injection 500 mg,Demo Pharmacy 4,26.455,80.355,988.15,847.46,14.2,True
Dacarbazine,Powder for Injection 500 mg,Demo Pharmacy 2,26.461,80.32,988.15,945.12,4.4,True
Dacarbazine,Powder for Injection 500 mg,Demo Pharmacy 5,26.448,80.31,988.15,730.16,26.1,True
Dacarbazine,Powder for Injection 500 mg,Demo Pharmacy 3,26.47,80.34,988.15,984.63,0.4,True
Dapsone,Tablet 100 mg,Demo Pharmacy 4,26.455,80.355,0.36,0.35,2.9,True
Dapsone,Tablet 100 mg,Demo Pharmacy 3,26.47,80.34,0.36,0.3,15.9,True
Dapsone,Tablet 100 mg,Demo Pharmacy 5,26.448,80.31,0.36,0.32,10.6,True
Dapsone,Tablet 100 mg,Demo Pharmacy 1,26.4499,80.3319,0.36,0.27,25.3,True
Darunavir,Tablet 600 mg,Demo Pharmacy 3,26.47,80.34,166.43,153.68,7.7,True
Darunavir,Tablet 600 mg,Demo Pharmacy 5,26.448,80.31,166.43,137.26,17.5,True
Darunavir,Tablet 600 mg,Demo Pharmacy 2,26.461,80.32,166.43,143.41,13.8,True
Darunavir,Tablet 600 mg,Demo Pharmacy 4,26.455,80.355,166.43,132.71,20.3,True
Darunavir,Tablet 600 mg,Demo Pharmacy 1,26.4499,80.3319,166.43,154.36,7.3,True
Daunorubicin,"Powder for I.V. Injection 20 
mg  (5 mg/ml)",Demo Pharmacy 5,26.448,80.31,242.47,219.68,9.4,True
Daunorubicin,"Powder for I.V. Injection 20 
mg  (5 mg/ml)",Demo Pharmacy 2,26.461,80.32,242.47,241.7,0.3,True
Daunorubicin,"Powder for I.V. Injection 20 
mg  (5 mg/ml)",Demo Pharmacy 3,26.47,80.34,242.47,241.85,0.3,True
Daunorubicin,"Powder for I.V. Injection 20 
mg  (5 mg/ml)",Demo Pharmacy 4,26.455,80.355,242.47,237.53,2.0,True
Daunorubicin,"Powder for I.V. Injection 20 
mg  (5 mg/ml)",Demo Pharmacy 1,26.4499,80.3319,242.47,212.56,12.3,True
Desferrioxamine,Powder for Injection 500mg,Demo Pharmacy 1,26.4499,80.3319,160.34,148.22,7.6,True
Desferrioxamine,Powder for Injection 500mg,Demo Pharmacy 4,26.455,80.355,160.34,158.7,1.0,True
Desferrioxamine,Powder for Injection 500mg,Demo Pharmacy 2,26.461,80.32,160.34,130.55,18.6,True
Desferrioxamine,Powder for Injection 500mg,Demo Pharmacy 5,26.448,80.31,160.34,157.6,1.7,True
Desferrioxamine,Powder for Injection 500mg,Demo Pharmacy 3,26.47,80.34,160.34,131.76,17.8,True
Dexamethasone,Tablet 0.5 mg,Demo Pharmacy 5,26.448,80.31,0.19,0.14,28.7,True
Dexamethasone,Tablet 0.5 mg,Demo Pharmacy 1,26.4499,80.3319,0.19,0.19,2.6,True
Dexamethasone,Tablet 0.5 mg,Demo Pharmacy 3,26.47,80.34,0.19,0.16,18.1,True
Dexamethasone,Injection 4 mg/ml,Demo Pharmacy 5,26.448,80.31,13.73,12.69,7.6,True
Dexamethasone,Injection 4 mg/ml,Demo Pharmacy 2,26.461,80.32,13.73,11.81,14.0,True
Dexamethasone,Injection 4 mg/ml,Demo Pharmacy 1,26.4499,80.3319,13.73,9.87,28.1,True
Dexamethasone,Injection 4 mg/ml,Demo Pharmacy 3,26.47,80.34,13.73,11.1,19.2,True
Dextran-40,Injection 10%,Demo Pharmacy 4,26.455,80.355,0.85,0.65,23.4,True
Dextran-40,Injection 10%,Demo Pharmacy 3,26.47,80.34,0.85,0.78,8.3,True
Dextran-40,Injection 10%,Demo Pharmacy 2,26.461,80.32,0.85,0.83,1.9,True
Dextran-40,Injection 10%,Demo Pharmacy 1,26.4499,80.3319,0.85,0.75,11.7,True
Diazepam,Injection 5 mg/ml,Demo Pharmacy 3,26.47,80.34,6.04,5.24,13.2,True
Diazepam,Injection 5 mg/ml,Demo Pharmacy 5,26.448,80.31,6.04,5.15,14.8,True
Diazepam,Injection 5 mg/ml,Demo Pharmacy 1,26.4499,80.3319,6.04,4.36,27.9,True
Diazepam,Oral Liquid 2 mg/5ml,Demo Pharmacy 4,26.455,80.355,2.73,2.61,4.3,True
Diazepam,Oral Liquid 2 mg/5ml,Demo Pharmacy 2,26.461,80.32,2.73,2.1,23.1,True
Diazepam,Oral Liquid 2 mg/5ml,Demo Pharmacy 3,26.47,80.34,2.73,2.55,6.6,True
Diazepam,Oral Liquid 2 mg/5ml,Demo Pharmacy 5,26.448,80.31,2.73,2.2,19.3,True
Diazepam,Oral Liquid 2 mg/5ml,Demo Pharmacy 1,26.4499,80.3319,2.73,1.98,27.4,True
Diazepam,Suppository 5 mg,Demo Pharmacy 3,26.47,80.34,5.96,4.94,17.1,True
Diazepam,Suppository 5 mg,Demo Pharmacy 1,26.4499,80.3319,5.96,5.51,7.5,True
Diazepam,Suppository 5 mg,Demo Pharmacy 4,26.455,80.355,5.96,5.16,13.4,True
Diazepam,Suppository 5 mg,Demo Pharmacy 5,26.448,80.31,5.96,4.36,26.9,True
Diazepam,Suppository 5 mg,Demo Pharmacy 2,26.461,80.32,5.96,5.69,4.5,True
Diazepam,Tablet 2 mg,Demo Pharmacy 1,26.4499,80.3319,1.5,1.43,4.5,True
Diazepam,Tablet 2 mg,Demo Pharmacy 5,26.448,80.31,1.5,1.35,9.9,True
Diazepam,Tablet 2 mg,Demo Pharmacy 3,26.47,80.34,1.5,1.32,11.7,True
Diazepam,Tablet 2 mg,Demo Pharmacy 2,26.461,80.32,1.5,1.5,0.1,True
Diazepam,Tablet 2 mg,Demo Pharmacy 4,26.455,80.355,1.5,1.18,21.2,True
Diazepam,Tablet 5 mg,Demo Pharmacy 4,26.455,80.355,1.42,1.19,16.2,True
Diazepam,Tablet 5 mg,Demo Pharmacy 5,26.448,80.31,1.42,1.42,0.1,True
Diazepam,Tablet 5 mg,Demo Pharmacy 2,26.461,80.32,1.42,1.01,28.6,True
Diazepam,Tablet 5 mg,Demo Pharmacy 1,26.4499,80.3319,1.42,1.07,24.5,True
Diclofenac,Capsule 50 mg,Demo Pharmacy 1,26.4499,80.3319,0.61,0.54,12.0,True
Diclofenac,Capsule 50 mg,Demo Pharmacy 3,26.47,80.34,0.61,0.49,19.0,True
Diclofenac,Capsule 50 mg,Demo Pharmacy 2,26.461,80.32,0.61,0.43,28.8,True
Diclofenac,Capsule 50 mg,Demo Pharmacy 4,26.455,80.355,0.61,0.59,2.7,True
Diclofenac,Injection 25 mg/ml,Demo Pharmacy 3,26.47,80.34,1.46,1.38,5.3,True
Diclofenac,Injection 25 mg/ml,Demo Pharmacy 1,26.4499,80.3319,1.46,1.44,1.2,True
Diclofenac,Injection 25 mg/ml,Demo Pharmacy 2,26.461,80.32,1.46,1.29,11.5,True
Diclofenac,Injection 25 mg/ml,Demo Pharmacy 5,26.448,80.31,1.46,1.38,5.7,True
Diclofenac,Injection 25 mg/ml,Demo Pharmacy 4,26.455,80.355,1.46,1.16,20.9,True
Diclofenac,Tablet 50 mg,Demo Pharmacy 3,26.47,80.34,1.91,1.4,26.6,True
Diclofenac,Tablet 50 mg,Demo Pharmacy 4,26.455,80.355,1.91,1.66,13.1,True
Diclofenac,Tablet 50 mg,Demo Pharmacy 1,26.4499,80.3319,1.91,1.8,5.7,True
Dicyclomine,"Injection 10 mg/ml (10ml & 
30ml Pack)",Demo Pharmacy 2,26.461,80.32,2.05,1.44,29.9,True
Dicyclomine,"Injection 10 mg/ml (10ml & 
30ml Pack)",Demo Pharmacy 1,26.4499,80.3319,2.05,1.9,7.2,True
Dicyclomine,"Injection 10 mg/ml (10ml & 
30ml Pack)",Demo Pharmacy 3,26.47,80.34,2.05,1.81,11.7,True
Dicyclomine,"Injection 10 mg/ml (1ml & 
2ml Pack)",Demo Pharmacy 3,26.47,80.34,3.18,3.14,1.1,True
Dicyclomine,"Injection 10 mg/ml (1ml & 
2ml Pack)",Demo Pharmacy 4,26.455,80.355,3.18,3.13,1.7,True
Dicyclomine,"Injection 10 mg/ml (1ml & 
2ml Pack)",Demo Pharmacy 5,26.448,80.31,3.18,2.43,23.6,True
Dicyclomine,"Injection 10 mg/ml (1ml & 
2ml Pack)",Demo Pharmacy 2,26.461,80.32,3.18,3.14,1.3,True
Dicyclomine,"Injection 10 mg/ml (1ml & 
2ml Pack)",Demo Pharmacy 1,26.4499,80.3319,3.18,3.07,3.5,True
Dicyclomine,Oral Solution 10mg/5ml,Demo Pharmacy 5,26.448,80.31,0.16,0.12,27.7,True
Dicyclomine,Oral Solution 10mg/5ml,Demo Pharmacy 4,26.455,80.355,0.16,0.16,1.1,True
Dicyclomine,Oral Solution 10mg/5ml,Demo Pharmacy 3,26.47,80.34,0.16,0.15,4.2,True
Dicyclomine,Oral Solution 10mg/5ml,Demo Pharmacy 1,26.4499,80.3319,0.16,0.13,19.6,True
Dicyclomine,Oral Solution 10mg/5ml,Demo Pharmacy 2,26.461,80.32,0.16,0.14,14.1,True
Dicyclomine,Tablet 10mg,Demo Pharmacy 1,26.4499,80.3319,0.11,0.1,5.2,True
Dicyclomine,Tablet 10mg,Demo Pharmacy 2,26.461,80.32,0.11,0.11,1.5,True
Dicyclomine,Tablet 10mg,Demo Pharmacy 3,26.47,80.34,0.11,0.1,9.2,True
Dicyclomine,Tablet 10mg,Demo Pharmacy 5,26.448,80.31,0.11,0.08,23.8,True
Dicyclomine,Tablet 10mg,Demo Pharmacy 4,26.455,80.355,0.11,0.09,13.7,True
Diethylcarbamazine,Oral Liquid 120 mg/5ml,Demo Pharmacy 5,26.448,80.31,0.49,0.47,3.4,True
Diethylcarbamazine,Oral Liquid 120 mg/5ml,Demo Pharmacy 1,26.4499,80.3319,0.49,0.4,17.8,True
Diethylcarbamazine,Oral Liquid 120 mg/5ml,Demo Pharmacy 4,26.455,80.355,0.49,0.4,18.5,True
Diethylcarbamazine,Tablet 100 mg,Demo Pharmacy 2,26.461,80.32,1.41,1.07,24.3,True
Diethylcarbamazine,Tablet 100 mg,Demo Pharmacy 4,26.455,80.355,1.41,0.99,29.5,True
Diethylcarbamazine,Tablet 100 mg,Demo Pharmacy 5,26.448,80.31,1.41,1.12,20.4,True
Diethylcarbamazine,Tablet 50 mg,Demo Pharmacy 1,26.4499,80.3319,0.56,0.43,22.9,True
Diethylcarbamazine,Tablet 50 mg,Demo Pharmacy 2,26.461,80.32,0.56,0.46,17.8,True
Diethylcarbamazine,Tablet 50 mg,Demo Pharmacy 4,26.455,80.355,0.56,0.5,10.1,True
Diethylcarbamazine,Tablet 50 mg,Demo Pharmacy 5,26.448,80.31,0.56,0.54,3.6,True
Digoxin,Injection 0.25 mg/ml,Demo Pharmacy 4,26.455,80.355,3.32,2.95,11.1,True
Digoxin,Injection 0.25 mg/ml,Demo Pharmacy 2,26.461,80.32,3.32,3.16,5.0,True
Digoxin,Injection 0.25 mg/ml,Demo Pharmacy 3,26.47,80.34,3.32,3.08,7.3,True
Digoxin,Oral liquid 0.05 mg/ml,Demo Pharmacy 1,26.4499,80.3319,1.26,1.25,0.5,True
Digoxin,Oral liquid 0.05 mg/ml,Demo Pharmacy 2,26.461,80.32,1.26,1.08,14.6,True
Digoxin,Oral liquid 0.05 mg/ml,Demo Pharmacy 5,26.448,80.31,1.26,1.26,0.2,True
Digoxin,Oral liquid 0.05 mg/ml,Demo Pharmacy 4,26.455,80.355,1.26,1.19,5.4,True
Digoxin,Oral liquid 0.05 mg/ml,Demo Pharmacy 3,26.47,80.34,1.26,1.23,2.7,True
Digoxin,Tablet 0.25 mg,Demo Pharmacy 5,26.448,80.31,1.19,1.12,6.2,True
Digoxin,Tablet 0.25 mg,Demo Pharmacy 3,26.47,80.34,1.19,0.96,19.2,True
Digoxin,Tablet 0.25 mg,Demo Pharmacy 2,26.461,80.32,1.19,1.0,15.7,True
Digoxin,Tablet 0.25 mg,Demo Pharmacy 4,26.455,80.355,1.19,1.04,12.4,True
Digoxin,Tablet 0.25 mg,Demo Pharmacy 1,26.4499,80.3319,1.19,0.86,28.1,True
Diloxanide furoate,Tablet 500mg,Demo Pharmacy 1,26.4499,80.3319,1.05,0.85,18.8,True
Diloxanide furoate,Tablet 500mg,Demo Pharmacy 2,26.461,80.32,1.05,0.8,23.5,True
Diloxanide furoate,Tablet 500mg,Demo Pharmacy 3,26.47,80.34,1.05,0.94,10.4,True
Diloxanide furoate,Tablet 500mg,Demo Pharmacy 4,26.455,80.355,1.05,1.05,0.1,True
Diloxanide furoate,Tablet 500mg,Demo Pharmacy 5,26.448,80.31,1.05,0.98,7.1,True
Diltiazem,Capsule 90 mg,Demo Pharmacy 5,26.448,80.31,9.58,8.54,10.9,True
Diltiazem,Capsule 90 mg,Demo Pharmacy 1,26.4499,80.3319,9.58,7.39,22.8,True
Diltiazem,Capsule 90 mg,Demo Pharmacy 3,26.47,80.34,9.58,8.03,16.2,True
Diltiazem,Injection 5 mg/ml,Demo Pharmacy 4,26.455,80.355,3.15,3.1,1.6,True
Diltiazem,Injection 5 mg/ml,Demo Pharmacy 2,26.461,80.32,3.15,3.04,3.4,True
Diltiazem,Injection 5 mg/ml,Demo Pharmacy 5,26.448,80.31,3.15,3.01,4.5,True
Diltiazem,SR Tablet 90 mg,Demo Pharmacy 4,26.455,80.355,9.3,9.15,1.6,True
Diltiazem,SR Tablet 90 mg,Demo Pharmacy 2,26.461,80.32,9.3,8.28,10.9,True
Diltiazem,SR Tablet 90 mg,Demo Pharmacy 1,26.4499,80.3319,9.3,8.72,6.3,True
Diltiazem,SR Tablet 90 mg,Demo Pharmacy 3,26.47,80.34,9.3,8.6,7.5,True
Diltiazem,Tablet 30 mg,Demo Pharmacy 4,26.455,80.355,2.39,2.28,4.7,True
Diltiazem,Tablet 30 mg,Demo Pharmacy 1,26.4499,80.3319,2.39,2.37,0.9,True
Diltiazem,Tablet 30 mg,Demo Pharmacy 5,26.448,80.31,2.39,2.02,15.4,True
Diltiazem,Tablet 30 mg,Demo Pharmacy 3,26.47,80.34,2.39,2.34,2.1,True
Diltiazem,Tablet 30 mg,Demo Pharmacy 2,26.461,80.32,2.39,2.22,7.1,True
Diltiazem,Tablet 60 mg,Demo Pharmacy 5,26.448,80.31,4.87,3.78,22.4,True
Diltiazem,Tablet 60 mg,Demo Pharmacy 3,26.47,80.34,4.87,3.56,27.0,True
Diltiazem,Tablet 60 mg,Demo Pharmacy 2,26.461,80.32,4.87,4.53,6.9,True
Diltiazem,Tablet 60 mg,Demo Pharmacy 1,26.4499,80.3319,4.87,4.71,3.3,True
Dimercaprol,Injection 50 mg/ml,Demo Pharmacy 1,26.4499,80.3319,199.55,174.85,12.4,True
Dimercaprol,Injection 50 mg/ml,Demo Pharmacy 2,26.461,80.32,199.55,187.58,6.0,True
Dimercaprol,Injection 50 mg/ml,Demo Pharmacy 3,26.47,80.34,199.55,146.19,26.7,True
Dinoprostone,Gel 0.5 mg,Demo Pharmacy 4,26.455,80.355,80.83,59.24,26.7,True
Dinoprostone,Gel 0.5 mg,Demo Pharmacy 5,26.448,80.31,80.83,77.32,4.3,True
Dinoprostone,Gel 0.5 mg,Demo Pharmacy 1,26.4499,80.3319,80.83,58.33,27.8,True
Dinoprostone,Tablet 0.5mg,Demo Pharmacy 2,26.461,80.32,49.9,43.05,13.7,True
Dinoprostone,Tablet 0.5mg,Demo Pharmacy 4,26.455,80.355,49.9,46.99,5.8,True
Dinoprostone,Tablet 0.5mg,Demo Pharmacy 5,26.448,80.31,49.9,44.53,10.8,True
Dinoprostone,Tablet 0.5mg,Demo Pharmacy 1,26.4499,80.3319,49.9,45.86,8.1,True
Diphtheria antitoxin,10000 IU,Demo Pharmacy 2,26.461,80.32,1306.76,1196.76,8.4,True
Diphtheria antitoxin,10000 IU,Demo Pharmacy 1,26.4499,80.3319,1306.76,1263.2,3.3,True
Diphtheria antitoxin,10000 IU,Demo Pharmacy 3,26.47,80.34,1306.76,1124.26,14.0,True
Diphtheria antitoxin,10000 IU,Demo Pharmacy 4,26.455,80.355,1306.76,1142.8,12.5,True
Dobutamine,Injection 50 mg/ml,Demo Pharmacy 2,26.461,80.32,37.39,28.53,23.7,True
Dobutamine,Injection 50 mg/ml,Demo Pharmacy 3,26.47,80.34,37.39,30.23,19.1,True
Dobutamine,Injection 50 mg/ml,Demo Pharmacy 4,26.455,80.355,37.39,30.53,18.3,True
Dobutamine,Injection 50 mg/ml,Demo Pharmacy 1,26.4499,80.3319,37.39,35.48,5.1,True
Docetaxel,Powder for Injection 20 mg,Demo Pharmacy 2,26.461,80.32,2984.59,2454.9,17.7,True
Docetaxel,Powder for Injection 20 mg,Demo Pharmacy 1,26.4499,80.3319,2984.59,2235.17,25.1,True
Docetaxel,Powder for Injection 20 mg,Demo Pharmacy 5,26.448,80.31,2984.59,2734.63,8.4,True
Docetaxel,Powder for Injection 20 mg,Demo Pharmacy 3,26.47,80.34,2984.59,2330.95,21.9,True
Docetaxel,Powder for Injection 20 mg,Demo Pharmacy 4,26.455,80.355,2984.59,2325.43,22.1,True
Docetaxel,Powder for Injection 80 mg,Demo Pharmacy 2,26.461,80.32,11347.62,9374.95,17.4,True
Docetaxel,Powder for Injection 80 mg,Demo Pharmacy 3,26.47,80.34,11347.62,8311.6,26.8,True
Docetaxel,Powder for Injection 80 mg,Demo Pharmacy 5,26.448,80.31,11347.62,9333.06,17.8,True
Domperidone,Oral Liquid 1 mg/ml,Demo Pharmacy 5,26.448,80.31,1.07,0.76,29.4,True
Domperidone,Oral Liquid 1 mg/ml,Demo Pharmacy 1,26.4499,80.3319,1.07,1.06,1.2,True
Domperidone,Oral Liquid 1 mg/ml,Demo Pharmacy 2,26.461,80.32,1.07,0.92,14.1,True
Domperidone,Tablet 10 mg,Demo Pharmacy 1,26.4499,80.3319,2.41,1.82,24.3,True
Domperidone,Tablet 10 mg,Demo Pharmacy 4,26.455,80.355,2.41,1.91,20.9,True
Domperidone,Tablet 10 mg,Demo Pharmacy 3,26.47,80.34,2.41,2.34,2.9,True
Domperidone,Tablet 10 mg,Demo Pharmacy 2,26.461,80.32,2.41,2.05,14.9,True
Domperidone,Tablet 10 mg,Demo Pharmacy 5,26.448,80.31,2.41,2.35,2.5,True
Donepezil,Tablet 10 mg,Demo Pharmacy 4,26.455,80.355,16.0,14.28,10.8,True
Donepezil,Tablet 10 mg,Demo Pharmacy 2,26.461,80.32,16.0,14.85,7.2,True
Donepezil,Tablet 10 mg,Demo Pharmacy 1,26.4499,80.3319,16.0,11.21,30.0,True
Donepezil,Tablet 5 mg,Demo Pharmacy 4,26.455,80.355,11.21,8.84,21.1,True
Donepezil,Tablet 5 mg,Demo Pharmacy 3,26.47,80.34,11.21,8.32,25.7,True
Donepezil,Tablet 5 mg,Demo Pharmacy 1,26.4499,80.3319,11.21,8.7,22.4,True
Dopamine,Injection 40 mg/ml,Demo Pharmacy 4,26.455,80.355,5.63,4.15,26.2,True
Dopamine,Injection 40 mg/ml,Demo Pharmacy 5,26.448,80.31,5.63,4.95,12.2,True
Dopamine,Injection 40 mg/ml,Demo Pharmacy 1,26.4499,80.3319,5.63,4.3,23.7,True
Doxorubicin,Injection 2 mg/ml,Demo Pharmacy 4,26.455,80.355,35.8,31.67,11.5,True
Doxorubicin,Injection 2 mg/ml,Demo Pharmacy 1,26.4499,80.3319,35.8,28.38,20.7,True
Doxorubicin,Injection 2 mg/ml,Demo Pharmacy 3,26.47,80.34,35.8,30.1,15.9,True
Doxorubicin,Injection 2 mg/ml,Demo Pharmacy 5,26.448,80.31,35.8,32.61,8.9,True
Doxycycline,Capsule 100 mg,Demo Pharmacy 5,26.448,80.31,2.5,2.03,18.6,True
Doxycycline,Capsule 100 mg,Demo Pharmacy 2,26.461,80.32,2.5,2.25,10.1,True
Doxycycline,Capsule 100 mg,Demo Pharmacy 3,26.47,80.34,2.5,1.8,28.0,True
Doxycycline,Capsule 100 mg,Demo Pharmacy 1,26.4499,80.3319,2.5,2.11,15.4,True
Doxycycline,Tablet 100 mg,Demo Pharmacy 3,26.47,80.34,0.97,0.83,14.0,True
Doxycycline,Tablet 100 mg,Demo Pharmacy 1,26.4499,80.3319,0.97,0.96,1.2,True
Doxycycline,Tablet 100 mg,Demo Pharmacy 4,26.455,80.355,0.97,0.86,11.0,True
Doxycycline,Tablet 100 mg,Demo Pharmacy 2,26.461,80.32,0.97,0.78,19.4,True
Doxycycline,Tablet 100 mg,Demo Pharmacy 5,26.448,80.31,0.97,0.76,21.1,True
DPT + Hib + Hep B vaccine,,Demo Pharmacy 2,26.461,80.32,80.08,64.49,19.5,True
DPT + Hib + Hep B vaccine,,Demo Pharmacy 5,26.448,80.31,80.08,62.37,22.1,True
DPT + Hib + Hep B vaccine,,Demo Pharmacy 4,26.455,80.355,80.08,62.01,22.6,True
DPT + Hib + Hep B vaccine,,Demo Pharmacy 1,26.4499,80.3319,80.08,59.15,26.1,True
DPT + Hib + Hep B vaccine,,Demo Pharmacy 3,26.47,80.34,80.08,63.19,21.1,True
DPT vaccine,,Demo Pharmacy 2,26.461,80.32,14.12,12.95,8.3,True
DPT vaccine,,Demo Pharmacy 3,26.47,80.34,14.12,13.85,1.9,True
DPT vaccine,,Demo Pharmacy 5,26.448,80.31,14.12,12.66,10.4,True
DPT vaccine,,Demo Pharmacy 4,26.455,80.355,14.12,12.06,14.6,True
DPT vaccine,,Demo Pharmacy 1,26.4499,80.3319,14.12,11.89,15.8,True
Efavirenz,Capsule 200 mg,Demo Pharmacy 4,26.455,80.355,24.0,19.53,18.6,True
Efavirenz,Capsule 200 mg,Demo Pharmacy 3,26.47,80.34,24.0,18.24,24.0,True
Efavirenz,Capsule 200 mg,Demo Pharmacy 2,26.461,80.32,24.0,17.19,28.4,True
Efavirenz,Capsule 600 mg,Demo Pharmacy 2,26.461,80.32,62.54,61.04,2.4,True
Efavirenz,Capsule 600 mg,Demo Pharmacy 4,26.455,80.355,62.54,45.69,26.9,True
Efavirenz,Capsule 600 mg,Demo Pharmacy 1,26.4499,80.3319,62.54,57.13,8.7,True
Efavirenz,Tablet 200 mg,Demo Pharmacy 1,26.4499,80.3319,22.61,21.85,3.4,True
Efavirenz,Tablet 200 mg,Demo Pharmacy 2,26.461,80.32,22.61,21.61,4.4,True
Efavirenz,Tablet 200 mg,Demo Pharmacy 4,26.455,80.355,22.61,21.59,4.5,True
Efavirenz,Tablet 600 mg,Demo Pharmacy 5,26.448,80.31,70.81,61.96,12.5,True
Efavirenz,Tablet 600 mg,Demo Pharmacy 1,26.4499,80.3319,70.81,56.31,20.5,True
Efavirenz,Tablet 600 mg,Demo Pharmacy 2,26.461,80.32,70.81,51.02,28.0,True
Enalapril,Tablet 2.5 mg,Demo Pharmacy 3,26.47,80.34,1.93,1.76,8.7,True
Enalapril,Tablet 2.5 mg,Demo Pharmacy 4,26.455,80.355,1.93,1.89,1.9,True
Enalapril,Tablet 2.5 mg,Demo Pharmacy 2,26.461,80.32,1.93,1.43,26.2,True
Enalapril,Tablet 2.5 mg,Demo Pharmacy 1,26.4499,80.3319,1.93,1.8,7.0,True
Enalapril,Tablet 5 mg,Demo Pharmacy 3,26.47,80.34,3.2,2.73,14.6,True
Enalapril,Tablet 5 mg,Demo Pharmacy 4,26.455,80.355,3.2,2.56,20.0,True
Enalapril,Tablet 5 mg,Demo Pharmacy 5,26.448,80.31,3.2,2.69,15.9,True
Enalapril,Tablet 5 mg,Demo Pharmacy 2,26.461,80.32,3.2,2.67,16.5,True
Enalapril,Tablet 5 mg,Demo Pharmacy 1,26.4499,80.3319,3.2,2.76,13.7,True
Enoxaparin,Injection 40 mg/0.4ml,Demo Pharmacy 2,26.461,80.32,101.35,86.63,14.5,True
Enoxaparin,Injection 40 mg/0.4ml,Demo Pharmacy 3,26.47,80.34,101.35,71.84,29.1,True
Enoxaparin,Injection 40 mg/0.4ml,Demo Pharmacy 1,26.4499,80.3319,101.35,77.95,23.1,True
Enoxaparin,Injection 40 mg/0.4ml,Demo Pharmacy 5,26.448,80.31,101.35,99.91,1.4,True
Enoxaparin,Injection 40 mg/0.4ml,Demo Pharmacy 4,26.455,80.355,101.35,90.61,10.6,True
Enoxaparin,Injection 60 mg/0.6ml,Demo Pharmacy 2,26.461,80.32,101.35,95.81,5.5,True
Enoxaparin,Injection 60 mg/0.6ml,Demo Pharmacy 5,26.448,80.31,101.35,96.02,5.3,True
Enoxaparin,Injection 60 mg/0.6ml,Demo Pharmacy 3,26.47,80.34,101.35,79.82,21.2,True
Enoxaparin,Injection 60 mg/0.6ml,Demo Pharmacy 4,26.455,80.355,101.35,73.84,27.1,True
Entecavir,Tablet 0.5 mg,Demo Pharmacy 2,26.461,80.32,79.55,78.57,1.2,True
Entecavir,Tablet 0.5 mg,Demo Pharmacy 5,26.448,80.31,79.55,71.99,9.5,True
Entecavir,Tablet 0.5 mg,Demo Pharmacy 1,26.4499,80.3319,79.55,76.53,3.8,True
Entecavir,Tablet 1 mg,Demo Pharmacy 3,26.47,80.34,126.4,101.16,20.0,True
Entecavir,Tablet 1 mg,Demo Pharmacy 2,26.461,80.32,126.4,89.31,29.3,True
Entecavir,Tablet 1 mg,Demo Pharmacy 1,26.4499,80.3319,126.4,120.79,4.4,True
Entecavir,Tablet 1 mg,Demo Pharmacy 5,26.448,80.31,126.4,109.4,13.5,True
Erythropoietin,Injection 10000 IU/ml,Demo Pharmacy 5,26.448,80.31,2593.87,1877.62,27.6,True
Erythropoietin,Injection 10000 IU/ml,Demo Pharmacy 3,26.47,80.34,2593.87,2279.06,12.1,True
Erythropoietin,Injection 10000 IU/ml,Demo Pharmacy 1,26.4499,80.3319,2593.87,2205.24,15.0,True
Erythropoietin,Injection 2000 IU/ml,Demo Pharmacy 4,26.455,80.355,614.36,613.57,0.1,True
Erythropoietin,Injection 2000 IU/ml,Demo Pharmacy 3,26.47,80.34,614.36,478.25,22.2,True
Erythropoietin,Injection 2000 IU/ml,Demo Pharmacy 1,26.4499,80.3319,614.36,434.55,29.3,True
Escitalopram,Tablet 10 mg,Demo Pharmacy 3,26.47,80.34,8.08,6.14,24.0,True
Escitalopram,Tablet 10 mg,Demo Pharmacy 4,26.455,80.355,8.08,6.31,21.9,True
Escitalopram,Tablet 10 mg,Demo Pharmacy 2,26.461,80.32,8.08,5.84,27.7,True
Escitalopram,Tablet 10 mg,Demo Pharmacy 1,26.4499,80.3319,8.08,7.26,10.2,True
Escitalopram,Tablet 20 mg,Demo Pharmacy 4,26.455,80.355,12.76,10.16,20.3,True
Escitalopram,Tablet 20 mg,Demo Pharmacy 1,26.4499,80.3319,12.76,12.31,3.5,True
Escitalopram,Tablet 20 mg,Demo Pharmacy 5,26.448,80.31,12.76,12.67,0.7,True
Escitalopram,Tablet 5 mg,Demo Pharmacy 2,26.461,80.32,4.55,4.47,1.7,True
Escitalopram,Tablet 5 mg,Demo Pharmacy 4,26.455,80.355,4.55,3.67,19.2,True
Escitalopram,Tablet 5 mg,Demo Pharmacy 5,26.448,80.31,4.55,3.75,17.5,True
Escitalopram,Tablet 5 mg,Demo Pharmacy 1,26.4499,80.3319,4.55,4.25,6.7,True
Escitalopram,Tablet 5 mg,Demo Pharmacy 3,26.47,80.34,4.55,3.27,28.1,True
Esmolol,Injection 10mg/ml,Demo Pharmacy 2,26.461,80.32,21.6,17.21,20.3,True
Esmolol,Injection 10mg/ml,Demo Pharmacy 1,26.4499,80.3319,21.6,15.39,28.7,True
Esmolol,Injection 10mg/ml,Demo Pharmacy 4,26.455,80.355,21.6,15.28,29.3,True
Esmolol,Injection 10mg/ml,Demo Pharmacy 5,26.448,80.31,21.6,19.04,11.8,True
Ethambutol,Tablet 200 mg,Demo Pharmacy 3,26.47,80.34,1.05,0.92,11.9,True
Ethambutol,Tablet 200 mg,Demo Pharmacy 1,26.4499,80.3319,1.05,0.82,21.5,True
Ethambutol,Tablet 200 mg,Demo Pharmacy 5,26.448,80.31,1.05,0.92,12.8,True
Ethambutol,Tablet 200 mg,Demo Pharmacy 2,26.461,80.32,1.05,0.93,11.6,True
Ethambutol,Tablet 400 mg,Demo Pharmacy 3,26.47,80.34,2.39,2.17,9.2,True
Ethambutol,Tablet 400 mg,Demo Pharmacy 5,26.448,80.31,2.39,2.07,13.4,True
Ethambutol,Tablet 400 mg,Demo Pharmacy 2,26.461,80.32,2.39,1.99,16.8,True
Ethambutol,Tablet 600 mg,Demo Pharmacy 4,26.455,80.355,3.53,3.22,8.7,True
Ethambutol,Tablet 600 mg,Demo Pharmacy 5,26.448,80.31,3.53,2.68,24.2,True
Ethambutol,Tablet 600 mg,Demo Pharmacy 2,26.461,80.32,3.53,2.5,29.1,True
Ethambutol,Tablet 800 mg,Demo Pharmacy 4,26.455,80.355,4.22,4.04,4.3,True
Ethambutol,Tablet 800 mg,Demo Pharmacy 2,26.461,80.32,4.22,3.84,9.1,True
Ethambutol,Tablet 800 mg,Demo Pharmacy 3,26.47,80.34,4.22,2.97,29.7,True
Ethambutol,Tablet 800 mg,Demo Pharmacy 1,26.4499,80.3319,4.22,3.55,15.8,True
Ethinylestradiol,Tablet 0.01 mg,Demo Pharmacy 1,26.4499,80.3319,2.34,2.05,12.3,True
Ethinylestradiol,Tablet 0.01 mg,Demo Pharmacy 4,26.455,80.355,2.34,1.7,27.4,True
Ethinylestradiol,Tablet 0.01 mg,Demo Pharmacy 5,26.448,80.31,2.34,2.05,12.4,True
Ethinylestradiol,Tablet 0.01 mg,Demo Pharmacy 3,26.47,80.34,2.34,1.95,16.7,True
Ethinylestradiol,Tablet 0.05 mg,Demo Pharmacy 5,26.448,80.31,3.74,3.42,8.7,True
Ethinylestradiol,Tablet 0.05 mg,Demo Pharmacy 2,26.461,80.32,3.74,3.19,14.7,True
Ethinylestradiol,Tablet 0.05 mg,Demo Pharmacy 1,26.4499,80.3319,3.74,2.82,24.7,True
Ethinylestradiol,Tablet 0.05 mg,Demo Pharmacy 3,26.47,80.34,3.74,3.4,9.1,True
Ethinylestradiol,Tablet 0.05 mg,Demo Pharmacy 4,26.455,80.355,3.74,3.08,17.6,True
"Ethinylestradiol (A) + 
Levonorgestrel (B)","Tablet 0.03 mg(A) + 0.15 
mg(B)",Demo Pharmacy 5,26.448,80.31,3.44,2.62,23.7,True
"Ethinylestradiol (A) + 
Levonorgestrel (B)","Tablet 0.03 mg(A) + 0.15 
mg(B)",Demo Pharmacy 4,26.455,80.355,3.44,3.28,4.6,True
"Ethinylestradiol (A) + 
Levonorgestrel (B)","Tablet 0.03 mg(A) + 0.15 
mg(B)",Demo Pharmacy 1,26.4499,80.3319,3.44,3.13,9.0,True
"Ethinylestradiol (A) + 
Levonorgestrel (B)","Tablet 0.03 mg(A) + 0.15 
mg(B)",Demo Pharmacy 3,26.47,80.34,3.44,2.78,19.2,True
Ethionamide,Tablet 250 mg,Demo Pharmacy 4,26.455,80.355,15.74,14.89,5.4,True
Ethionamide,Tablet 250 mg,Demo Pharmacy 1,26.4499,80.3319,15.74,11.46,27.2,True
Ethionamide,Tablet 250 mg,Demo Pharmacy 3,26.47,80.34,15.74,12.7,19.3,True
Ethionamide,Tablet 250 mg,Demo Pharmacy 2,26.461,80.32,15.74,15.61,0.9,True
Ethionamide,Tablet 250 mg,Demo Pharmacy 5,26.448,80.31,15.74,12.13,22.9,True
Ethyl Alcohol (Denatured),Solution 70%,Demo Pharmacy 1,26.4499,80.3319,0.42,0.35,17.0,True
Ethyl Alcohol (Denatured),Solution 70%,Demo Pharmacy 3,26.47,80.34,0.42,0.31,26.1,True
Ethyl Alcohol (Denatured),Solution 70%,Demo Pharmacy 4,26.455,80.355,0.42,0.34,18.8,True
Ethyl Alcohol (Denatured),Solution 70%,Demo Pharmacy 2,26.461,80.32,0.42,0.36,14.3,True
Etoposide,Capsule 50 mg,Demo Pharmacy 1,26.4499,80.3319,54.21,51.56,4.9,True
Etoposide,Capsule 50 mg,Demo Pharmacy 3,26.47,80.34,54.21,53.26,1.8,True
Etoposide,Capsule 50 mg,Demo Pharmacy 4,26.455,80.355,54.21,49.01,9.6,True
Etoposide,Capsule 50 mg,Demo Pharmacy 5,26.448,80.31,54.21,39.93,26.3,True
Etoposide,Capsule 50 mg,Demo Pharmacy 2,26.461,80.32,54.21,52.01,4.1,True
Etoposide,Injection 20 mg/ml,Demo Pharmacy 1,26.4499,80.3319,35.75,31.25,12.6,True
Etoposide,Injection 20 mg/ml,Demo Pharmacy 3,26.47,80.34,35.75,25.97,27.4,True
Etoposide,Injection 20 mg/ml,Demo Pharmacy 2,26.461,80.32,35.75,31.93,10.7,True
Fentanyl,Injection 50mcg/ml,Demo Pharmacy 3,26.47,80.34,22.64,17.43,23.0,True
Fentanyl,Injection 50mcg/ml,Demo Pharmacy 1,26.4499,80.3319,22.64,21.4,5.5,True
Fentanyl,Injection 50mcg/ml,Demo Pharmacy 5,26.448,80.31,22.64,22.0,2.8,True
Fentanyl,Injection 50mcg/ml,Demo Pharmacy 4,26.455,80.355,22.64,17.53,22.6,True
"Ferrous Salt (A) + Folic Acid 
(B)","Tablet 100mg elemental iron 
(A) + 500mcg (B)",Demo Pharmacy 3,26.47,80.34,0.23,0.18,20.6,True
"Ferrous Salt (A) + Folic Acid 
(B)","Tablet 100mg elemental iron 
(A) + 500mcg (B)",Demo Pharmacy 5,26.448,80.31,0.23,0.18,20.7,True
"Ferrous Salt (A) + Folic Acid 
(B)","Tablet 100mg elemental iron 
(A) + 500mcg (B)",Demo Pharmacy 4,26.455,80.355,0.23,0.22,2.9,True
"Ferrous Salt (A) + Folic Acid 
(B)","Tablet 100mg elemental iron 
(A) + 500mcg (B)",Demo Pharmacy 2,26.461,80.32,0.23,0.19,17.4,True
"Ferrous Salt (A) + Folic Acid 
(B)","Tablet 100mg elemental iron 
(A) + 500mcg (B)",Demo Pharmacy 1,26.4499,80.3319,0.23,0.17,24.7,True
Filgrastim,Injection 300 mcg,Demo Pharmacy 2,26.461,80.32,1368.29,1048.6,23.4,True
Filgrastim,Injection 300 mcg,Demo Pharmacy 3,26.47,80.34,1368.29,1199.17,12.4,True
Filgrastim,Injection 300 mcg,Demo Pharmacy 5,26.448,80.31,1368.29,990.27,27.6,True
Fluconazole,Capsule 100 mg,Demo Pharmacy 1,26.4499,80.3319,25.19,21.39,15.1,True
Fluconazole,Capsule 100 mg,Demo Pharmacy 2,26.461,80.32,25.19,18.91,24.9,True
Fluconazole,Capsule 100 mg,Demo Pharmacy 5,26.448,80.31,25.19,19.18,23.9,True
Fluconazole,Capsule 150 mg,Demo Pharmacy 5,26.448,80.31,18.49,17.84,3.5,True
Fluconazole,Capsule 150 mg,Demo Pharmacy 1,26.4499,80.3319,18.49,17.76,3.9,True
Fluconazole,Capsule 150 mg,Demo Pharmacy 2,26.461,80.32,18.49,18.39,0.5,True
Fluconazole,Capsule 150 mg,Demo Pharmacy 3,26.47,80.34,18.49,16.56,10.4,True
Fluconazole,Capsule 150 mg,Demo Pharmacy 4,26.455,80.355,18.49,14.66,20.7,True
Fluconazole,Capsule 200 mg,Demo Pharmacy 4,26.455,80.355,36.4,28.65,21.3,True
Fluconazole,Capsule 200 mg,Demo Pharmacy 3,26.47,80.34,36.4,36.09,0.9,True
Fluconazole,Capsule 200 mg,Demo Pharmacy 1,26.4499,80.3319,36.4,27.5,24.4,True
Fluconazole,Oral Liquid 50mg/5ml,Demo Pharmacy 2,26.461,80.32,2.61,2.43,6.8,True
Fluconazole,Oral Liquid 50mg/5ml,Demo Pharmacy 5,26.448,80.31,2.61,2.51,3.8,True
Fluconazole,Oral Liquid 50mg/5ml,Demo Pharmacy 3,26.47,80.34,2.61,2.51,3.9,True
Fluconazole,Tablet 100 mg,Demo Pharmacy 4,26.455,80.355,7.96,7.92,0.6,True
Fluconazole,Tablet 100 mg,Demo Pharmacy 1,26.4499,80.3319,7.96,6.8,14.5,True
Fluconazole,Tablet 100 mg,Demo Pharmacy 5,26.448,80.31,7.96,6.93,12.9,True
Fluconazole,Tablet 150 mg,Demo Pharmacy 1,26.4499,80.3319,11.81,9.99,15.4,True
Fluconazole,Tablet 150 mg,Demo Pharmacy 5,26.448,80.31,11.81,11.6,1.8,True
Fluconazole,Tablet 150 mg,Demo Pharmacy 3,26.47,80.34,11.81,11.39,3.6,True
Fluconazole,Tablet 200 mg,Demo Pharmacy 1,26.4499,80.3319,18.73,14.49,22.6,True
Fluconazole,Tablet 200 mg,Demo Pharmacy 5,26.448,80.31,18.73,14.33,23.5,True
Fluconazole,Tablet 200 mg,Demo Pharmacy 2,26.461,80.32,18.73,13.56,27.6,True
Fluconazole,Tablet 200 mg,Demo Pharmacy 4,26.455,80.355,18.73,17.58,6.2,True
Fluconazole,Tablet 400 mg,Demo Pharmacy 2,26.461,80.32,31.15,30.3,2.7,True
Fluconazole,Tablet 400 mg,Demo Pharmacy 3,26.47,80.34,31.15,23.25,25.4,True
Fluconazole,Tablet 400 mg,Demo Pharmacy 1,26.4499,80.3319,31.15,22.35,28.3,True
Fluconazole,Injection 200 mg/100 ml,Demo Pharmacy 3,26.47,80.34,106.11,102.96,3.0,True
Fluconazole,Injection 200 mg/100 ml,Demo Pharmacy 5,26.448,80.31,106.11,87.71,17.3,True
Fluconazole,Injection 200 mg/100 ml,Demo Pharmacy 1,26.4499,80.3319,106.11,105.66,0.4,True
Fluconazole,Injection 200 mg/100 ml,Demo Pharmacy 4,26.455,80.355,106.11,99.2,6.5,True
Fluconazole,Injection 200 mg/100 ml,Demo Pharmacy 2,26.461,80.32,106.11,100.01,5.7,True
Flunarizine,Tablet 10 mg,Demo Pharmacy 2,26.461,80.32,4.72,3.41,27.7,True
Flunarizine,Tablet 10 mg,Demo Pharmacy 1,26.4499,80.3319,4.72,3.42,27.6,True
Flunarizine,Tablet 10 mg,Demo Pharmacy 3,26.47,80.34,4.72,3.51,25.5,True
Flunarizine,Tablet 10 mg,Demo Pharmacy 4,26.455,80.355,4.72,4.05,14.2,True
Flunarizine,Tablet 5 mg,Demo Pharmacy 5,26.448,80.31,2.75,2.06,25.0,True
Flunarizine,Tablet 5 mg,Demo Pharmacy 2,26.461,80.32,2.75,1.94,29.4,True
Flunarizine,Tablet 5 mg,Demo Pharmacy 4,26.455,80.355,2.75,2.4,12.7,True
Flunarizine,Tablet 5 mg,Demo Pharmacy 1,26.4499,80.3319,2.75,2.33,15.4,True
Flunarizine,Tablet 5 mg,Demo Pharmacy 3,26.47,80.34,2.75,2.41,12.2,True
Fluoxetine,Capsule 10 mg,Demo Pharmacy 1,26.4499,80.3319,2.96,2.52,14.9,True
Fluoxetine,Capsule 10 mg,Demo Pharmacy 4,26.455,80.355,2.96,2.64,10.8,True
Fluoxetine,Capsule 10 mg,Demo Pharmacy 5,26.448,80.31,2.96,2.7,8.6,True
Fluoxetine,Capsule 10 mg,Demo Pharmacy 3,26.47,80.34,2.96,2.32,21.7,True
Fluoxetine,Capsule 20 mg,Demo Pharmacy 3,26.47,80.34,3.64,3.22,11.5,True
Fluoxetine,Capsule 20 mg,Demo Pharmacy 4,26.455,80.355,3.64,3.14,13.7,True
Fluoxetine,Capsule 20 mg,Demo Pharmacy 1,26.4499,80.3319,3.64,2.84,22.1,True
Fluoxetine,Capsule 40 mg,Demo Pharmacy 4,26.455,80.355,5.52,3.89,29.5,True
Fluoxetine,Capsule 40 mg,Demo Pharmacy 2,26.461,80.32,5.52,4.81,12.8,True
Fluoxetine,Capsule 40 mg,Demo Pharmacy 3,26.47,80.34,5.52,4.1,25.7,True
Fluoxetine,Capsule 40 mg,Demo Pharmacy 5,26.448,80.31,5.52,4.04,26.8,True
Fluoxetine,Capsule 40 mg,Demo Pharmacy 1,26.4499,80.3319,5.52,4.19,24.1,True
Fluoxetine,Capsule 60 mg,Demo Pharmacy 3,26.47,80.34,9.76,8.6,11.9,True
Fluoxetine,Capsule 60 mg,Demo Pharmacy 2,26.461,80.32,9.76,8.23,15.7,True
Fluoxetine,Capsule 60 mg,Demo Pharmacy 1,26.4499,80.3319,9.76,7.78,20.3,True
Fluoxetine,Capsule 60 mg,Demo Pharmacy 4,26.455,80.355,9.76,9.41,3.6,True
Fluoxetine,Capsule 60 mg,Demo Pharmacy 5,26.448,80.31,9.76,8.6,11.8,True
Fluoxetine,Tablet 10 mg,Demo Pharmacy 5,26.448,80.31,2.49,2.22,10.9,True
Fluoxetine,Tablet 10 mg,Demo Pharmacy 1,26.4499,80.3319,2.49,2.34,6.0,True
Fluoxetine,Tablet 10 mg,Demo Pharmacy 3,26.47,80.34,2.49,2.34,6.0,True
Fluoxetine,Tablet 10 mg,Demo Pharmacy 4,26.455,80.355,2.49,1.86,25.3,True
Fluoxetine,Tablet 10 mg,Demo Pharmacy 2,26.461,80.32,2.49,2.19,12.1,True
Fluoxetine,Tablet 20 mg,Demo Pharmacy 4,26.455,80.355,3.95,3.04,22.9,True
Fluoxetine,Tablet 20 mg,Demo Pharmacy 5,26.448,80.31,3.95,3.04,23.0,True
Fluoxetine,Tablet 20 mg,Demo Pharmacy 2,26.461,80.32,3.95,3.25,17.8,True
Fluoxetine,Tablet 40 mg,Demo Pharmacy 4,26.455,80.355,5.32,4.5,15.3,True
Fluoxetine,Tablet 40 mg,Demo Pharmacy 3,26.47,80.34,5.32,5.08,4.4,True
Fluoxetine,Tablet 40 mg,Demo Pharmacy 2,26.461,80.32,5.32,4.59,13.6,True
Fluoxetine,Tablet 40 mg,Demo Pharmacy 5,26.448,80.31,5.32,5.12,3.7,True
Fluoxetine,Tablet 40 mg,Demo Pharmacy 1,26.4499,80.3319,5.32,4.54,14.7,True
Fluoxetine,Tablet 60 mg,Demo Pharmacy 2,26.461,80.32,7.38,5.75,22.1,True
Fluoxetine,Tablet 60 mg,Demo Pharmacy 1,26.4499,80.3319,7.38,5.54,24.9,True
Fluoxetine,Tablet 60 mg,Demo Pharmacy 4,26.455,80.355,7.38,6.28,14.9,True
Fluphenazine,Depot Injection 25 mg/ml,Demo Pharmacy 2,26.461,80.32,49.88,39.72,20.4,True
Fluphenazine,Depot Injection 25 mg/ml,Demo Pharmacy 4,26.455,80.355,49.88,47.59,4.6,True
Fluphenazine,Depot Injection 25 mg/ml,Demo Pharmacy 3,26.47,80.34,49.88,40.57,18.7,True
Folic Acid,Capsule 5 mg,Demo Pharmacy 1,26.4499,80.3319,5.62,5.28,6.1,True
Folic Acid,Capsule 5 mg,Demo Pharmacy 4,26.455,80.355,5.62,4.5,19.9,True
Folic Acid,Capsule 5 mg,Demo Pharmacy 2,26.461,80.32,5.62,4.79,14.7,True
Folic Acid,Tablet 5 mg,Demo Pharmacy 5,26.448,80.31,1.39,0.99,28.6,True
Folic Acid,Tablet 5 mg,Demo Pharmacy 3,26.47,80.34,1.39,1.38,0.9,True
Folic Acid,Tablet 5 mg,Demo Pharmacy 4,26.455,80.355,1.39,1.21,12.9,True
Folic Acid,Tablet 5 mg,Demo Pharmacy 1,26.4499,80.3319,1.39,1.01,27.4,True
Furosemide,Oral liquid 10 mg/ml,Demo Pharmacy 4,26.455,80.355,2.76,2.38,13.8,True
Furosemide,Oral liquid 10 mg/ml,Demo Pharmacy 3,26.47,80.34,2.76,2.73,1.0,True
Furosemide,Oral liquid 10 mg/ml,Demo Pharmacy 2,26.461,80.32,2.76,2.3,16.7,True
Furosemide,Oral liquid 10 mg/ml,Demo Pharmacy 5,26.448,80.31,2.76,2.05,25.8,True
Furosemide,Tablet 40 mg,Demo Pharmacy 2,26.461,80.32,0.75,0.68,9.4,True
Furosemide,Tablet 40 mg,Demo Pharmacy 4,26.455,80.355,0.75,0.66,11.7,True
Furosemide,Tablet 40 mg,Demo Pharmacy 5,26.448,80.31,0.75,0.58,22.9,True
Furosemide,Tablet 40 mg,Demo Pharmacy 1,26.4499,80.3319,0.75,0.62,17.1,True
Furosemide,Injection 10mg/ml,Demo Pharmacy 5,26.448,80.31,2.48,2.1,15.2,True
Furosemide,Injection 10mg/ml,Demo Pharmacy 4,26.455,80.355,2.48,2.19,11.7,True
Furosemide,Injection 10mg/ml,Demo Pharmacy 2,26.461,80.32,2.48,2.11,14.8,True
Furosemide,Injection 10mg/ml,Demo Pharmacy 1,26.4499,80.3319,2.48,1.76,29.1,True
Fusidic acid,Cream 2%,Demo Pharmacy 3,26.47,80.34,9.1,7.49,17.7,True
Fusidic acid,Cream 2%,Demo Pharmacy 5,26.448,80.31,9.1,8.75,3.8,True
Fusidic acid,Cream 2%,Demo Pharmacy 2,26.461,80.32,9.1,8.1,11.0,True
Fusidic acid,Cream 2%,Demo Pharmacy 1,26.4499,80.3319,9.1,6.89,24.3,True
Fusidic acid,Cream 2%,Demo Pharmacy 4,26.455,80.355,9.1,7.51,17.5,True
Gadobenate,Injection 529 mg/ml,Demo Pharmacy 3,26.47,80.34,108.67,76.33,29.8,True
Gadobenate,Injection 529 mg/ml,Demo Pharmacy 4,26.455,80.355,108.67,95.24,12.4,True
Gadobenate,Injection 529 mg/ml,Demo Pharmacy 1,26.4499,80.3319,108.67,106.83,1.7,True
Gadobenate,Injection 529 mg/ml,Demo Pharmacy 2,26.461,80.32,108.67,100.71,7.3,True
Gadobenate,Injection 529 mg/ml,Demo Pharmacy 5,26.448,80.31,108.67,101.02,7.0,True
Ganciclovir,Capsule 250 mg,Demo Pharmacy 5,26.448,80.31,119.87,88.62,26.1,True
Ganciclovir,Capsule 250 mg,Demo Pharmacy 1,26.4499,80.3319,119.87,115.75,3.4,True
Ganciclovir,Capsule 250 mg,Demo Pharmacy 3,26.47,80.34,119.87,113.76,5.1,True
Ganciclovir,Capsule 250 mg,Demo Pharmacy 4,26.455,80.355,119.87,100.51,16.2,True
Ganciclovir,Powder for Injection 500 mg,Demo Pharmacy 4,26.455,80.355,1682.65,1422.8,15.4,True
Ganciclovir,Powder for Injection 500 mg,Demo Pharmacy 5,26.448,80.31,1682.65,1470.04,12.6,True
Ganciclovir,Powder for Injection 500 mg,Demo Pharmacy 3,26.47,80.34,1682.65,1672.35,0.6,True
Gefitinib,Tablet 250 mg,Demo Pharmacy 5,26.448,80.31,427.35,354.23,17.1,True
Gefitinib,Tablet 250 mg,Demo Pharmacy 1,26.4499,80.3319,427.35,386.01,9.7,True
Gefitinib,Tablet 250 mg,Demo Pharmacy 2,26.461,80.32,427.35,414.82,2.9,True
Gefitinib,Tablet 250 mg,Demo Pharmacy 3,26.47,80.34,427.35,364.74,14.7,True
Gemcitabine,Powder for Injection 1 gm,Demo Pharmacy 2,26.461,80.32,5289.73,4314.05,18.4,True
Gemcitabine,Powder for Injection 1 gm,Demo Pharmacy 3,26.47,80.34,5289.73,4713.15,10.9,True
Gemcitabine,Powder for Injection 1 gm,Demo Pharmacy 5,26.448,80.31,5289.73,4597.85,13.1,True
Gemcitabine,Powder for Injection 1 gm,Demo Pharmacy 4,26.455,80.355,5289.73,4501.11,14.9,True
Gemcitabine,Powder for Injection 1 gm,Demo Pharmacy 1,26.4499,80.3319,5289.73,3945.08,25.4,True
Gemcitabine,Powder for Injection 200mg,Demo Pharmacy 5,26.448,80.31,1168.23,1075.3,8.0,True
Gemcitabine,Powder for Injection 200mg,Demo Pharmacy 2,26.461,80.32,1168.23,1064.03,8.9,True
Gemcitabine,Powder for Injection 200mg,Demo Pharmacy 4,26.455,80.355,1168.23,967.23,17.2,True
Gentamicin,Drops 0.3%,Demo Pharmacy 5,26.448,80.31,0.91,0.68,25.3,True
Gentamicin,Drops 0.3%,Demo Pharmacy 1,26.4499,80.3319,0.91,0.88,2.8,True
Gentamicin,Drops 0.3%,Demo Pharmacy 3,26.47,80.34,0.91,0.82,10.1,True
Gentamicin,Injection 10 mg/ml,Demo Pharmacy 5,26.448,80.31,3.17,2.97,6.3,True
Gentamicin,Injection 10 mg/ml,Demo Pharmacy 4,26.455,80.355,3.17,2.41,23.9,True
Gentamicin,Injection 10 mg/ml,Demo Pharmacy 2,26.461,80.32,3.17,2.55,19.5,True
Gentamicin,Injection 40 mg/ml,Demo Pharmacy 5,26.448,80.31,17.91,16.83,6.0,True
Gentamicin,Injection 40 mg/ml,Demo Pharmacy 3,26.47,80.34,17.91,15.75,12.1,True
Gentamicin,Injection 40 mg/ml,Demo Pharmacy 2,26.461,80.32,17.91,14.55,18.7,True
Gentamicin,Injection 40 mg/ml,Demo Pharmacy 4,26.455,80.355,17.91,15.47,13.6,True
Glimepiride,Tablet 1 mg,Demo Pharmacy 2,26.461,80.32,3.58,3.35,6.4,True
Glimepiride,Tablet 1 mg,Demo Pharmacy 1,26.4499,80.3319,3.58,2.55,28.9,True
Glimepiride,Tablet 1 mg,Demo Pharmacy 3,26.47,80.34,3.58,2.78,22.3,True
Glimepiride,Tablet 1 mg,Demo Pharmacy 4,26.455,80.355,3.58,3.08,14.0,True
Glimepiride,Tablet 1 mg,Demo Pharmacy 5,26.448,80.31,3.58,2.57,28.1,True
Glimepiride,Tablet 2 mg,Demo Pharmacy 5,26.448,80.31,5.69,5.07,10.9,True
Glimepiride,Tablet 2 mg,Demo Pharmacy 4,26.455,80.355,5.69,5.44,4.4,True
Glimepiride,Tablet 2 mg,Demo Pharmacy 3,26.47,80.34,5.69,5.43,4.5,True
Glimepiride,Tablet 2 mg,Demo Pharmacy 1,26.4499,80.3319,5.69,4.52,20.6,True
Glimepiride,Tablet 2 mg,Demo Pharmacy 2,26.461,80.32,5.69,5.18,9.0,True
Glucose,Injection 25%,Demo Pharmacy 4,26.455,80.355,0.17,0.13,25.4,True
Glucose,Injection 25%,Demo Pharmacy 3,26.47,80.34,0.17,0.16,8.0,True
Glucose,Injection 25%,Demo Pharmacy 1,26.4499,80.3319,0.17,0.16,8.6,True
Glucose,Injection 25%,Demo Pharmacy 5,26.448,80.31,0.17,0.16,4.8,True
Glucose,Injection 50%,Demo Pharmacy 5,26.448,80.31,0.49,0.47,4.5,True
Glucose,Injection 50%,Demo Pharmacy 2,26.461,80.32,0.49,0.49,0.8,True
Glucose,Injection 50%,Demo Pharmacy 4,26.455,80.355,0.49,0.37,23.9,True
Glucose,Injection 50%,Demo Pharmacy 1,26.4499,80.3319,0.49,0.44,9.3,True
Glucose,Injection 50%,Demo Pharmacy 3,26.47,80.34,0.49,0.42,14.6,True
Glucose,Injection 10%,Demo Pharmacy 4,26.455,80.355,25.75,23.64,8.2,True
Glucose,Injection 10%,Demo Pharmacy 1,26.4499,80.3319,25.75,25.52,0.9,True
Glucose,Injection 10%,Demo Pharmacy 5,26.448,80.31,25.75,19.65,23.7,True
Glucose,Injection 10%,Demo Pharmacy 3,26.47,80.34,25.75,23.6,8.3,True
Glutaraldehyde,Solution 2%,Demo Pharmacy 2,26.461,80.32,0.06,0.06,1.7,True
Glutaraldehyde,Solution 2%,Demo Pharmacy 1,26.4499,80.3319,0.06,0.04,26.9,True
Glutaraldehyde,Solution 2%,Demo Pharmacy 3,26.47,80.34,0.06,0.05,9.4,True
Glutaraldehyde,Solution 2%,Demo Pharmacy 5,26.448,80.31,0.06,0.05,8.9,True
Glutaraldehyde,Solution 2%,Demo Pharmacy 4,26.455,80.355,0.06,0.06,1.9,True
Glycerin,Oral Liquid,Demo Pharmacy 3,26.47,80.34,0.15,0.14,7.1,True
Glycerin,Oral Liquid,Demo Pharmacy 1,26.4499,80.3319,0.15,0.12,17.1,True
Glycerin,Oral Liquid,Demo Pharmacy 2,26.461,80.32,0.15,0.13,15.0,True
Glycerin,Oral Liquid,Demo Pharmacy 4,26.455,80.355,0.15,0.14,3.6,True
Glyceryl Trinitrate,Injection 5 mg/ml,Demo Pharmacy 5,26.448,80.31,6.54,5.36,18.0,True
Glyceryl Trinitrate,Injection 5 mg/ml,Demo Pharmacy 3,26.47,80.34,6.54,5.02,23.2,True
Glyceryl Trinitrate,Injection 5 mg/ml,Demo Pharmacy 2,26.461,80.32,6.54,5.93,9.4,True
Glyceryl Trinitrate,Injection 5 mg/ml,Demo Pharmacy 1,26.4499,80.3319,6.54,4.91,25.0,True
Glyceryl Trinitrate,Injection 5 mg/ml,Demo Pharmacy 4,26.455,80.355,6.54,5.09,22.1,True
Glyceryl Trinitrate,Sublingual Tablet 0.5 mg,Demo Pharmacy 2,26.461,80.32,1.8,1.71,5.3,True
Glyceryl Trinitrate,Sublingual Tablet 0.5 mg,Demo Pharmacy 4,26.455,80.355,1.8,1.28,29.1,True
Glyceryl Trinitrate,Sublingual Tablet 0.5 mg,Demo Pharmacy 1,26.4499,80.3319,1.8,1.56,13.2,True
Glyceryl Trinitrate,Sublingual Tablet 0.5 mg,Demo Pharmacy 3,26.47,80.34,1.8,1.66,7.6,True
Glyceryl Trinitrate,Sublingual Tablet 0.5 mg,Demo Pharmacy 5,26.448,80.31,1.8,1.48,17.7,True
Glycopyrrolate,Injection 0.2 mg/ml,Demo Pharmacy 5,26.448,80.31,12.25,11.09,9.5,True
Glycopyrrolate,Injection 0.2 mg/ml,Demo Pharmacy 3,26.47,80.34,12.25,10.69,12.7,True
Glycopyrrolate,Injection 0.2 mg/ml,Demo Pharmacy 4,26.455,80.355,12.25,9.74,20.5,True
Glycopyrrolate,Injection 0.2 mg/ml,Demo Pharmacy 1,26.4499,80.3319,12.25,8.71,28.9,True
Griseofulvin,Tablet 125mg,Demo Pharmacy 3,26.47,80.34,0.82,0.73,11.0,True
Griseofulvin,Tablet 125mg,Demo Pharmacy 4,26.455,80.355,0.82,0.74,9.2,True
Griseofulvin,Tablet 125mg,Demo Pharmacy 5,26.448,80.31,0.82,0.66,19.4,True
Griseofulvin,Tablet 250 mg,Demo Pharmacy 1,26.4499,80.3319,1.59,1.33,16.6,True
Griseofulvin,Tablet 250 mg,Demo Pharmacy 5,26.448,80.31,1.59,1.44,9.3,True
Griseofulvin,Tablet 250 mg,Demo Pharmacy 3,26.47,80.34,1.59,1.13,28.8,True
Griseofulvin,Tablet 250 mg,Demo Pharmacy 4,26.455,80.355,1.59,1.42,10.9,True
Griseofulvin,Tablet 250 mg,Demo Pharmacy 2,26.461,80.32,1.59,1.2,24.4,True
Griseofulvin,Tablet 375 mg,Demo Pharmacy 5,26.448,80.31,4.29,3.79,11.7,True
Griseofulvin,Tablet 375 mg,Demo Pharmacy 2,26.461,80.32,4.29,3.12,27.3,True
Griseofulvin,Tablet 375 mg,Demo Pharmacy 4,26.455,80.355,4.29,3.78,11.8,True
Haemodialysis fluid,As license,Demo Pharmacy 3,26.47,80.34,0.04,0.04,6.3,True
Haemodialysis fluid,As license,Demo Pharmacy 1,26.4499,80.3319,0.04,0.03,26.7,True
Haemodialysis fluid,As license,Demo Pharmacy 4,26.455,80.355,0.04,0.03,27.5,True
Haemodialysis fluid,As license,Demo Pharmacy 2,26.461,80.32,0.04,0.03,18.9,True
Haloperidol,Injection 5 mg/ml,Demo Pharmacy 4,26.455,80.355,5.81,4.99,14.1,True
Haloperidol,Injection 5 mg/ml,Demo Pharmacy 1,26.4499,80.3319,5.81,5.09,12.4,True
Haloperidol,Injection 5 mg/ml,Demo Pharmacy 2,26.461,80.32,5.81,4.34,25.2,True
Haloperidol,Injection 5 mg/ml,Demo Pharmacy 5,26.448,80.31,5.81,4.56,21.5,True
Haloperidol,Injection 5 mg/ml,Demo Pharmacy 3,26.47,80.34,5.81,4.28,26.3,True
Haloperidol,Oral Liquid 2 mg/ 5ml,Demo Pharmacy 2,26.461,80.32,2.05,2.01,2.0,True
Haloperidol,Oral Liquid 2 mg/ 5ml,Demo Pharmacy 3,26.47,80.34,2.05,1.79,12.6,True
Haloperidol,Oral Liquid 2 mg/ 5ml,Demo Pharmacy 4,26.455,80.355,2.05,1.6,21.9,True
Haloperidol,Tablet 1.5 mg,Demo Pharmacy 3,26.47,80.34,1.65,1.33,19.2,True
Haloperidol,Tablet 1.5 mg,Demo Pharmacy 4,26.455,80.355,1.65,1.56,5.5,True
Haloperidol,Tablet 1.5 mg,Demo Pharmacy 5,26.448,80.31,1.65,1.43,13.3,True
Haloperidol,Tablet 1.5 mg,Demo Pharmacy 1,26.4499,80.3319,1.65,1.33,19.2,True
Haloperidol,Tablet 1.5 mg,Demo Pharmacy 2,26.461,80.32,1.65,1.65,0.1,True
Haloperidol,Tablet 10 mg,Demo Pharmacy 3,26.47,80.34,4.4,4.29,2.5,True
Haloperidol,Tablet 10 mg,Demo Pharmacy 5,26.448,80.31,4.4,4.19,4.7,True
Haloperidol,Tablet 10 mg,Demo Pharmacy 4,26.455,80.355,4.4,3.72,15.5,True
Haloperidol,Tablet 20 mg,Demo Pharmacy 2,26.461,80.32,4.91,3.62,26.2,True
Haloperidol,Tablet 20 mg,Demo Pharmacy 4,26.455,80.355,4.91,4.71,4.0,True
Haloperidol,Tablet 20 mg,Demo Pharmacy 5,26.448,80.31,4.91,4.65,5.2,True
Haloperidol,Tablet 20 mg,Demo Pharmacy 3,26.47,80.34,4.91,4.04,17.8,True
Haloperidol,Tablet 20 mg,Demo Pharmacy 1,26.4499,80.3319,4.91,4.43,9.8,True
Haloperidol,Tablet 5 mg,Demo Pharmacy 2,26.461,80.32,3.43,3.24,5.5,True
Haloperidol,Tablet 5 mg,Demo Pharmacy 1,26.4499,80.3319,3.43,2.53,26.3,True
Haloperidol,Tablet 5 mg,Demo Pharmacy 5,26.448,80.31,3.43,2.46,28.3,True
Haloperidol,Tablet 5 mg,Demo Pharmacy 3,26.47,80.34,3.43,2.52,26.5,True
Halothane,Inhalation,Demo Pharmacy 1,26.4499,80.3319,5.84,4.71,19.4,True
Halothane,Inhalation,Demo Pharmacy 5,26.448,80.31,5.84,4.74,18.8,True
Halothane,Inhalation,Demo Pharmacy 3,26.47,80.34,5.84,4.25,27.2,True
Hepatitis B immunoglobulin,,Demo Pharmacy 2,26.461,80.32,5492.2,5410.17,1.5,True
Hepatitis B immunoglobulin,,Demo Pharmacy 3,26.47,80.34,5492.2,4473.94,18.5,True
Hepatitis B immunoglobulin,,Demo Pharmacy 4,26.455,80.355,5492.2,4502.96,18.0,True
Hepatitis B immunoglobulin,,Demo Pharmacy 1,26.4499,80.3319,5492.2,5246.28,4.5,True
Hepatitis B vaccine,,Demo Pharmacy 2,26.461,80.32,78.08,59.96,23.2,True
Hepatitis B vaccine,,Demo Pharmacy 1,26.4499,80.3319,78.08,56.34,27.8,True
Hepatitis B vaccine,,Demo Pharmacy 4,26.455,80.355,78.08,58.7,24.8,True
Hepatitis B vaccine,,Demo Pharmacy 5,26.448,80.31,78.08,66.51,14.8,True
Homatropine,Drops 2%,Demo Pharmacy 2,26.461,80.32,6.19,5.66,8.6,True
Homatropine,Drops 2%,Demo Pharmacy 5,26.448,80.31,6.19,5.27,14.8,True
Homatropine,Drops 2%,Demo Pharmacy 4,26.455,80.355,6.19,5.95,3.9,True
Hormone releasing IUD,"Contains 52 mgof 
Levonorgestrel",Demo Pharmacy 5,26.448,80.31,3856.86,3016.02,21.8,True
Hormone releasing IUD,"Contains 52 mgof 
Levonorgestrel",Demo Pharmacy 2,26.461,80.32,3856.86,3637.76,5.7,True
Hormone releasing IUD,"Contains 52 mgof 
Levonorgestrel",Demo Pharmacy 4,26.455,80.355,3856.86,3648.16,5.4,True
"Human chorionic 
Gonadotropin",Injection 1000 IU,Demo Pharmacy 1,26.4499,80.3319,211.9,196.93,7.1,True
"Human chorionic 
Gonadotropin",Injection 1000 IU,Demo Pharmacy 3,26.47,80.34,211.9,183.23,13.5,True
"Human chorionic 
Gonadotropin",Injection 1000 IU,Demo Pharmacy 2,26.461,80.32,211.9,196.11,7.4,True
"Human chorionic 
Gonadotropin",Injection 5000 IU,Demo Pharmacy 4,26.455,80.355,416.14,307.35,26.1,True
"Human chorionic 
Gonadotropin",Injection 5000 IU,Demo Pharmacy 1,26.4499,80.3319,416.14,294.49,29.2,True
"Human chorionic 
Gonadotropin",Injection 5000 IU,Demo Pharmacy 5,26.448,80.31,416.14,366.51,11.9,True
"Human chorionic 
Gonadotropin",Injection 5000 IU,Demo Pharmacy 2,26.461,80.32,416.14,389.65,6.4,True
"Human chorionic 
Gonadotropin",Injection 5000 IU,Demo Pharmacy 3,26.47,80.34,416.14,368.26,11.5,True
"Human Normal 
Immunoglobulin",Solution for infusion 5%,Demo Pharmacy 5,26.448,80.31,153.82,128.12,16.7,True
"Human Normal 
Immunoglobulin",Solution for infusion 5%,Demo Pharmacy 3,26.47,80.34,153.82,151.42,1.6,True
"Human Normal 
Immunoglobulin",Solution for infusion 5%,Demo Pharmacy 1,26.4499,80.3319,153.82,110.86,27.9,True
"Human Normal 
Immunoglobulin",Solution for infusion 5%,Demo Pharmacy 4,26.455,80.355,153.82,132.09,14.1,True
"Human Normal 
Immunoglobulin",Solution for infusion 10%,Demo Pharmacy 5,26.448,80.31,208.26,176.74,15.1,True
"Human Normal 
Immunoglobulin",Solution for infusion 10%,Demo Pharmacy 1,26.4499,80.3319,208.26,184.46,11.4,True
"Human Normal 
Immunoglobulin",Solution for infusion 10%,Demo Pharmacy 4,26.455,80.355,208.26,147.19,29.3,True
"Human Normal 
Immunoglobulin",Solution for infusion 10%,Demo Pharmacy 2,26.461,80.32,208.26,166.32,20.1,True
Hydrochlorothiazide,Tablet 12.5 mg,Demo Pharmacy 5,26.448,80.31,0.98,0.93,5.4,True
Hydrochlorothiazide,Tablet 12.5 mg,Demo Pharmacy 1,26.4499,80.3319,0.98,0.93,5.1,True
Hydrochlorothiazide,Tablet 12.5 mg,Demo Pharmacy 3,26.47,80.34,0.98,0.84,14.8,True
Hydrochlorothiazide,Tablet 25 mg,Demo Pharmacy 4,26.455,80.355,1.68,1.32,21.3,True
Hydrochlorothiazide,Tablet 25 mg,Demo Pharmacy 2,26.461,80.32,1.68,1.46,13.0,True
Hydrochlorothiazide,Tablet 25 mg,Demo Pharmacy 1,26.4499,80.3319,1.68,1.55,7.8,True
Hydrochlorothiazide,Tablet 25 mg,Demo Pharmacy 5,26.448,80.31,1.68,1.52,9.4,True
Hydrochlorothiazide,Tablet 50 mg,Demo Pharmacy 4,26.455,80.355,0.08,0.07,10.8,True
Hydrochlorothiazide,Tablet 50 mg,Demo Pharmacy 3,26.47,80.34,0.08,0.07,12.9,True
Hydrochlorothiazide,Tablet 50 mg,Demo Pharmacy 5,26.448,80.31,0.08,0.06,27.1,True
Hydrocortisone,Tablet 10 mg,Demo Pharmacy 5,26.448,80.31,5.87,5.1,13.1,True
Hydrocortisone,Tablet 10 mg,Demo Pharmacy 3,26.47,80.34,5.87,5.58,4.9,True
Hydrocortisone,Tablet 10 mg,Demo Pharmacy 4,26.455,80.355,5.87,4.57,22.1,True
Hydrocortisone,Tablet 10 mg,Demo Pharmacy 2,26.461,80.32,5.87,5.0,14.7,True
Hydrocortisone,Tablet 5 mg,Demo Pharmacy 5,26.448,80.31,3.02,2.85,5.7,True
Hydrocortisone,Tablet 5 mg,Demo Pharmacy 4,26.455,80.355,3.02,2.97,1.6,True
Hydrocortisone,Tablet 5 mg,Demo Pharmacy 1,26.4499,80.3319,3.02,2.85,5.5,True
Hydrocortisone,Injection 100 mg,Demo Pharmacy 3,26.47,80.34,38.8,33.72,13.1,True
Hydrocortisone,Injection 100 mg,Demo Pharmacy 2,26.461,80.32,38.8,27.22,29.9,True
Hydrocortisone,Injection 100 mg,Demo Pharmacy 5,26.448,80.31,38.8,28.01,27.8,True
Hydrocortisone,Injection 100 mg,Demo Pharmacy 4,26.455,80.355,38.8,38.33,1.2,True
Hydrocortisone,Injection 200 mg,Demo Pharmacy 5,26.448,80.31,59.82,57.8,3.4,True
Hydrocortisone,Injection 200 mg,Demo Pharmacy 4,26.455,80.355,59.82,46.9,21.6,True
Hydrocortisone,Injection 200 mg,Demo Pharmacy 2,26.461,80.32,59.82,57.16,4.4,True
Hydrocortisone,Injection 200 mg,Demo Pharmacy 3,26.47,80.34,59.82,53.55,10.5,True
Hydrocortisone,Powder for Injection 100 mg,Demo Pharmacy 3,26.47,80.34,38.8,30.07,22.5,True
Hydrocortisone,Powder for Injection 100 mg,Demo Pharmacy 2,26.461,80.32,38.8,29.23,24.7,True
Hydrocortisone,Powder for Injection 100 mg,Demo Pharmacy 1,26.4499,80.3319,38.8,32.24,16.9,True
Hydrogen peroxide,Solution 6%,Demo Pharmacy 5,26.448,80.31,0.04,0.04,12.5,True
Hydrogen peroxide,Solution 6%,Demo Pharmacy 2,26.461,80.32,0.04,0.04,2.3,True
Hydrogen peroxide,Solution 6%,Demo Pharmacy 3,26.47,80.34,0.04,0.03,23.0,True
Hydrogen peroxide,Solution 6%,Demo Pharmacy 1,26.4499,80.3319,0.04,0.03,20.3,True
Hydrogen peroxide,Solution 6%,Demo Pharmacy 4,26.455,80.355,0.04,0.03,26.6,True
Hydroxychloroquine,Tablet 200 mg,Demo Pharmacy 3,26.47,80.34,5.91,5.25,11.2,True
Hydroxychloroquine,Tablet 200 mg,Demo Pharmacy 1,26.4499,80.3319,5.91,4.26,27.9,True
Hydroxychloroquine,Tablet 200 mg,Demo Pharmacy 2,26.461,80.32,5.91,5.72,3.2,True
Hydroxychloroquine,Tablet 400 mg,Demo Pharmacy 2,26.461,80.32,11.91,8.94,24.9,True
Hydroxychloroquine,Tablet 400 mg,Demo Pharmacy 1,26.4499,80.3319,11.91,9.55,19.8,True
Hydroxychloroquine,Tablet 400 mg,Demo Pharmacy 4,26.455,80.355,11.91,10.29,13.6,True
Hydroxychloroquine,Tablet 400 mg,Demo Pharmacy 5,26.448,80.31,11.91,8.5,28.7,True
"Hydroxypropyl 
methylcellulose",Injection 2%,Demo Pharmacy 1,26.4499,80.3319,37.39,26.76,28.4,True
"Hydroxypropyl 
methylcellulose",Injection 2%,Demo Pharmacy 3,26.47,80.34,37.39,26.18,30.0,True
"Hydroxypropyl 
methylcellulose",Injection 2%,Demo Pharmacy 5,26.448,80.31,37.39,27.22,27.2,True
"Hydroxypropyl 
methylcellulose",Injection 2%,Demo Pharmacy 2,26.461,80.32,37.39,28.45,23.9,True
"Hydroxypropyl 
methylcellulose",Injection 2%,Demo Pharmacy 4,26.455,80.355,37.39,35.94,3.9,True
Hydroxyurea,Capsule 500 mg,Demo Pharmacy 3,26.47,80.34,12.78,9.93,22.3,True
Hydroxyurea,Capsule 500 mg,Demo Pharmacy 5,26.448,80.31,12.78,10.68,16.4,True
Hydroxyurea,Capsule 500 mg,Demo Pharmacy 1,26.4499,80.3319,12.78,10.47,18.1,True
Hyoscine butylbromide,Injection 20 mg/ml,Demo Pharmacy 4,26.455,80.355,10.4,9.65,7.2,True
Hyoscine butylbromide,Injection 20 mg/ml,Demo Pharmacy 3,26.47,80.34,10.4,7.99,23.1,True
Hyoscine butylbromide,Injection 20 mg/ml,Demo Pharmacy 1,26.4499,80.3319,10.4,9.16,12.0,True
Hyoscine Butylbromide,Tablet 10 mg,Demo Pharmacy 2,26.461,80.32,2.96,2.27,23.4,True
Hyoscine Butylbromide,Tablet 10 mg,Demo Pharmacy 5,26.448,80.31,2.96,2.71,8.5,True
Hyoscine Butylbromide,Tablet 10 mg,Demo Pharmacy 4,26.455,80.355,2.96,2.29,22.6,True
Ibuprofen,Capsule 400 mg,Demo Pharmacy 2,26.461,80.32,1.05,0.82,22.1,True
Ibuprofen,Capsule 400 mg,Demo Pharmacy 1,26.4499,80.3319,1.05,0.76,27.7,True
Ibuprofen,Capsule 400 mg,Demo Pharmacy 5,26.448,80.31,1.05,0.77,27.1,True
Ibuprofen,Capsule 400 mg,Demo Pharmacy 3,26.47,80.34,1.05,0.86,18.1,True
Ibuprofen,Capsule 400 mg,Demo Pharmacy 4,26.455,80.355,1.05,0.94,10.8,True
Ibuprofen,Capsule 200 mg,Demo Pharmacy 3,26.47,80.34,2.67,2.31,13.4,True
Ibuprofen,Capsule 200 mg,Demo Pharmacy 2,26.461,80.32,2.67,2.36,11.6,True
Ibuprofen,Capsule 200 mg,Demo Pharmacy 4,26.455,80.355,2.67,2.45,8.1,True
Ibuprofen,Tablet 200 mg,Demo Pharmacy 4,26.455,80.355,0.39,0.34,13.0,True
Ibuprofen,Tablet 200 mg,Demo Pharmacy 1,26.4499,80.3319,0.39,0.34,12.8,True
Ibuprofen,Tablet 200 mg,Demo Pharmacy 2,26.461,80.32,0.39,0.39,1.2,True
Ibuprofen,Tablet 200 mg,Demo Pharmacy 3,26.47,80.34,0.39,0.35,10.3,True
Ibuprofen,Tablet 200 mg,Demo Pharmacy 5,26.448,80.31,0.39,0.34,13.9,True
Ibuprofen,Tablet 400 mg,Demo Pharmacy 2,26.461,80.32,0.69,0.56,18.9,True
Ibuprofen,Tablet 400 mg,Demo Pharmacy 4,26.455,80.355,0.69,0.58,15.7,True
Ibuprofen,Tablet 400 mg,Demo Pharmacy 3,26.47,80.34,0.69,0.63,8.7,True
Ibuprofen,Oral Liquid 100mg/5ml,Demo Pharmacy 1,26.4499,80.3319,0.19,0.13,29.5,True
Ibuprofen,Oral Liquid 100mg/5ml,Demo Pharmacy 4,26.455,80.355,0.19,0.15,20.5,True
Ibuprofen,Oral Liquid 100mg/5ml,Demo Pharmacy 2,26.461,80.32,0.19,0.17,9.0,True
Ibuprofen,Oral Liquid 100mg/5ml,Demo Pharmacy 5,26.448,80.31,0.19,0.18,7.5,True
Ifosfamide,Powder for Injection 1g,Demo Pharmacy 3,26.47,80.34,360.78,261.5,27.5,True
Ifosfamide,Powder for Injection 1g,Demo Pharmacy 1,26.4499,80.3319,360.78,305.21,15.4,True
Ifosfamide,Powder for Injection 1g,Demo Pharmacy 5,26.448,80.31,360.78,305.51,15.3,True
Ifosfamide,Powder for Injection 1g,Demo Pharmacy 4,26.455,80.355,360.78,316.08,12.4,True
Ifosfamide,Powder for Injection 2g,Demo Pharmacy 5,26.448,80.31,947.01,780.65,17.6,True
Ifosfamide,Powder for Injection 2g,Demo Pharmacy 3,26.47,80.34,947.01,728.64,23.1,True
Ifosfamide,Powder for Injection 2g,Demo Pharmacy 2,26.461,80.32,947.01,942.39,0.5,True
Ifosfamide,Powder for Injection 2g,Demo Pharmacy 4,26.455,80.355,947.01,736.63,22.2,True
Imatinib,Capsule 100 mg,Demo Pharmacy 2,26.461,80.32,77.4,75.47,2.5,True
Imatinib,Capsule 100 mg,Demo Pharmacy 5,26.448,80.31,77.4,57.04,26.3,True
Imatinib,Capsule 100 mg,Demo Pharmacy 4,26.455,80.355,77.4,70.49,8.9,True
Imatinib,Capsule 100 mg,Demo Pharmacy 1,26.4499,80.3319,77.4,63.77,17.6,True
Imatinib,Capsule 400 mg,Demo Pharmacy 4,26.455,80.355,254.67,238.54,6.3,True
Imatinib,Capsule 400 mg,Demo Pharmacy 3,26.47,80.34,254.67,248.69,2.3,True
Imatinib,Capsule 400 mg,Demo Pharmacy 2,26.461,80.32,254.67,179.63,29.5,True
Imatinib,Capsule 400 mg,Demo Pharmacy 1,26.4499,80.3319,254.67,234.86,7.8,True
Imatinib,Tablet 100 mg,Demo Pharmacy 1,26.4499,80.3319,79.19,69.81,11.8,True
Imatinib,Tablet 100 mg,Demo Pharmacy 4,26.455,80.355,79.19,78.87,0.4,True
Imatinib,Tablet 100 mg,Demo Pharmacy 3,26.47,80.34,79.19,63.61,19.7,True
Imatinib,Tablet 100 mg,Demo Pharmacy 5,26.448,80.31,79.19,68.26,13.8,True
Imatinib,Tablet 100 mg,Demo Pharmacy 2,26.461,80.32,79.19,69.57,12.2,True
Imatinib,Tablet 400 mg,Demo Pharmacy 5,26.448,80.31,229.24,173.9,24.1,True
Imatinib,Tablet 400 mg,Demo Pharmacy 4,26.455,80.355,229.24,223.21,2.6,True
Imatinib,Tablet 400 mg,Demo Pharmacy 2,26.461,80.32,229.24,219.95,4.1,True
Imatinib,Tablet 400 mg,Demo Pharmacy 3,26.47,80.34,229.24,216.12,5.7,True
Imatinib,Tablet 400 mg,Demo Pharmacy 1,26.4499,80.3319,229.24,173.12,24.5,True
Insulin (Soluble),Injection 40 IU/ml,Demo Pharmacy 2,26.461,80.32,15.01,12.08,19.5,True
Insulin (Soluble),Injection 40 IU/ml,Demo Pharmacy 1,26.4499,80.3319,15.01,13.05,13.1,True
Insulin (Soluble),Injection 40 IU/ml,Demo Pharmacy 4,26.455,80.355,15.01,12.19,18.8,True
Insulin (Soluble),Injection 40 IU/ml,Demo Pharmacy 5,26.448,80.31,15.01,11.45,23.7,True
Insulin (Soluble),Injection 40 IU/ml,Demo Pharmacy 3,26.47,80.34,15.01,14.15,5.7,True
"Intermediate Acting (NPH) 
Insulin",Injection 40 IU/ml,Demo Pharmacy 4,26.455,80.355,15.01,14.91,0.7,True
"Intermediate Acting (NPH) 
Insulin",Injection 40 IU/ml,Demo Pharmacy 2,26.461,80.32,15.01,14.26,5.0,True
"Intermediate Acting (NPH) 
Insulin",Injection 40 IU/ml,Demo Pharmacy 5,26.448,80.31,15.01,14.32,4.6,True
"Intermediate Acting (NPH) 
Insulin",Injection 40 IU/ml,Demo Pharmacy 3,26.47,80.34,15.01,11.85,21.1,True
Iohexol,Injection 300mgiodine/ml,Demo Pharmacy 4,26.455,80.355,16.58,15.58,6.0,True
Iohexol,Injection 300mgiodine/ml,Demo Pharmacy 1,26.4499,80.3319,16.58,13.75,17.1,True
Iohexol,Injection 300mgiodine/ml,Demo Pharmacy 2,26.461,80.32,16.58,12.43,25.0,True
Iohexol,Injection 300mgiodine/ml,Demo Pharmacy 5,26.448,80.31,16.58,16.33,1.5,True
Ipratropium,"Inhalation (MDI/DPI) 20 
mcg/dose",Demo Pharmacy 1,26.4499,80.3319,0.61,0.45,25.5,True
Ipratropium,"Inhalation (MDI/DPI) 20 
mcg/dose",Demo Pharmacy 4,26.455,80.355,0.61,0.48,22.1,True
Ipratropium,"Inhalation (MDI/DPI) 20 
mcg/dose",Demo Pharmacy 2,26.461,80.32,0.61,0.5,17.9,True
Ipratropium,"Respirator solution for use in 
Nebulizer 250 mcg/ml",Demo Pharmacy 3,26.47,80.34,2.53,2.14,15.4,True
Ipratropium,"Respirator solution for use in 
Nebulizer 250 mcg/ml",Demo Pharmacy 1,26.4499,80.3319,2.53,1.98,21.7,True
Ipratropium,"Respirator solution for use in 
Nebulizer 250 mcg/ml",Demo Pharmacy 2,26.461,80.32,2.53,1.82,28.1,True
Ipratropium,"Respirator solution for use in 
Nebulizer 250 mcg/ml",Demo Pharmacy 5,26.448,80.31,2.53,1.84,27.2,True
Ipratropium,"Respirator solution for use in 
Nebulizer 250 mcg/ml",Demo Pharmacy 4,26.455,80.355,2.53,1.87,26.0,True
